date,symbol,expiry,open,high,low,close,prev_close,volume,oi
2021-09-01,CRUDEOIL,2021-09-20,5048.0,5062.0,4911.0,4993.0,5026.0,66127,4740
2021-09-01,CRUDEOIL,2021-10-19,5050.0,5062.0,4917.0,4992.0,5027.0,1397,401
2021-09-01,CRUDEOIL,2021-11-18,4930.0,4970.0,4930.0,4950.0,5028.0,2,2
2021-09-01,CRUDEOIL,2021-12-17,0.0,0.0,0.0,4989.0,5029.0,0,0
2021-09-01,CRUDEOIL,2022-01-19,0.0,0.0,0.0,4988.0,5030.0,0,0
2021-09-01,CRUDEOIL,2022-02-18,0.0,0.0,0.0,4987.0,5031.0,0,0
2021-09-02,CRUDEOIL,2021-09-20,4985.0,5159.0,4983.0,5136.0,4993.0,47837,5863
2021-09-02,CRUDEOIL,2021-10-19,4988.0,5156.0,4985.0,5136.0,4992.0,1083,480
2021-09-02,CRUDEOIL,2021-11-18,0.0,0.0,0.0,5136.0,4950.0,0,2
2021-09-02,CRUDEOIL,2021-12-17,0.0,0.0,0.0,5136.0,4989.0,0,0
2021-09-02,CRUDEOIL,2022-01-19,0.0,0.0,0.0,5136.0,4988.0,0,0
2021-09-02,CRUDEOIL,2022-02-18,0.0,0.0,0.0,5136.0,4987.0,0,0
2021-09-03,CRUDEOIL,2021-09-20,5117.0,5151.0,5054.0,5062.0,5136.0,43267,4033
2021-09-03,CRUDEOIL,2021-10-19,5116.0,5147.0,5057.0,5066.0,5136.0,627,468
2021-09-03,CRUDEOIL,2021-11-18,0.0,0.0,0.0,5070.0,5136.0,0,2
2021-09-03,CRUDEOIL,2021-12-17,0.0,0.0,0.0,5074.0,5136.0,0,0
2021-09-03,CRUDEOIL,2022-01-19,0.0,0.0,0.0,5078.0,5136.0,0,0
2021-09-03,CRUDEOIL,2022-02-18,0.0,0.0,0.0,5082.0,5136.0,0,0
2021-09-06,CRUDEOIL,2021-09-20,5014.0,5084.0,4990.0,5034.0,5062.0,30617,3770
2021-09-06,CRUDEOIL,2021-10-19,5020.0,5080.0,4996.0,5037.0,5066.0,813,561
2021-09-06,CRUDEOIL,2021-11-18,5010.0,5055.0,4965.0,5013.0,5070.0,4,2
2021-09-06,CRUDEOIL,2021-12-17,0.0,0.0,0.0,5043.0,5074.0,0,0
2021-09-06,CRUDEOIL,2022-01-19,0.0,0.0,0.0,5046.0,5078.0,0,0
2021-09-06,CRUDEOIL,2022-02-18,0.0,0.0,0.0,5049.0,5082.0,0,0
2021-09-07,CRUDEOIL,2021-09-20,5054.0,5092.0,4975.0,5013.0,5034.0,59469,4745
2021-09-07,CRUDEOIL,2021-10-19,5054.0,5090.0,4982.0,5017.0,5037.0,1158,604
2021-09-07,CRUDEOIL,2021-11-18,5016.0,5016.0,5010.0,5013.0,5013.0,2,1
2021-09-07,CRUDEOIL,2021-12-17,0.0,0.0,0.0,5025.0,5043.0,0,0
2021-09-07,CRUDEOIL,2022-01-19,0.0,0.0,0.0,5029.0,5046.0,0,0
2021-09-07,CRUDEOIL,2022-02-18,0.0,0.0,0.0,5033.0,5049.0,0,0
2021-09-08,CRUDEOIL,2021-09-20,5023.0,5137.0,5023.0,5095.0,5013.0,51895,5310
2021-09-08,CRUDEOIL,2021-10-19,5025.0,5132.0,5025.0,5099.0,5017.0,1610,519
2021-09-08,CRUDEOIL,2021-11-18,0.0,0.0,0.0,5103.0,5013.0,0,1
2021-09-08,CRUDEOIL,2021-12-17,0.0,0.0,0.0,5107.0,5025.0,0,0
2021-09-08,CRUDEOIL,2022-01-19,0.0,0.0,0.0,5111.0,5029.0,0,0
2021-09-08,CRUDEOIL,2022-02-18,0.0,0.0,0.0,5115.0,5033.0,0,0
2021-09-09,CRUDEOIL,2021-09-20,5117.0,5150.0,4976.0,4996.0,5095.0,92381,4545
2021-09-09,CRUDEOIL,2021-10-19,5118.0,5139.0,4980.0,5001.0,5099.0,2789,709
2021-09-09,CRUDEOIL,2021-11-18,5050.0,5050.0,5050.0,5050.0,5103.0,1,0
2021-09-09,CRUDEOIL,2021-12-17,0.0,0.0,0.0,5011.0,5107.0,0,0
2021-09-09,CRUDEOIL,2022-01-19,0.0,0.0,0.0,5016.0,5111.0,0,0
2021-09-09,CRUDEOIL,2022-02-18,0.0,0.0,0.0,5022.0,5115.0,0,0
2021-09-10,CRUDEOIL,2021-09-20,5096.0,5138.0,5087.0,5127.0,4996.0,29349,5396
2021-09-10,CRUDEOIL,2021-10-19,5050.0,5137.0,5050.0,5124.0,5001.0,1083,557
2021-09-10,CRUDEOIL,2021-11-18,0.0,0.0,0.0,5120.0,5050.0,0,0
2021-09-10,CRUDEOIL,2021-12-17,0.0,0.0,0.0,5117.0,5011.0,0,0
2021-09-10,CRUDEOIL,2022-01-19,0.0,0.0,0.0,5114.0,5016.0,0,0
2021-09-10,CRUDEOIL,2022-02-18,0.0,0.0,0.0,5111.0,5022.0,0,0
2021-09-13,CRUDEOIL,2021-09-20,5140.0,5224.0,5140.0,5181.0,5127.0,54194,4684
2021-09-13,CRUDEOIL,2021-10-19,5145.0,5220.0,5141.0,5179.0,5124.0,2021,811
2021-09-13,CRUDEOIL,2021-11-18,5208.0,5208.0,5182.0,5195.0,5120.0,2,2
2021-09-13,CRUDEOIL,2021-12-17,0.0,0.0,0.0,5174.0,5117.0,0,0
2021-09-13,CRUDEOIL,2022-01-19,0.0,0.0,0.0,5172.0,5114.0,0,0
2021-09-13,CRUDEOIL,2022-02-18,0.0,0.0,0.0,5170.0,5111.0,0,0
2021-09-14,CRUDEOIL,2021-09-20,5210.0,5242.0,5151.0,5178.0,5181.0,41283,3109
2021-09-14,CRUDEOIL,2021-10-19,5209.0,5238.0,5155.0,5175.0,5179.0,5632,1195
2021-09-14,CRUDEOIL,2021-11-18,5215.0,5247.0,5195.0,5222.0,5195.0,26,8
2021-09-14,CRUDEOIL,2021-12-17,0.0,0.0,0.0,5168.0,5174.0,0,0
2021-09-14,CRUDEOIL,2022-01-19,0.0,0.0,0.0,5165.0,5172.0,0,0
2021-09-14,CRUDEOIL,2022-02-18,0.0,0.0,0.0,5162.0,5170.0,0,0
2021-09-15,CRUDEOIL,2021-09-20,5220.0,5376.0,5220.0,5335.0,5178.0,39999,3964
2021-09-15,CRUDEOIL,2021-10-19,5220.0,5367.0,5217.0,5327.0,5175.0,9319,2730
2021-09-15,CRUDEOIL,2021-11-18,5255.0,5358.0,5236.0,5331.0,5222.0,43,10
2021-09-15,CRUDEOIL,2021-12-17,0.0,0.0,0.0,5310.0,5168.0,0,0
2021-09-15,CRUDEOIL,2022-01-19,0.0,0.0,0.0,5301.0,5165.0,0,0
2021-09-15,CRUDEOIL,2022-02-18,0.0,0.0,0.0,5293.0,5162.0,0,0
2021-09-16,CRUDEOIL,2021-09-20,5354.0,5360.0,5267.0,5351.0,5335.0,28966,3207
2021-09-16,CRUDEOIL,2021-10-19,5343.0,5352.0,5262.0,5345.0,5327.0,11171,2743
2021-09-16,CRUDEOIL,2021-11-18,5344.0,5350.0,5242.0,5324.0,5331.0,141,29
2021-09-16,CRUDEOIL,2021-12-17,0.0,0.0,0.0,5332.0,5310.0,0,0
2021-09-16,CRUDEOIL,2022-01-19,0.0,0.0,0.0,5325.0,5301.0,0,0
2021-09-16,CRUDEOIL,2022-02-18,0.0,0.0,0.0,5319.0,5293.0,0,0
2021-09-17,CRUDEOIL,2021-09-20,5336.0,5336.0,5240.0,5281.0,5351.0,17791,1432
2021-09-17,CRUDEOIL,2021-10-19,5341.0,5341.0,5242.0,5286.0,5345.0,16163,2647
2021-09-17,CRUDEOIL,2021-11-18,5324.0,5324.0,5248.0,5281.0,5324.0,29,33
2021-09-17,CRUDEOIL,2021-12-17,0.0,0.0,0.0,5296.0,5332.0,0,0
2021-09-17,CRUDEOIL,2022-01-19,0.0,0.0,0.0,5301.0,5325.0,0,0
2021-09-17,CRUDEOIL,2022-02-18,0.0,0.0,0.0,5307.0,5319.0,0,0
2021-09-20,CRUDEOIL,2021-09-20,5272.0,5293.0,5152.0,5177.0,5281.0,8677,108
2021-09-20,CRUDEOIL,2021-10-19,5285.0,5285.0,5161.0,5210.0,5286.0,38934,3346
2021-09-20,CRUDEOIL,2021-11-18,5248.0,5265.0,5153.0,5200.0,5281.0,264,70
2021-09-20,CRUDEOIL,2021-12-17,0.0,0.0,0.0,5190.0,5296.0,0,0
2021-09-20,CRUDEOIL,2022-01-19,0.0,0.0,0.0,5179.0,5301.0,0,0
2021-09-20,CRUDEOIL,2022-02-18,0.0,0.0,0.0,5169.0,5307.0,0,0
2021-09-21,CRUDEOIL,2021-10-19,5220.0,5276.0,5134.0,5208.0,5210.0,38221,4159
2021-09-21,CRUDEOIL,2021-11-18,5216.0,5264.0,5126.0,5199.0,5200.0,268,76
2021-09-21,CRUDEOIL,2021-12-17,0.0,0.0,0.0,5190.0,5190.0,0,0
2021-09-21,CRUDEOIL,2022-01-19,0.0,0.0,0.0,5180.0,5179.0,0,0
2021-09-21,CRUDEOIL,2022-02-18,0.0,0.0,0.0,5171.0,5169.0,0,0
2021-09-21,CRUDEOIL,2022-03-21,0.0,0.0,0.0,5162.0,5108.0,0,0
2021-09-22,CRUDEOIL,2021-10-19,5221.0,5343.0,5221.0,5324.0,5208.0,46057,5147
2021-09-22,CRUDEOIL,2021-11-18,5251.0,5331.0,5251.0,5312.0,5199.0,530,135
2021-09-22,CRUDEOIL,2021-12-17,0.0,0.0,0.0,5300.0,5190.0,0,0
2021-09-22,CRUDEOIL,2022-01-19,0.0,0.0,0.0,5287.0,5180.0,0,0
2021-09-22,CRUDEOIL,2022-02-18,0.0,0.0,0.0,5275.0,5171.0,0,0
2021-09-22,CRUDEOIL,2022-03-21,0.0,0.0,0.0,5262.0,5162.0,0,0
2021-09-23,CRUDEOIL,2021-10-19,5350.0,5434.0,5291.0,5425.0,5324.0,49089,7656
2021-09-23,CRUDEOIL,2021-11-18,5350.0,5421.0,5284.0,5414.0,5312.0,808,219
2021-09-23,CRUDEOIL,2021-12-17,0.0,0.0,0.0,5403.0,5300.0,0,0
2021-09-23,CRUDEOIL,2022-01-19,0.0,0.0,0.0,5391.0,5287.0,0,0
2021-09-23,CRUDEOIL,2022-02-18,0.0,0.0,0.0,5380.0,5275.0,0,0
2021-09-23,CRUDEOIL,2022-03-21,0.0,0.0,0.0,5368.0,5262.0,0,0
2021-09-24,CRUDEOIL,2021-10-19,5432.0,5486.0,5388.0,5467.0,5425.0,41446,8222
2021-09-24,CRUDEOIL,2021-11-18,5409.0,5472.0,5380.0,5460.0,5414.0,745,266
2021-09-24,CRUDEOIL,2021-12-17,0.0,0.0,0.0,5453.0,5403.0,0,0
2021-09-24,CRUDEOIL,2022-01-19,0.0,0.0,0.0,5445.0,5391.0,0,0
2021-09-24,CRUDEOIL,2022-02-18,0.0,0.0,0.0,5438.0,5380.0,0,0
2021-09-24,CRUDEOIL,2022-03-21,0.0,0.0,0.0,5431.0,5368.0,0,0
2021-09-27,CRUDEOIL,2021-10-19,5525.0,5600.0,5503.0,5579.0,5467.0,54511,8863
2021-09-27,CRUDEOIL,2021-11-18,5525.0,5585.0,5490.0,5568.0,5460.0,1226,521
2021-09-27,CRUDEOIL,2021-12-17,0.0,0.0,0.0,5557.0,5453.0,0,0
2021-09-27,CRUDEOIL,2022-01-19,0.0,0.0,0.0,5545.0,5445.0,0,0
2021-09-27,CRUDEOIL,2022-02-18,0.0,0.0,0.0,5534.0,5438.0,0,0
2021-09-27,CRUDEOIL,2022-03-21,0.0,0.0,0.0,5522.0,5431.0,0,0
2021-09-28,CRUDEOIL,2021-10-19,5618.0,5675.0,5532.0,5587.0,5579.0,70438,7562
2021-09-28,CRUDEOIL,2021-11-18,5600.0,5660.0,5523.0,5575.0,5568.0,1283,504
2021-09-28,CRUDEOIL,2021-12-17,0.0,0.0,0.0,5563.0,5557.0,0,0
2021-09-28,CRUDEOIL,2022-01-19,0.0,0.0,0.0,5550.0,5545.0,0,0
2021-09-28,CRUDEOIL,2022-02-18,0.0,0.0,0.0,5538.0,5534.0,0,0
2021-09-28,CRUDEOIL,2022-03-21,0.0,0.0,0.0,5525.0,5522.0,0,0
2021-09-29,CRUDEOIL,2021-10-19,5551.0,5639.0,5474.0,5576.0,5587.0,63483,7870
2021-09-29,CRUDEOIL,2021-11-18,5503.0,5625.0,5465.0,5567.0,5575.0,1242,561
2021-09-29,CRUDEOIL,2021-12-17,0.0,0.0,0.0,5558.0,5563.0,0,0
2021-09-29,CRUDEOIL,2022-01-19,0.0,0.0,0.0,5548.0,5550.0,0,0
2021-09-29,CRUDEOIL,2022-02-18,0.0,0.0,0.0,5539.0,5538.0,0,0
2021-09-29,CRUDEOIL,2022-03-21,0.0,0.0,0.0,5530.0,5525.0,0,0
2021-09-30,CRUDEOIL,2021-10-19,5553.0,5648.0,5432.0,5571.0,5576.0,102535,7290
2021-09-30,CRUDEOIL,2021-11-18,5544.0,5634.0,5430.0,5566.0,5567.0,2325,664
2021-09-30,CRUDEOIL,2021-12-17,0.0,0.0,0.0,5561.0,5558.0,0,0
2021-09-30,CRUDEOIL,2022-01-19,0.0,0.0,0.0,5555.0,5548.0,0,0
2021-09-30,CRUDEOIL,2022-02-18,0.0,0.0,0.0,5550.0,5539.0,0,0
2021-09-30,CRUDEOIL,2022-03-21,0.0,0.0,0.0,5545.0,5530.0,0,0
2021-10-01,CRUDEOIL,2021-10-19,5564.0,5633.0,5509.0,5616.0,5571.0,63196,8746
2021-10-01,CRUDEOIL,2021-11-18,5550.0,5625.0,5504.0,5606.0,5566.0,1525,808
2021-10-01,CRUDEOIL,2021-12-17,0.0,0.0,0.0,5596.0,5561.0,0,0
2021-10-01,CRUDEOIL,2022-01-19,0.0,0.0,0.0,5585.0,5555.0,0,0
2021-10-01,CRUDEOIL,2022-02-18,0.0,0.0,0.0,5575.0,5550.0,0,0
2021-10-01,CRUDEOIL,2022-03-21,0.0,0.0,0.0,5565.0,5545.0,0,0
2021-10-04,CRUDEOIL,2021-10-19,5601.0,5832.0,5601.0,5825.0,5616.0,84651,11667
2021-10-04,CRUDEOIL,2021-11-18,5604.0,5827.0,5597.0,5820.0,5606.0,2581,1396
2021-10-04,CRUDEOIL,2021-12-17,0.0,0.0,0.0,5815.0,5596.0,0,0
2021-10-04,CRUDEOIL,2022-01-19,0.0,0.0,0.0,5809.0,5585.0,0,0
2021-10-04,CRUDEOIL,2022-02-18,0.0,0.0,0.0,5804.0,5575.0,0,0
2021-10-04,CRUDEOIL,2022-03-21,0.0,0.0,0.0,5799.0,5565.0,0,0
2021-10-05,CRUDEOIL,2021-10-19,5810.0,5925.0,5778.0,5895.0,5825.0,68285,10798
2021-10-05,CRUDEOIL,2021-11-18,5814.0,5912.0,5774.0,5884.0,5820.0,1995,1372
2021-10-05,CRUDEOIL,2021-12-17,0.0,0.0,0.0,5873.0,5815.0,0,0
2021-10-05,CRUDEOIL,2022-01-19,0.0,0.0,0.0,5861.0,5809.0,0,0
2021-10-05,CRUDEOIL,2022-02-18,0.0,0.0,0.0,5850.0,5804.0,0,0
2021-10-05,CRUDEOIL,2022-03-21,0.0,0.0,0.0,5838.0,5799.0,0,0
2021-10-06,CRUDEOIL,2021-10-19,5879.0,5956.0,5775.0,5816.0,5895.0,99023,8273
2021-10-06,CRUDEOIL,2021-11-18,5875.0,5943.0,5767.0,5807.0,5884.0,3092,1244
2021-10-06,CRUDEOIL,2021-12-17,0.0,0.0,0.0,5798.0,5873.0,0,0
2021-10-06,CRUDEOIL,2022-01-19,0.0,0.0,0.0,5788.0,5861.0,0,0
2021-10-06,CRUDEOIL,2022-02-18,0.0,0.0,0.0,5779.0,5850.0,0,0
2021-10-06,CRUDEOIL,2022-03-21,0.0,0.0,0.0,5770.0,5838.0,0,0
2021-10-07,CRUDEOIL,2021-10-19,5753.0,5884.0,5607.0,5860.0,5816.0,126733,8389
2021-10-07,CRUDEOIL,2021-11-18,5750.0,5874.0,5607.0,5849.0,5807.0,4742,1439
2021-10-07,CRUDEOIL,2021-12-17,6028.0,6028.0,5750.0,5828.0,5798.0,5,2
2021-10-07,CRUDEOIL,2022-01-19,0.0,0.0,0.0,5826.0,5788.0,0,0
2021-10-07,CRUDEOIL,2022-02-18,0.0,0.0,0.0,5815.0,5779.0,0,0
2021-10-07,CRUDEOIL,2022-03-21,0.0,0.0,0.0,5803.0,5770.0,0,0
2021-10-08,CRUDEOIL,2021-10-19,5880.0,6013.0,5880.0,5941.0,5860.0,98544,9791
2021-10-08,CRUDEOIL,2021-11-18,5924.0,5991.0,5888.0,5924.0,5849.0,4292,1665
2021-10-08,CRUDEOIL,2021-12-17,5920.0,5920.0,5920.0,5920.0,5828.0,1,2
2021-10-08,CRUDEOIL,2022-01-19,0.0,0.0,0.0,5888.0,5826.0,0,0
2021-10-08,CRUDEOIL,2022-02-18,0.0,0.0,0.0,5871.0,5815.0,0,0
2021-10-08,CRUDEOIL,2022-03-21,0.0,0.0,0.0,5854.0,5803.0,0,0
2021-10-11,CRUDEOIL,2021-10-19,6055.0,6193.0,6055.0,6107.0,5941.0,100536,10446
2021-10-11,CRUDEOIL,2021-11-18,6056.0,6126.0,6025.0,6066.0,5924.0,4292,1976
2021-10-11,CRUDEOIL,2021-12-17,5940.0,6078.0,5940.0,6038.0,5920.0,17,8
2021-10-11,CRUDEOIL,2022-01-19,0.0,0.0,0.0,5981.0,5888.0,0,0
2021-10-11,CRUDEOIL,2022-02-18,0.0,0.0,0.0,5940.0,5871.0,0,0
2021-10-11,CRUDEOIL,2022-03-21,0.0,0.0,0.0,5897.0,5854.0,0,0
2021-10-12,CRUDEOIL,2021-10-19,6075.0,6159.0,6002.0,6094.0,6107.0,77394,8244
2021-10-12,CRUDEOIL,2021-11-18,6038.0,6109.0,5975.0,6053.0,6066.0,4774,1889
2021-10-12,CRUDEOIL,2021-12-17,6020.0,6079.0,6002.0,6037.0,6038.0,11,10
2021-10-12,CRUDEOIL,2022-01-19,0.0,0.0,0.0,5968.0,5981.0,0,0
2021-10-12,CRUDEOIL,2022-02-18,0.0,0.0,0.0,5927.0,5940.0,0,0
2021-10-12,CRUDEOIL,2022-03-21,0.0,0.0,0.0,5884.0,5897.0,0,0
2021-10-13,CRUDEOIL,2021-10-19,6071.0,6103.0,5985.0,6062.0,6094.0,55063,6390
2021-10-13,CRUDEOIL,2021-11-18,6027.0,6067.0,5957.0,6034.0,6053.0,10997,2620
2021-10-13,CRUDEOIL,2021-12-17,6001.0,6035.0,5925.0,6016.0,6037.0,110,18
2021-10-13,CRUDEOIL,2022-01-19,0.0,0.0,0.0,5976.0,5968.0,0,0
2021-10-13,CRUDEOIL,2022-02-18,0.0,0.0,0.0,5948.0,5927.0,0,0
2021-10-13,CRUDEOIL,2022-03-21,0.0,0.0,0.0,5919.0,5884.0,0,0
2021-10-14,CRUDEOIL,2021-10-19,6092.0,6147.0,6041.0,6098.0,6062.0,39826,4670
2021-10-14,CRUDEOIL,2021-11-18,6065.0,6116.0,6019.0,6073.0,6034.0,19013,3314
2021-10-14,CRUDEOIL,2021-12-17,6025.0,6087.0,6002.0,6047.0,6016.0,113,25
2021-10-14,CRUDEOIL,2022-01-19,0.0,0.0,0.0,6021.0,5976.0,0,0
2021-10-14,CRUDEOIL,2022-02-18,0.0,0.0,0.0,5996.0,5948.0,0,0
2021-10-14,CRUDEOIL,2022-03-21,0.0,0.0,0.0,5970.0,5919.0,0,0
2021-10-15,CRUDEOIL,2021-10-19,6150.0,6192.0,6124.0,6169.0,6098.0,16059,4679
2021-10-15,CRUDEOIL,2021-11-18,6121.0,6169.0,6104.0,6146.0,6073.0,11486,3648
2021-10-15,CRUDEOIL,2021-12-17,6102.0,6137.0,6080.0,6113.0,6047.0,77,32
2021-10-15,CRUDEOIL,2022-01-19,0.0,0.0,0.0,6098.0,6021.0,0,0
2021-10-15,CRUDEOIL,2022-02-18,0.0,0.0,0.0,6075.0,5996.0,0,0
2021-10-15,CRUDEOIL,2022-03-21,0.0,0.0,0.0,6051.0,5970.0,0,0
2021-10-18,CRUDEOIL,2021-10-19,6255.0,6317.0,6169.0,6176.0,6169.0,13546,2077
2021-10-18,CRUDEOIL,2021-11-18,6201.0,6283.0,6136.0,6145.0,6146.0,32748,4288
2021-10-18,CRUDEOIL,2021-12-17,6215.0,6231.0,6096.0,6102.0,6113.0,303,138
2021-10-18,CRUDEOIL,2022-01-19,0.0,0.0,0.0,6080.0,6098.0,0,0
2021-10-18,CRUDEOIL,2022-02-18,0.0,0.0,0.0,6049.0,6075.0,0,0
2021-10-18,CRUDEOIL,2022-03-21,0.0,0.0,0.0,6017.0,6051.0,0,0
2021-10-19,CRUDEOIL,2021-10-19,6192.0,6310.0,6166.0,6250.0,6176.0,5463,865
2021-10-19,CRUDEOIL,2021-11-18,6162.0,6248.0,6108.0,6228.0,6145.0,42776,5581
2021-10-19,CRUDEOIL,2021-12-17,6110.0,6196.0,6073.0,6181.0,6102.0,507,184
2021-10-19,CRUDEOIL,2022-01-19,0.0,0.0,0.0,6127.0,6080.0,0,0
2021-10-19,CRUDEOIL,2022-02-18,0.0,0.0,0.0,6078.0,6049.0,0,0
2021-10-19,CRUDEOIL,2022-03-21,0.0,0.0,0.0,6028.0,6017.0,0,0
2021-10-20,CRUDEOIL,2021-11-18,6186.0,6240.0,6064.0,6219.0,6228.0,53803,5540
2021-10-20,CRUDEOIL,2021-12-17,6134.0,6188.0,6028.0,6171.0,6181.0,843,266
2021-10-20,CRUDEOIL,2022-01-19,0.0,0.0,0.0,6116.0,6127.0,0,0
2021-10-20,CRUDEOIL,2022-02-18,0.0,0.0,0.0,6066.0,6078.0,0,0
2021-10-20,CRUDEOIL,2022-03-21,0.0,0.0,0.0,6015.0,6028.0,0,0
2021-10-20,CRUDEOIL,2022-04-19,0.0,0.0,0.0,5967.0,6010.0,0,0
2021-10-21,CRUDEOIL,2021-11-18,6250.0,6271.0,6066.0,6142.0,6219.0,59098,5517
2021-10-21,CRUDEOIL,2021-12-17,6213.0,6223.0,6021.0,6087.0,6171.0,913,328
2021-10-21,CRUDEOIL,2022-01-19,0.0,0.0,0.0,6024.0,6116.0,0,0
2021-10-21,CRUDEOIL,2022-02-18,0.0,0.0,0.0,5967.0,6066.0,0,0
2021-10-21,CRUDEOIL,2022-03-21,0.0,0.0,0.0,5908.0,6015.0,0,0
2021-10-21,CRUDEOIL,2022-04-19,0.0,0.0,0.0,5853.0,5967.0,0,0
2021-10-22,CRUDEOIL,2021-11-18,6155.0,6292.0,6132.0,6283.0,6142.0,53256,7360
2021-10-22,CRUDEOIL,2021-12-17,6117.0,6225.0,6078.0,6215.0,6087.0,885,414
2021-10-22,CRUDEOIL,2022-01-19,6099.0,6099.0,6099.0,6099.0,6024.0,7,7
2021-10-22,CRUDEOIL,2022-02-18,0.0,0.0,0.0,6067.0,5967.0,0,0
2021-10-22,CRUDEOIL,2022-03-21,0.0,0.0,0.0,5994.0,5908.0,0,0
2021-10-22,CRUDEOIL,2022-04-19,0.0,0.0,0.0,5926.0,5853.0,0,0
2021-10-25,CRUDEOIL,2021-11-18,6352.0,6428.0,6283.0,6311.0,6283.0,48488,6333
2021-10-25,CRUDEOIL,2021-12-17,6299.0,6341.0,6225.0,6250.0,6215.0,1265,572
2021-10-25,CRUDEOIL,2022-01-19,6201.0,6201.0,6153.0,6187.0,6099.0,8,12
2021-10-25,CRUDEOIL,2022-02-18,0.0,0.0,0.0,6117.0,6067.0,0,0
2021-10-25,CRUDEOIL,2022-03-21,0.0,0.0,0.0,6052.0,5994.0,0,0
2021-10-25,CRUDEOIL,2022-04-19,0.0,0.0,0.0,5991.0,5926.0,0,0
2021-10-26,CRUDEOIL,2021-11-18,6314.0,6378.0,6242.0,6360.0,6311.0,48483,7166
2021-10-26,CRUDEOIL,2021-12-17,6243.0,6304.0,6194.0,6296.0,6250.0,1040,707
2021-10-26,CRUDEOIL,2022-01-19,6175.0,6185.0,6145.0,6170.0,6187.0,14,22
2021-10-26,CRUDEOIL,2022-02-18,0.0,0.0,0.0,6156.0,6117.0,0,0
2021-10-26,CRUDEOIL,2022-03-21,0.0,0.0,0.0,6088.0,6052.0,0,0
2021-10-26,CRUDEOIL,2022-04-19,0.0,0.0,0.0,6024.0,5991.0,0,0
2021-10-27,CRUDEOIL,2021-11-18,6336.0,6336.0,6191.0,6220.0,6360.0,72898,5623
2021-10-27,CRUDEOIL,2021-12-17,6255.0,6265.0,6135.0,6162.0,6296.0,1366,943
2021-10-27,CRUDEOIL,2022-01-19,0.0,0.0,0.0,6096.0,6170.0,0,22
2021-10-27,CRUDEOIL,2022-02-18,0.0,0.0,0.0,6036.0,6156.0,0,0
2021-10-27,CRUDEOIL,2022-03-21,0.0,0.0,0.0,5974.0,6088.0,0,0
2021-10-27,CRUDEOIL,2022-04-19,0.0,0.0,0.0,5916.0,6024.0,0,0
2021-10-28,CRUDEOIL,2021-11-18,6180.0,6196.0,6069.0,6184.0,6220.0,65177,5309
2021-10-28,CRUDEOIL,2021-12-17,6041.0,6127.0,6010.0,6111.0,6162.0,1548,1037
2021-10-28,CRUDEOIL,2022-01-19,0.0,0.0,0.0,6027.0,6096.0,0,22
2021-10-28,CRUDEOIL,2022-02-18,0.0,0.0,0.0,5952.0,6036.0,0,0
2021-10-28,CRUDEOIL,2022-03-21,0.0,0.0,0.0,5874.0,5974.0,0,0
2021-10-28,CRUDEOIL,2022-04-19,0.0,0.0,0.0,5801.0,5916.0,0,0
2021-10-29,CRUDEOIL,2021-11-18,6202.0,6277.0,6118.0,6264.0,6184.0,66266,5518
2021-10-29,CRUDEOIL,2021-12-17,6120.0,6188.0,6055.0,6178.0,6111.0,1197,1034
2021-10-29,CRUDEOIL,2022-01-19,6171.0,6171.0,6171.0,6171.0,6027.0,1,23
2021-10-29,CRUDEOIL,2022-02-18,0.0,0.0,0.0,5991.0,5952.0,0,0
2021-10-29,CRUDEOIL,2022-03-21,0.0,0.0,0.0,5899.0,5874.0,0,0
2021-10-29,CRUDEOIL,2022-04-19,0.0,0.0,0.0,5813.0,5801.0,0,0
2021-11-01,CRUDEOIL,2021-11-18,6250.0,6367.0,6219.0,6293.0,6264.0,47316,5540
2021-11-01,CRUDEOIL,2021-12-17,6158.0,6264.0,6123.0,6203.0,6178.0,1855,921
2021-11-01,CRUDEOIL,2022-01-19,6055.0,6105.0,6055.0,6088.0,6171.0,3,25
2021-11-01,CRUDEOIL,2022-02-18,0.0,0.0,0.0,6007.0,5991.0,0,0
2021-11-01,CRUDEOIL,2022-03-21,0.0,0.0,0.0,5911.0,5899.0,0,0
2021-11-01,CRUDEOIL,2022-04-19,0.0,0.0,0.0,5821.0,5813.0,0,0
2021-11-02,CRUDEOIL,2021-11-18,6297.0,6317.0,6204.0,6253.0,6293.0,55064,5488
2021-11-02,CRUDEOIL,2021-12-17,6216.0,6233.0,6129.0,6177.0,6203.0,997,975
2021-11-02,CRUDEOIL,2022-01-19,6100.0,6100.0,6100.0,6100.0,6088.0,5,25
2021-11-02,CRUDEOIL,2022-02-18,0.0,0.0,0.0,6011.0,6007.0,0,0
2021-11-02,CRUDEOIL,2022-03-21,0.0,0.0,0.0,5930.0,5911.0,0,0
2021-11-02,CRUDEOIL,2022-04-19,0.0,0.0,0.0,5854.0,5821.0,0,0
2021-11-03,CRUDEOIL,2021-11-18,6180.0,6205.0,6024.0,6053.0,6253.0,60552,6648
2021-11-03,CRUDEOIL,2021-12-17,6100.0,6131.0,5955.0,5980.0,6177.0,1563,1015
2021-11-03,CRUDEOIL,2022-01-19,0.0,0.0,0.0,5896.0,6100.0,0,25
2021-11-03,CRUDEOIL,2022-02-18,0.0,0.0,0.0,5821.0,6011.0,0,0
2021-11-03,CRUDEOIL,2022-03-21,0.0,0.0,0.0,5743.0,5930.0,0,0
2021-11-03,CRUDEOIL,2022-04-19,0.0,0.0,0.0,5670.0,5854.0,0,0
2021-11-04,CRUDEOIL,2021-11-18,6100.0,6216.0,6100.0,6193.0,6053.0,10006,5260
2021-11-04,CRUDEOIL,2021-12-17,6075.0,6138.0,6071.0,6118.0,5980.0,450,883
2021-11-04,CRUDEOIL,2022-01-19,0.0,0.0,0.0,5896.0,5896.0,0,25
2021-11-04,CRUDEOIL,2022-02-18,0.0,0.0,0.0,5821.0,5821.0,0,0
2021-11-04,CRUDEOIL,2022-03-21,0.0,0.0,0.0,5743.0,5743.0,0,0
2021-11-04,CRUDEOIL,2022-04-19,0.0,0.0,0.0,5670.0,5670.0,0,0
2021-11-05,CRUDEOIL,2021-11-18,5946.0,6070.0,5887.0,6053.0,6193.0,47053,5201
2021-11-05,CRUDEOIL,2021-12-17,5874.0,6000.0,5809.0,5988.0,6118.0,1540,958
2021-11-05,CRUDEOIL,2022-01-19,0.0,0.0,0.0,5914.0,5896.0,0,25
2021-11-05,CRUDEOIL,2022-02-18,0.0,0.0,0.0,5846.0,5821.0,0,0
2021-11-05,CRUDEOIL,2022-03-21,0.0,0.0,0.0,5777.0,5743.0,0,0
2021-11-05,CRUDEOIL,2022-04-19,0.0,0.0,0.0,5712.0,5670.0,0,0
2021-11-08,CRUDEOIL,2021-11-18,6105.0,6133.0,6036.0,6058.0,6053.0,46712,6587
2021-11-08,CRUDEOIL,2021-12-17,6049.0,6069.0,5981.0,5998.0,5988.0,1897,1230
2021-11-08,CRUDEOIL,2022-01-19,5932.0,5951.0,5932.0,5942.0,5914.0,2,25
2021-11-08,CRUDEOIL,2022-02-18,0.0,0.0,0.0,5867.0,5846.0,0,0
2021-11-08,CRUDEOIL,2022-03-21,0.0,0.0,0.0,5803.0,5777.0,0,0
2021-11-08,CRUDEOIL,2022-04-19,0.0,0.0,0.0,5743.0,5712.0,0,0
2021-11-09,CRUDEOIL,2021-11-18,6053.0,6227.0,6053.0,6206.0,6058.0,55668,5667
2021-11-09,CRUDEOIL,2021-12-17,5997.0,6123.0,5992.0,6108.0,5998.0,3000,1210
2021-11-09,CRUDEOIL,2022-01-19,5981.0,6038.0,5981.0,6006.0,5942.0,3,25
2021-11-09,CRUDEOIL,2022-02-18,0.0,0.0,0.0,5895.0,5867.0,0,0
2021-11-09,CRUDEOIL,2022-03-21,0.0,0.0,0.0,5790.0,5803.0,0,0
2021-11-09,CRUDEOIL,2022-04-19,0.0,0.0,0.0,5692.0,5743.0,0,0
2021-11-10,CRUDEOIL,2021-11-18,6247.0,6279.0,6057.0,6072.0,6206.0,70834,5515
2021-11-10,CRUDEOIL,2021-12-17,6159.0,6185.0,5983.0,5996.0,6108.0,2700,1456
2021-11-10,CRUDEOIL,2022-01-19,6105.0,6105.0,5915.0,5946.0,6006.0,26,26
2021-11-10,CRUDEOIL,2022-02-18,5661.0,5661.0,5661.0,5661.0,5895.0,1,1
2021-11-10,CRUDEOIL,2022-03-21,0.0,0.0,0.0,5749.0,5790.0,0,0
2021-11-10,CRUDEOIL,2022-04-19,0.0,0.0,0.0,5673.0,5692.0,0,0
2021-11-11,CRUDEOIL,2021-11-18,6077.0,6124.0,5968.0,6025.0,6072.0,72570,5540
2021-11-11,CRUDEOIL,2021-12-17,5992.0,6048.0,5907.0,5957.0,5996.0,3699,1675
2021-11-11,CRUDEOIL,2022-01-19,5932.0,5964.0,5841.0,5891.0,5946.0,47,38
2021-11-11,CRUDEOIL,2022-02-18,0.0,0.0,0.0,5809.0,5661.0,0,1
2021-11-11,CRUDEOIL,2022-03-21,0.0,0.0,0.0,5736.0,5749.0,0,0
2021-11-11,CRUDEOIL,2022-04-19,0.0,0.0,0.0,5668.0,5673.0,0,0
2021-11-12,CRUDEOIL,2021-11-18,6025.0,6074.0,5943.0,6015.0,6025.0,52009,4822
2021-11-12,CRUDEOIL,2021-12-17,5952.0,5999.0,5881.0,5946.0,5957.0,11422,1879
2021-11-12,CRUDEOIL,2022-01-19,5892.0,5919.0,5806.0,5886.0,5891.0,108,38
2021-11-12,CRUDEOIL,2022-02-18,0.0,0.0,0.0,5796.0,5809.0,0,1
2021-11-12,CRUDEOIL,2022-03-21,0.0,0.0,0.0,5722.0,5736.0,0,0
2021-11-12,CRUDEOIL,2022-04-19,0.0,0.0,0.0,5653.0,5668.0,0,0
2021-11-15,CRUDEOIL,2021-11-18,5958.0,5992.0,5907.0,5963.0,6015.0,37781,4571
2021-11-15,CRUDEOIL,2021-12-17,5900.0,5930.0,5853.0,5905.0,5946.0,14860,2354
2021-11-15,CRUDEOIL,2022-01-19,5824.0,5859.0,5792.0,5845.0,5886.0,167,33
2021-11-15,CRUDEOIL,2022-02-18,0.0,0.0,0.0,5779.0,5796.0,0,1
2021-11-15,CRUDEOIL,2022-03-21,0.0,0.0,0.0,5717.0,5722.0,0,0
2021-11-15,CRUDEOIL,2022-04-19,0.0,0.0,0.0,5659.0,5653.0,0,0
2021-11-16,CRUDEOIL,2021-11-18,6031.0,6091.0,5962.0,6037.0,5963.0,32166,3690
2021-11-16,CRUDEOIL,2021-12-17,5972.0,6025.0,5905.0,5978.0,5905.0,22319,2394
2021-11-16,CRUDEOIL,2022-01-19,5925.0,5958.0,5846.0,5916.0,5845.0,133,30
2021-11-16,CRUDEOIL,2022-02-18,0.0,0.0,0.0,5849.0,5779.0,0,1
2021-11-16,CRUDEOIL,2022-03-21,0.0,0.0,0.0,5786.0,5717.0,0,0
2021-11-16,CRUDEOIL,2022-04-19,0.0,0.0,0.0,5727.0,5659.0,0,0
2021-11-17,CRUDEOIL,2021-11-18,5960.0,5985.0,5808.0,5827.0,6037.0,19171,724
2021-11-17,CRUDEOIL,2021-12-17,5916.0,5928.0,5770.0,5792.0,5978.0,37245,5573
2021-11-17,CRUDEOIL,2022-01-19,5848.0,5867.0,5725.0,5739.0,5916.0,244,45
2021-11-17,CRUDEOIL,2022-02-18,0.0,0.0,0.0,5715.0,5849.0,0,1
2021-11-17,CRUDEOIL,2022-03-21,0.0,0.0,0.0,5678.0,5786.0,0,0
2021-11-17,CRUDEOIL,2022-04-19,0.0,0.0,0.0,5643.0,5727.0,0,0
2021-11-18,CRUDEOIL,2021-11-18,5749.0,5861.0,5707.0,5859.0,5827.0,3166,193
2021-11-18,CRUDEOIL,2021-12-17,5739.0,5846.0,5680.0,5822.0,5792.0,44515,5162
2021-11-18,CRUDEOIL,2022-01-19,5680.0,5790.0,5642.0,5764.0,5739.0,393,72
2021-11-18,CRUDEOIL,2022-02-18,0.0,0.0,0.0,5711.0,5715.0,0,1
2021-11-18,CRUDEOIL,2022-03-21,0.0,0.0,0.0,5656.0,5678.0,0,0
2021-11-18,CRUDEOIL,2022-04-19,0.0,0.0,0.0,5605.0,5643.0,0,0
2021-11-19,CRUDEOIL,2021-12-17,5716.0,5775.0,5603.0,5669.0,5822.0,67436,6917
2021-11-19,CRUDEOIL,2022-01-19,5660.0,5733.0,5577.0,5638.0,5764.0,665,134
2021-11-19,CRUDEOIL,2022-02-18,0.0,0.0,0.0,5609.0,5711.0,0,1
2021-11-19,CRUDEOIL,2022-03-21,0.0,0.0,0.0,5580.0,5656.0,0,0
2021-11-19,CRUDEOIL,2022-04-19,0.0,0.0,0.0,5553.0,5605.0,0,0
2021-11-19,CRUDEOIL,2022-05-19,0.0,0.0,0.0,5525.0,5630.0,0,0
2021-11-22,CRUDEOIL,2021-12-17,5648.0,5757.0,5612.0,5710.0,5669.0,77283,5470
2021-11-22,CRUDEOIL,2022-01-19,5632.0,5729.0,5585.0,5685.0,5638.0,1040,172
2021-11-22,CRUDEOIL,2022-02-18,0.0,0.0,0.0,5662.0,5609.0,0,1
2021-11-22,CRUDEOIL,2022-03-21,0.0,0.0,0.0,5638.0,5580.0,0,0
2021-11-22,CRUDEOIL,2022-04-19,0.0,0.0,0.0,5616.0,5553.0,0,0
2021-11-22,CRUDEOIL,2022-05-19,0.0,0.0,0.0,5594.0,5525.0,0,0
2021-11-23,CRUDEOIL,2021-12-17,5711.0,5897.0,5629.0,5883.0,5710.0,83887,3794
2021-11-23,CRUDEOIL,2022-01-19,5686.0,5858.0,5610.0,5853.0,5685.0,973,312
2021-11-23,CRUDEOIL,2022-02-18,0.0,0.0,0.0,5825.0,5662.0,0,1
2021-11-23,CRUDEOIL,2022-03-21,0.0,0.0,0.0,5797.0,5638.0,0,0
2021-11-23,CRUDEOIL,2022-04-19,0.0,0.0,0.0,5771.0,5616.0,0,0
2021-11-23,CRUDEOIL,2022-05-19,0.0,0.0,0.0,5743.0,5594.0,0,0
2021-11-24,CRUDEOIL,2021-12-17,5877.0,5913.0,5824.0,5861.0,5883.0,57651,3743
2021-11-24,CRUDEOIL,2022-01-19,5850.0,5884.0,5802.0,5833.0,5853.0,622,312
2021-11-24,CRUDEOIL,2022-02-18,0.0,0.0,0.0,5807.0,5825.0,0,1
2021-11-24,CRUDEOIL,2022-03-21,0.0,0.0,0.0,5781.0,5797.0,0,0
2021-11-24,CRUDEOIL,2022-04-19,0.0,0.0,0.0,5756.0,5771.0,0,0
2021-11-24,CRUDEOIL,2022-05-19,0.0,0.0,0.0,5731.0,5743.0,0,0
2021-11-25,CRUDEOIL,2021-12-17,5845.0,5862.0,5811.0,5837.0,5861.0,27110,3789
2021-11-25,CRUDEOIL,2022-01-19,5836.0,5836.0,5788.0,5813.0,5833.0,329,331
2021-11-25,CRUDEOIL,2022-02-18,0.0,0.0,0.0,5791.0,5807.0,0,1
2021-11-25,CRUDEOIL,2022-03-21,0.0,0.0,0.0,5768.0,5781.0,0,0
2021-11-25,CRUDEOIL,2022-04-19,0.0,0.0,0.0,5747.0,5756.0,0,0
2021-11-25,CRUDEOIL,2022-05-19,0.0,0.0,0.0,5725.0,5731.0,0,0
2021-11-26,CRUDEOIL,2021-12-17,5826.0,5826.0,5137.0,5186.0,5837.0,181701,7908
2021-11-26,CRUDEOIL,2022-01-19,5696.0,5707.0,5116.0,5186.0,5813.0,4269,895
2021-11-26,CRUDEOIL,2022-02-18,5560.0,5560.0,5560.0,5560.0,5791.0,1,1
2021-11-26,CRUDEOIL,2022-03-21,0.0,0.0,0.0,5186.0,5768.0,0,0
2021-11-26,CRUDEOIL,2022-04-19,0.0,0.0,0.0,5186.0,5747.0,0,0
2021-11-26,CRUDEOIL,2022-05-19,0.0,0.0,0.0,5186.0,5725.0,0,0
2021-11-29,CRUDEOIL,2021-12-17,5320.0,5488.0,5260.0,5343.0,5186.0,131421,5427
2021-11-29,CRUDEOIL,2022-01-19,5360.0,5476.0,5258.0,5334.0,5186.0,2994,737
2021-11-29,CRUDEOIL,2022-02-18,0.0,0.0,0.0,5325.0,5560.0,0,1
2021-11-29,CRUDEOIL,2022-03-21,0.0,0.0,0.0,5317.0,5186.0,0,0
2021-11-29,CRUDEOIL,2022-04-19,0.0,0.0,0.0,5309.0,5186.0,0,0
2021-11-29,CRUDEOIL,2022-05-19,0.0,0.0,0.0,5301.0,5186.0,0,0
2021-11-30,CRUDEOIL,2021-12-17,5311.0,5320.0,4863.0,4896.0,5343.0,209912,8138
2021-11-30,CRUDEOIL,2022-01-19,5300.0,5311.0,4858.0,4894.0,5334.0,7630,1773
2021-11-30,CRUDEOIL,2022-02-18,5112.0,5112.0,5112.0,5112.0,5325.0,1,1
2021-11-30,CRUDEOIL,2022-03-21,0.0,0.0,0.0,4890.0,5317.0,0,0
2021-11-30,CRUDEOIL,2022-04-19,0.0,0.0,0.0,4888.0,5309.0,0,0
2021-11-30,CRUDEOIL,2022-05-19,0.0,0.0,0.0,4886.0,5301.0,0,0
2021-12-01,CRUDEOIL,2021-12-17,4982.0,5226.0,4982.0,5006.0,4896.0,126537,6560
2021-12-01,CRUDEOIL,2022-01-19,5085.0,5222.0,4985.0,5004.0,4894.0,6617,1392
2021-12-01,CRUDEOIL,2022-02-18,0.0,0.0,0.0,5002.0,5112.0,0,1
2021-12-01,CRUDEOIL,2022-03-21,0.0,0.0,0.0,5000.0,4890.0,0,0
2021-12-01,CRUDEOIL,2022-04-19,0.0,0.0,0.0,4998.0,4888.0,0,0
2021-12-01,CRUDEOIL,2022-05-19,0.0,0.0,0.0,4996.0,4886.0,0,0
2021-12-02,CRUDEOIL,2021-12-17,4999.0,5064.0,4706.0,4967.0,5006.0,221280,7316
2021-12-02,CRUDEOIL,2022-01-19,4995.0,5061.0,4710.0,4971.0,5004.0,8163,1712
2021-12-02,CRUDEOIL,2022-02-18,4912.0,4912.0,4912.0,4912.0,5002.0,1,1
2021-12-02,CRUDEOIL,2022-03-21,0.0,0.0,0.0,4978.0,5000.0,0,0
2021-12-02,CRUDEOIL,2022-04-19,0.0,0.0,0.0,4981.0,4998.0,0,0
2021-12-02,CRUDEOIL,2022-05-19,0.0,0.0,0.0,4985.0,4996.0,0,0
2021-12-03,CRUDEOIL,2021-12-17,5020.0,5209.0,5009.0,5032.0,4967.0,103860,7035
2021-12-03,CRUDEOIL,2022-01-19,5000.0,5211.0,5000.0,5039.0,4971.0,7437,1071
2021-12-03,CRUDEOIL,2022-02-18,5030.0,5030.0,5022.0,5026.0,4912.0,2,3
2021-12-03,CRUDEOIL,2022-03-21,0.0,0.0,0.0,5051.0,4978.0,0,0
2021-12-03,CRUDEOIL,2022-04-19,0.0,0.0,0.0,5058.0,4981.0,0,0
2021-12-03,CRUDEOIL,2022-05-19,0.0,0.0,0.0,5064.0,4985.0,0,0
2021-12-06,CRUDEOIL,2021-12-17,5071.0,5207.0,5071.0,5199.0,5032.0,87496,4754
2021-12-06,CRUDEOIL,2022-01-19,5092.0,5220.0,5088.0,5205.0,5039.0,3283,969
2021-12-06,CRUDEOIL,2022-02-18,5158.0,5158.0,5158.0,5158.0,5026.0,2,1
2021-12-06,CRUDEOIL,2022-03-21,0.0,0.0,0.0,5216.0,5051.0,0,0
2021-12-06,CRUDEOIL,2022-04-19,0.0,0.0,0.0,5221.0,5058.0,0,0
2021-12-06,CRUDEOIL,2022-05-19,0.0,0.0,0.0,5226.0,5064.0,0,0
2021-12-07,CRUDEOIL,2021-12-17,5220.0,5510.0,5220.0,5470.0,5199.0,97688,5392
2021-12-07,CRUDEOIL,2022-01-19,5240.0,5506.0,5240.0,5464.0,5205.0,3637,1097
2021-12-07,CRUDEOIL,2022-02-18,5364.0,5373.0,5364.0,5369.0,5158.0,2,0
2021-12-07,CRUDEOIL,2022-03-21,0.0,0.0,0.0,5452.0,5216.0,0,0
2021-12-07,CRUDEOIL,2022-04-19,0.0,0.0,0.0,5447.0,5221.0,0,0
2021-12-07,CRUDEOIL,2022-05-19,0.0,0.0,0.0,5442.0,5226.0,0,0
2021-12-08,CRUDEOIL,2021-12-17,5432.0,5515.0,5359.0,5468.0,5470.0,97161,4324
2021-12-08,CRUDEOIL,2022-01-19,5417.0,5510.0,5362.0,5465.0,5464.0,5921,1141
2021-12-08,CRUDEOIL,2022-02-18,0.0,0.0,0.0,5462.0,5369.0,0,0
2021-12-08,CRUDEOIL,2022-03-21,0.0,0.0,0.0,5459.0,5452.0,0,0
2021-12-08,CRUDEOIL,2022-04-19,0.0,0.0,0.0,5456.0,5447.0,0,0
2021-12-08,CRUDEOIL,2022-05-19,0.0,0.0,0.0,5454.0,5442.0,0,0
2021-12-09,CRUDEOIL,2021-12-17,5514.0,5527.0,5380.0,5406.0,5468.0,59176,4280
2021-12-09,CRUDEOIL,2022-01-19,5516.0,5530.0,5385.0,5414.0,5465.0,4766,1164
2021-12-09,CRUDEOIL,2022-02-18,0.0,0.0,0.0,5421.0,5462.0,0,0
2021-12-09,CRUDEOIL,2022-03-21,0.0,0.0,0.0,5428.0,5459.0,0,0
2021-12-09,CRUDEOIL,2022-04-19,0.0,0.0,0.0,5435.0,5456.0,0,0
2021-12-09,CRUDEOIL,2022-05-19,0.0,0.0,0.0,5443.0,5454.0,0,0
2021-12-10,CRUDEOIL,2021-12-17,5388.0,5473.0,5341.0,5408.0,5406.0,70259,3670
2021-12-10,CRUDEOIL,2022-01-19,5400.0,5474.0,5348.0,5416.0,5414.0,7816,1473
2021-12-10,CRUDEOIL,2022-02-18,5421.0,5421.0,5392.0,5408.0,5421.0,4,1
2021-12-10,CRUDEOIL,2022-03-21,0.0,0.0,0.0,5430.0,5428.0,0,0
2021-12-10,CRUDEOIL,2022-04-19,0.0,0.0,0.0,5437.0,5435.0,0,0
2021-12-10,CRUDEOIL,2022-05-19,0.0,0.0,0.0,5445.0,5443.0,0,0
2021-12-13,CRUDEOIL,2021-12-17,5456.0,5531.0,5362.0,5438.0,5408.0,59762,3475
2021-12-13,CRUDEOIL,2022-01-19,5510.0,5535.0,5370.0,5440.0,5416.0,22677,1639
2021-12-13,CRUDEOIL,2022-02-18,5417.0,5454.0,5393.0,5436.0,5408.0,15,5
2021-12-13,CRUDEOIL,2022-03-21,0.0,0.0,0.0,5443.0,5430.0,0,0
2021-12-13,CRUDEOIL,2022-04-19,0.0,0.0,0.0,5445.0,5437.0,0,0
2021-12-13,CRUDEOIL,2022-05-19,0.0,0.0,0.0,5447.0,5445.0,0,0
2021-12-14,CRUDEOIL,2021-12-17,5370.0,5465.0,5295.0,5348.0,5438.0,63612,2928
2021-12-14,CRUDEOIL,2022-01-19,5388.0,5464.0,5301.0,5348.0,5440.0,39843,2448
2021-12-14,CRUDEOIL,2022-02-18,5398.0,5465.0,5303.0,5366.0,5436.0,200,33
2021-12-14,CRUDEOIL,2022-03-21,0.0,0.0,0.0,5348.0,5443.0,0,0
2021-12-14,CRUDEOIL,2022-04-19,0.0,0.0,0.0,5348.0,5445.0,0,0
2021-12-14,CRUDEOIL,2022-05-19,0.0,0.0,0.0,5348.0,5447.0,0,0
2021-12-15,CRUDEOIL,2021-12-17,5311.0,5404.0,5296.0,5394.0,5348.0,36916,2919
2021-12-15,CRUDEOIL,2022-01-19,5352.0,5410.0,5303.0,5399.0,5348.0,31671,2704
2021-12-15,CRUDEOIL,2022-02-18,5366.0,5412.0,5306.0,5402.0,5366.0,279,55
2021-12-15,CRUDEOIL,2022-03-21,0.0,0.0,0.0,5408.0,5348.0,0,0
2021-12-15,CRUDEOIL,2022-04-19,0.0,0.0,0.0,5412.0,5348.0,0,0
2021-12-15,CRUDEOIL,2022-05-19,0.0,0.0,0.0,5417.0,5348.0,0,0
2021-12-16,CRUDEOIL,2021-12-17,5451.0,5562.0,5411.0,5522.0,5394.0,16608,778
2021-12-16,CRUDEOIL,2022-01-19,5444.0,5562.0,5417.0,5524.0,5399.0,43647,3900
2021-12-16,CRUDEOIL,2022-02-18,5478.0,5555.0,5425.0,5520.0,5402.0,432,83
2021-12-16,CRUDEOIL,2022-03-21,0.0,0.0,0.0,5527.0,5408.0,0,0
2021-12-16,CRUDEOIL,2022-04-19,0.0,0.0,0.0,5529.0,5412.0,0,0
2021-12-16,CRUDEOIL,2022-05-19,0.0,0.0,0.0,5531.0,5417.0,0,0
2021-12-17,CRUDEOIL,2021-12-17,5473.0,5485.0,5330.0,5398.0,5522.0,3634,147
2021-12-17,CRUDEOIL,2022-01-19,5489.0,5489.0,5328.0,5398.0,5524.0,60863,4140
2021-12-17,CRUDEOIL,2022-02-18,5480.0,5480.0,5325.0,5389.0,5520.0,977,322
2021-12-17,CRUDEOIL,2022-03-21,0.0,0.0,0.0,5379.0,5527.0,0,0
2021-12-17,CRUDEOIL,2022-04-19,0.0,0.0,0.0,5371.0,5529.0,0,0
2021-12-17,CRUDEOIL,2022-05-19,0.0,0.0,0.0,5362.0,5531.0,0,0
2021-12-20,CRUDEOIL,2022-01-19,5322.0,5322.0,5037.0,5148.0,5398.0,87242,5873
2021-12-20,CRUDEOIL,2022-02-18,5254.0,5266.0,5040.0,5151.0,5389.0,2435,435
2021-12-20,CRUDEOIL,2022-03-21,0.0,0.0,0.0,5154.0,5379.0,0,0
2021-12-20,CRUDEOIL,2022-04-19,0.0,0.0,0.0,5157.0,5371.0,0,0
2021-12-20,CRUDEOIL,2022-05-19,0.0,0.0,0.0,5160.0,5362.0,0,0
2021-12-20,CRUDEOIL,2022-06-17,0.0,0.0,0.0,5162.0,5356.0,0,0
2021-12-21,CRUDEOIL,2022-01-19,5165.0,5429.0,5165.0,5421.0,5148.0,75552,5753
2021-12-21,CRUDEOIL,2022-02-18,5253.0,5427.0,5203.0,5420.0,5151.0,1810,405
2021-12-21,CRUDEOIL,2022-03-21,0.0,0.0,0.0,5418.0,5154.0,0,0
2021-12-21,CRUDEOIL,2022-04-19,0.0,0.0,0.0,5418.0,5157.0,0,0
2021-12-21,CRUDEOIL,2022-05-19,0.0,0.0,0.0,5417.0,5160.0,0,0
2021-12-21,CRUDEOIL,2022-06-17,0.0,0.0,0.0,5416.0,5162.0,0,0
2021-12-22,CRUDEOIL,2022-01-19,5420.0,5481.0,5365.0,5468.0,5421.0,57221,6066
2021-12-22,CRUDEOIL,2022-02-18,5413.0,5459.0,5367.0,5451.0,5420.0,2098,615
2021-12-22,CRUDEOIL,2022-03-21,0.0,0.0,0.0,5433.0,5418.0,0,0
2021-12-22,CRUDEOIL,2022-04-19,0.0,0.0,0.0,5417.0,5418.0,0,0
2021-12-22,CRUDEOIL,2022-05-19,0.0,0.0,0.0,5400.0,5417.0,0,0
2021-12-22,CRUDEOIL,2022-06-17,0.0,0.0,0.0,5383.0,5416.0,0,0
2021-12-23,CRUDEOIL,2022-01-19,5490.0,5551.0,5455.0,5536.0,5468.0,51024,7320
2021-12-23,CRUDEOIL,2022-02-18,5500.0,5534.0,5438.0,5520.0,5451.0,1069,659
2021-12-23,CRUDEOIL,2022-03-21,0.0,0.0,0.0,5503.0,5433.0,0,0
2021-12-23,CRUDEOIL,2022-04-19,0.0,0.0,0.0,5488.0,5417.0,0,0
2021-12-23,CRUDEOIL,2022-05-19,0.0,0.0,0.0,5472.0,5400.0,0,0
2021-12-23,CRUDEOIL,2022-06-17,0.0,0.0,0.0,5456.0,5383.0,0,0
2021-12-24,CRUDEOIL,2022-01-19,5565.0,5570.0,5504.0,5528.0,5536.0,10946,7301
2021-12-24,CRUDEOIL,2022-02-18,5536.0,5536.0,5495.0,5514.0,5520.0,293,652
2021-12-24,CRUDEOIL,2022-03-21,0.0,0.0,0.0,5499.0,5503.0,0,0
2021-12-24,CRUDEOIL,2022-04-19,0.0,0.0,0.0,5486.0,5488.0,0,0
2021-12-24,CRUDEOIL,2022-05-19,0.0,0.0,0.0,5472.0,5472.0,0,0
2021-12-24,CRUDEOIL,2022-06-17,0.0,0.0,0.0,5458.0,5456.0,0,0
2021-12-27,CRUDEOIL,2022-01-19,5519.0,5704.0,5458.0,5673.0,5528.0,56441,8789
2021-12-27,CRUDEOIL,2022-02-18,5493.0,5691.0,5452.0,5659.0,5514.0,1885,634
2021-12-27,CRUDEOIL,2022-03-21,0.0,0.0,0.0,5644.0,5499.0,0,0
2021-12-27,CRUDEOIL,2022-04-19,0.0,0.0,0.0,5631.0,5486.0,0,0
2021-12-27,CRUDEOIL,2022-05-19,0.0,0.0,0.0,5617.0,5472.0,0,0
2021-12-27,CRUDEOIL,2022-06-17,0.0,0.0,0.0,5603.0,5458.0,0,0
2021-12-28,CRUDEOIL,2022-01-19,5673.0,5757.0,5661.0,5683.0,5673.0,48027,8352
2021-12-28,CRUDEOIL,2022-02-18,5670.0,5739.0,5649.0,5671.0,5659.0,1470,694
2021-12-28,CRUDEOIL,2022-03-21,0.0,0.0,0.0,5658.0,5644.0,0,0
2021-12-28,CRUDEOIL,2022-04-19,0.0,0.0,0.0,5647.0,5631.0,0,0
2021-12-28,CRUDEOIL,2022-05-19,0.0,0.0,0.0,5635.0,5617.0,0,0
2021-12-28,CRUDEOIL,2022-06-17,0.0,0.0,0.0,5623.0,5603.0,0,0
2021-12-29,CRUDEOIL,2022-01-19,5673.0,5775.0,5638.0,5703.0,5683.0,59860,8445
2021-12-29,CRUDEOIL,2022-02-18,5679.0,5760.0,5629.0,5689.0,5671.0,1474,671
2021-12-29,CRUDEOIL,2022-03-21,5721.0,5725.0,5668.0,5705.0,5658.0,3,1
2021-12-29,CRUDEOIL,2022-04-19,0.0,0.0,0.0,5661.0,5647.0,0,0
2021-12-29,CRUDEOIL,2022-05-19,0.0,0.0,0.0,5647.0,5635.0,0,0
2021-12-29,CRUDEOIL,2022-06-17,0.0,0.0,0.0,5633.0,5623.0,0,0
2021-12-30,CRUDEOIL,2022-01-19,5736.0,5762.0,5649.0,5735.0,5703.0,44698,9418
2021-12-30,CRUDEOIL,2022-02-18,5725.0,5745.0,5640.0,5721.0,5689.0,1338,720
2021-12-30,CRUDEOIL,2022-03-21,0.0,0.0,0.0,5706.0,5705.0,0,1
2021-12-30,CRUDEOIL,2022-04-19,0.0,0.0,0.0,5693.0,5661.0,0,0
2021-12-30,CRUDEOIL,2022-05-19,0.0,0.0,0.0,5679.0,5647.0,0,0
2021-12-30,CRUDEOIL,2022-06-17,0.0,0.0,0.0,5665.0,5633.0,0,0
2021-12-31,CRUDEOIL,2022-01-19,5706.0,5725.0,5603.0,5625.0,5735.0,57485,6304
2021-12-31,CRUDEOIL,2022-02-18,5677.0,5711.0,5588.0,5610.0,5721.0,3120,605
2021-12-31,CRUDEOIL,2022-03-21,0.0,0.0,0.0,5594.0,5706.0,0,1
2021-12-31,CRUDEOIL,2022-04-19,0.0,0.0,0.0,5580.0,5693.0,0,0
2021-12-31,CRUDEOIL,2022-05-19,0.0,0.0,0.0,5565.0,5679.0,0,0
2021-12-31,CRUDEOIL,2022-06-17,0.0,0.0,0.0,5550.0,5665.0,0,0
2022-01-03,CRUDEOIL,2022-01-19,5638.0,5695.0,5544.0,5677.0,5625.0,70088,7063
2022-01-03,CRUDEOIL,2022-02-18,5626.0,5690.0,5545.0,5679.0,5610.0,3073,783
2022-01-03,CRUDEOIL,2022-03-21,0.0,0.0,0.0,5681.0,5594.0,0,1
2022-01-03,CRUDEOIL,2022-04-19,0.0,0.0,0.0,5683.0,5580.0,0,0
2022-01-03,CRUDEOIL,2022-05-19,0.0,0.0,0.0,5685.0,5565.0,0,0
2022-01-03,CRUDEOIL,2022-06-17,0.0,0.0,0.0,5686.0,5550.0,0,0
2022-01-04,CRUDEOIL,2022-01-19,5685.0,5788.0,5650.0,5761.0,5677.0,62099,9669
2022-01-04,CRUDEOIL,2022-02-18,5674.0,5783.0,5650.0,5757.0,5679.0,2617,921
2022-01-04,CRUDEOIL,2022-03-21,0.0,0.0,0.0,5752.0,5681.0,0,1
2022-01-04,CRUDEOIL,2022-04-19,0.0,0.0,0.0,5749.0,5683.0,0,0
2022-01-04,CRUDEOIL,2022-05-19,0.0,0.0,0.0,5745.0,5685.0,0,0
2022-01-04,CRUDEOIL,2022-06-17,0.0,0.0,0.0,5741.0,5686.0,0,0
2022-01-05,CRUDEOIL,2022-01-19,5730.0,5844.0,5695.0,5828.0,5761.0,64173,11771
2022-01-05,CRUDEOIL,2022-02-18,5727.0,5821.0,5694.0,5815.0,5757.0,5042,1153
2022-01-05,CRUDEOIL,2022-03-21,5810.0,5810.0,5810.0,5810.0,5752.0,1,2
2022-01-05,CRUDEOIL,2022-04-19,0.0,0.0,0.0,5789.0,5749.0,0,0
2022-01-05,CRUDEOIL,2022-05-19,0.0,0.0,0.0,5776.0,5745.0,0,0
2022-01-05,CRUDEOIL,2022-06-17,0.0,0.0,0.0,5763.0,5741.0,0,0
2022-01-06,CRUDEOIL,2022-01-19,5800.0,5975.0,5709.0,5899.0,5828.0,84089,11682
2022-01-06,CRUDEOIL,2022-02-18,5721.0,5938.0,5701.0,5871.0,5815.0,7809,1185
2022-01-06,CRUDEOIL,2022-03-21,0.0,0.0,0.0,5842.0,5810.0,0,2
2022-01-06,CRUDEOIL,2022-04-19,0.0,0.0,0.0,5815.0,5789.0,0,0
2022-01-06,CRUDEOIL,2022-05-19,0.0,0.0,0.0,5787.0,5776.0,0,0
2022-01-06,CRUDEOIL,2022-06-17,0.0,0.0,0.0,5759.0,5763.0,0,0
2022-01-07,CRUDEOIL,2022-01-19,5955.0,5978.0,5836.0,5846.0,5899.0,64976,8594
2022-01-07,CRUDEOIL,2022-02-18,5924.0,5942.0,5820.0,5826.0,5871.0,4714,1167
2022-01-07,CRUDEOIL,2022-03-21,0.0,0.0,0.0,5805.0,5842.0,0,2
2022-01-07,CRUDEOIL,2022-04-19,5584.0,5584.0,5584.0,5584.0,5815.0,1,1
2022-01-07,CRUDEOIL,2022-05-19,0.0,0.0,0.0,5766.0,5787.0,0,0
2022-01-07,CRUDEOIL,2022-06-17,0.0,0.0,0.0,5746.0,5759.0,0,0
2022-01-10,CRUDEOIL,2022-01-19,5853.0,5890.0,5775.0,5795.0,5846.0,74337,7026
2022-01-10,CRUDEOIL,2022-02-18,5833.0,5868.0,5756.0,5772.0,5826.0,9431,1215
2022-01-10,CRUDEOIL,2022-03-21,0.0,0.0,0.0,5748.0,5805.0,0,2
2022-01-10,CRUDEOIL,2022-04-19,0.0,0.0,0.0,5726.0,5584.0,0,1
2022-01-10,CRUDEOIL,2022-05-19,0.0,0.0,0.0,5703.0,5766.0,0,0
2022-01-10,CRUDEOIL,2022-06-17,0.0,0.0,0.0,5680.0,5746.0,0,0
2022-01-11,CRUDEOIL,2022-01-19,5834.0,6021.0,5812.0,6004.0,5795.0,81850,11969
2022-01-11,CRUDEOIL,2022-02-18,5809.0,5983.0,5786.0,5968.0,5772.0,7802,2041
2022-01-11,CRUDEOIL,2022-03-21,0.0,0.0,0.0,5930.0,5748.0,0,2
2022-01-11,CRUDEOIL,2022-04-19,0.0,0.0,0.0,5896.0,5726.0,0,1
2022-01-11,CRUDEOIL,2022-05-19,0.0,0.0,0.0,5860.0,5703.0,0,0
2022-01-11,CRUDEOIL,2022-06-17,0.0,0.0,0.0,5825.0,5680.0,0,0
2022-01-12,CRUDEOIL,2022-01-19,6003.0,6125.0,5989.0,6113.0,6004.0,59694,10988
2022-01-12,CRUDEOIL,2022-02-18,5969.0,6089.0,5960.0,6077.0,5968.0,6275,2742
2022-01-12,CRUDEOIL,2022-03-21,5951.0,6053.0,5951.0,5998.0,5930.0,11,5
2022-01-12,CRUDEOIL,2022-04-19,0.0,0.0,0.0,6005.0,5896.0,0,1
2022-01-12,CRUDEOIL,2022-05-19,0.0,0.0,0.0,5969.0,5860.0,0,0
2022-01-12,CRUDEOIL,2022-06-17,0.0,0.0,0.0,5934.0,5825.0,0,0
2022-01-13,CRUDEOIL,2022-01-19,6087.0,6122.0,6053.0,6081.0,6113.0,34057,7924
2022-01-13,CRUDEOIL,2022-02-18,6052.0,6089.0,6025.0,6056.0,6077.0,12474,3437
2022-01-13,CRUDEOIL,2022-03-21,6024.0,6053.0,6009.0,6023.0,5998.0,28,10
2022-01-13,CRUDEOIL,2022-04-19,0.0,0.0,0.0,6006.0,6005.0,0,1
2022-01-13,CRUDEOIL,2022-05-19,0.0,0.0,0.0,5981.0,5969.0,0,0
2022-01-13,CRUDEOIL,2022-06-17,0.0,0.0,0.0,5956.0,5934.0,0,0
2022-01-14,CRUDEOIL,2022-01-19,6060.0,6237.0,6046.0,6218.0,6081.0,43099,9191
2022-01-14,CRUDEOIL,2022-02-18,6024.0,6198.0,6021.0,6182.0,6056.0,20925,5539
2022-01-14,CRUDEOIL,2022-03-21,6006.0,6162.0,6002.0,6153.0,6023.0,35,13
2022-01-14,CRUDEOIL,2022-04-19,0.0,0.0,0.0,6110.0,6006.0,0,1
2022-01-14,CRUDEOIL,2022-05-19,0.0,0.0,0.0,6074.0,5981.0,0,0
2022-01-14,CRUDEOIL,2022-06-17,0.0,0.0,0.0,6039.0,5956.0,0,0
2022-01-17,CRUDEOIL,2022-01-19,6233.0,6285.0,6203.0,6261.0,6218.0,17437,5991
2022-01-17,CRUDEOIL,2022-02-18,6195.0,6242.0,6176.0,6233.0,6182.0,17379,6444
2022-01-17,CRUDEOIL,2022-03-21,6187.0,6204.0,6145.0,6200.0,6153.0,147,49
2022-01-17,CRUDEOIL,2022-04-19,0.0,0.0,0.0,6177.0,6110.0,0,1
2022-01-17,CRUDEOIL,2022-05-19,0.0,0.0,0.0,6149.0,6074.0,0,0
2022-01-17,CRUDEOIL,2022-06-17,0.0,0.0,0.0,6121.0,6039.0,0,0
2022-01-18,CRUDEOIL,2022-01-19,6298.0,6385.0,6298.0,6332.0,6261.0,13684,1955
2022-01-18,CRUDEOIL,2022-02-18,6298.0,6355.0,6270.0,6299.0,6233.0,31448,8521
2022-01-18,CRUDEOIL,2022-03-21,6221.0,6318.0,6221.0,6274.0,6200.0,1187,433
2022-01-18,CRUDEOIL,2022-04-19,0.0,0.0,0.0,6233.0,6177.0,0,1
2022-01-18,CRUDEOIL,2022-05-19,0.0,0.0,0.0,6200.0,6149.0,0,0
2022-01-18,CRUDEOIL,2022-06-17,0.0,0.0,0.0,6168.0,6121.0,0,0
2022-01-19,CRUDEOIL,2022-01-19,6452.0,6556.0,6396.0,6487.0,6332.0,5468,179
2022-01-19,CRUDEOIL,2022-02-18,6355.0,6480.0,6347.0,6391.0,6299.0,48080,9665
2022-01-19,CRUDEOIL,2022-03-21,6381.0,6428.0,6314.0,6349.0,6274.0,1993,495
2022-01-19,CRUDEOIL,2022-04-19,0.0,0.0,0.0,6309.0,6233.0,0,1
2022-01-19,CRUDEOIL,2022-05-19,0.0,0.0,0.0,6269.0,6200.0,0,0
2022-01-19,CRUDEOIL,2022-06-17,0.0,0.0,0.0,6229.0,6168.0,0,0
2022-01-20,CRUDEOIL,2022-02-18,6370.0,6480.0,6340.0,6397.0,6391.0,45557,10490
2022-01-20,CRUDEOIL,2022-03-21,6324.0,6419.0,6288.0,6340.0,6349.0,1659,280
2022-01-20,CRUDEOIL,2022-04-19,0.0,0.0,0.0,6286.0,6309.0,0,1
2022-01-20,CRUDEOIL,2022-05-19,0.0,0.0,0.0,6231.0,6269.0,0,0
2022-01-20,CRUDEOIL,2022-06-17,0.0,0.0,0.0,6178.0,6229.0,0,0
2022-01-20,CRUDEOIL,2022-07-19,0.0,0.0,0.0,6119.0,6166.0,0,0
2022-01-21,CRUDEOIL,2022-02-18,6363.0,6368.0,6200.0,6319.0,6397.0,64432,9027
2022-01-21,CRUDEOIL,2022-03-21,6210.0,6313.0,6188.0,6273.0,6340.0,1292,264
2022-01-21,CRUDEOIL,2022-04-19,0.0,0.0,0.0,6229.0,6286.0,0,1
2022-01-21,CRUDEOIL,2022-05-19,0.0,0.0,0.0,6185.0,6231.0,0,0
2022-01-21,CRUDEOIL,2022-06-17,0.0,0.0,0.0,6142.0,6178.0,0,0
2022-01-21,CRUDEOIL,2022-07-19,0.0,0.0,0.0,6094.0,6119.0,0,0
2022-01-24,CRUDEOIL,2022-02-18,6349.0,6415.0,6136.0,6240.0,6319.0,66677,7936
2022-01-24,CRUDEOIL,2022-03-21,6345.0,6363.0,6101.0,6198.0,6273.0,1195,369
2022-01-24,CRUDEOIL,2022-04-19,0.0,0.0,0.0,6158.0,6229.0,0,1
2022-01-24,CRUDEOIL,2022-05-19,0.0,0.0,0.0,6118.0,6185.0,0,0
2022-01-24,CRUDEOIL,2022-06-17,0.0,0.0,0.0,6078.0,6142.0,0,0
2022-01-24,CRUDEOIL,2022-07-19,0.0,0.0,0.0,6035.0,6094.0,0,0
2022-01-25,CRUDEOIL,2022-02-18,6250.0,6388.0,6218.0,6378.0,6240.0,58936,10579
2022-01-25,CRUDEOIL,2022-03-21,6207.0,6340.0,6185.0,6335.0,6198.0,1814,691
2022-01-25,CRUDEOIL,2022-04-19,6300.0,6300.0,6300.0,6300.0,6158.0,2,3
2022-01-25,CRUDEOIL,2022-05-19,0.0,0.0,0.0,6253.0,6118.0,0,0
2022-01-25,CRUDEOIL,2022-06-17,0.0,0.0,0.0,6212.0,6078.0,0,0
2022-01-25,CRUDEOIL,2022-07-19,0.0,0.0,0.0,6168.0,6035.0,0,0
2022-01-27,CRUDEOIL,2022-02-18,6427.0,6660.0,6427.0,6555.0,6378.0,57476,11951
2022-01-27,CRUDEOIL,2022-03-21,6440.0,6575.0,6431.0,6486.0,6335.0,2338,598
2022-01-27,CRUDEOIL,2022-04-19,6399.0,6540.0,6340.0,6437.0,6300.0,6,3
2022-01-27,CRUDEOIL,2022-05-19,0.0,0.0,0.0,6354.0,6253.0,0,0
2022-01-27,CRUDEOIL,2022-06-17,0.0,0.0,0.0,6290.0,6212.0,0,0
2022-01-27,CRUDEOIL,2022-07-19,0.0,0.0,0.0,6218.0,6168.0,0,0
2022-01-28,CRUDEOIL,2022-02-18,6545.0,6667.0,6495.0,6543.0,6555.0,58675,10168
2022-01-28,CRUDEOIL,2022-03-21,6475.0,6583.0,6422.0,6465.0,6486.0,1661,507
2022-01-28,CRUDEOIL,2022-04-19,6490.0,6490.0,6372.0,6431.0,6437.0,2,4
2022-01-28,CRUDEOIL,2022-05-19,0.0,0.0,0.0,6316.0,6354.0,0,0
2022-01-28,CRUDEOIL,2022-06-17,0.0,0.0,0.0,6243.0,6290.0,0,0
2022-01-28,CRUDEOIL,2022-07-19,0.0,0.0,0.0,6163.0,6218.0,0,0
2022-01-31,CRUDEOIL,2022-02-18,6591.0,6607.0,6453.0,6561.0,6543.0,40991,9526
2022-01-31,CRUDEOIL,2022-03-21,6516.0,6521.0,6380.0,6480.0,6465.0,1447,581
2022-01-31,CRUDEOIL,2022-04-19,0.0,0.0,0.0,6404.0,6431.0,0,4
2022-01-31,CRUDEOIL,2022-05-19,0.0,0.0,0.0,6325.0,6316.0,0,0
2022-01-31,CRUDEOIL,2022-06-17,0.0,0.0,0.0,6250.0,6243.0,0,0
2022-01-31,CRUDEOIL,2022-07-19,0.0,0.0,0.0,6166.0,6163.0,0,0
2022-02-01,CRUDEOIL,2022-02-18,6575.0,6650.0,6478.0,6569.0,6561.0,55618,9912
2022-02-01,CRUDEOIL,2022-03-21,6506.0,6540.0,6390.0,6466.0,6480.0,2142,602
2022-02-01,CRUDEOIL,2022-04-19,0.0,0.0,0.0,6369.0,6404.0,0,4
2022-02-01,CRUDEOIL,2022-05-19,0.0,0.0,0.0,6269.0,6325.0,0,0
2022-02-01,CRUDEOIL,2022-06-17,0.0,0.0,0.0,6173.0,6250.0,0,0
2022-02-01,CRUDEOIL,2022-07-19,0.0,0.0,0.0,6067.0,6166.0,0,0
2022-02-02,CRUDEOIL,2022-02-18,6600.0,6706.0,6524.0,6577.0,6569.0,65953,8893
2022-02-02,CRUDEOIL,2022-03-21,6500.0,6591.0,6434.0,6484.0,6466.0,2320,650
2022-02-02,CRUDEOIL,2022-04-19,0.0,0.0,0.0,6397.0,6369.0,0,4
2022-02-02,CRUDEOIL,2022-05-19,0.0,0.0,0.0,6307.0,6269.0,0,0
2022-02-02,CRUDEOIL,2022-06-17,0.0,0.0,0.0,6220.0,6173.0,0,0
2022-02-02,CRUDEOIL,2022-07-19,0.0,0.0,0.0,6124.0,6067.0,0,0
2022-02-03,CRUDEOIL,2022-02-18,6577.0,6684.0,6501.0,6641.0,6577.0,51956,12221
2022-02-03,CRUDEOIL,2022-03-21,6497.0,6580.0,6420.0,6543.0,6484.0,2314,898
2022-02-03,CRUDEOIL,2022-04-19,6450.0,6450.0,6450.0,6450.0,6397.0,1,4
2022-02-03,CRUDEOIL,2022-05-19,0.0,0.0,0.0,6356.0,6307.0,0,0
2022-02-03,CRUDEOIL,2022-06-17,0.0,0.0,0.0,6264.0,6220.0,0,0
2022-02-03,CRUDEOIL,2022-07-19,0.0,0.0,0.0,6163.0,6124.0,0,0
2022-02-04,CRUDEOIL,2022-02-18,6714.0,6958.0,6714.0,6902.0,6641.0,59513,15308
2022-02-04,CRUDEOIL,2022-03-21,6679.0,6828.0,6657.0,6781.0,6543.0,4069,1623
2022-02-04,CRUDEOIL,2022-04-19,6604.0,6708.0,6604.0,6653.0,6450.0,9,6
2022-02-04,CRUDEOIL,2022-05-19,0.0,0.0,0.0,6550.0,6356.0,0,0
2022-02-04,CRUDEOIL,2022-06-17,0.0,0.0,0.0,6437.0,6264.0,0,0
2022-02-04,CRUDEOIL,2022-07-19,0.0,0.0,0.0,6312.0,6163.0,0,0
2022-02-07,CRUDEOIL,2022-02-18,6862.0,6901.0,6779.0,6800.0,6902.0,50798,11201
2022-02-07,CRUDEOIL,2022-03-21,6751.0,6811.0,6690.0,6720.0,6781.0,2510,1600
2022-02-07,CRUDEOIL,2022-04-19,6644.0,6705.0,6644.0,6669.0,6653.0,4,6
2022-02-07,CRUDEOIL,2022-05-19,0.0,0.0,0.0,6567.0,6550.0,0,0
2022-02-07,CRUDEOIL,2022-06-17,0.0,0.0,0.0,6492.0,6437.0,0,0
2022-02-07,CRUDEOIL,2022-07-19,0.0,0.0,0.0,6410.0,6312.0,0,0
2022-02-08,CRUDEOIL,2022-02-18,6809.0,6837.0,6616.0,6700.0,6800.0,76979,9375
2022-02-08,CRUDEOIL,2022-03-21,6733.0,6750.0,6544.0,6618.0,6720.0,3835,1651
2022-02-08,CRUDEOIL,2022-04-19,6575.0,6575.0,6494.0,6535.0,6669.0,3,5
2022-02-08,CRUDEOIL,2022-05-19,0.0,0.0,0.0,6461.0,6567.0,0,0
2022-02-08,CRUDEOIL,2022-06-17,0.0,0.0,0.0,6385.0,6492.0,0,0
2022-02-08,CRUDEOIL,2022-07-19,0.0,0.0,0.0,6300.0,6410.0,0,0
2022-02-09,CRUDEOIL,2022-02-18,6692.0,6777.0,6618.0,6675.0,6700.0,67231,9310
2022-02-09,CRUDEOIL,2022-03-21,6607.0,6699.0,6555.0,6616.0,6618.0,4101,1686
2022-02-09,CRUDEOIL,2022-04-19,6554.0,6606.0,6499.0,6546.0,6535.0,12,7
2022-02-09,CRUDEOIL,2022-05-19,0.0,0.0,0.0,6503.0,6461.0,0,0
2022-02-09,CRUDEOIL,2022-06-17,0.0,0.0,0.0,6448.0,6385.0,0,0
2022-02-09,CRUDEOIL,2022-07-19,0.0,0.0,0.0,6387.0,6300.0,0,0
2022-02-10,CRUDEOIL,2022-02-18,6699.0,6882.0,6691.0,6799.0,6675.0,75137,10619
2022-02-10,CRUDEOIL,2022-03-21,6675.0,6807.0,6636.0,6729.0,6616.0,5649,1701
2022-02-10,CRUDEOIL,2022-04-19,6588.0,6705.0,6588.0,6661.0,6546.0,16,12
2022-02-10,CRUDEOIL,2022-05-19,0.0,0.0,0.0,6595.0,6503.0,0,0
2022-02-10,CRUDEOIL,2022-06-17,0.0,0.0,0.0,6530.0,6448.0,0,0
2022-02-10,CRUDEOIL,2022-07-19,0.0,0.0,0.0,6458.0,6387.0,0,0
2022-02-11,CRUDEOIL,2022-02-18,6765.0,6935.0,6720.0,6921.0,6799.0,54853,13502
2022-02-11,CRUDEOIL,2022-03-21,6691.0,6830.0,6642.0,6818.0,6729.0,5432,2328
2022-02-11,CRUDEOIL,2022-04-19,6734.0,6734.0,6734.0,6734.0,6661.0,1,13
2022-02-11,CRUDEOIL,2022-05-19,0.0,0.0,0.0,6621.0,6595.0,0,0
2022-02-11,CRUDEOIL,2022-06-17,0.0,0.0,0.0,6525.0,6530.0,0,0
2022-02-11,CRUDEOIL,2022-07-19,0.0,0.0,0.0,6419.0,6458.0,0,0
2022-02-14,CRUDEOIL,2022-02-18,6949.0,7157.0,6949.0,7108.0,6921.0,56821,10140
2022-02-14,CRUDEOIL,2022-03-21,7002.0,7037.0,6854.0,6983.0,6818.0,16208,3553
2022-02-14,CRUDEOIL,2022-04-19,6920.0,6934.0,6780.0,6892.0,6734.0,226,59
2022-02-14,CRUDEOIL,2022-05-19,0.0,0.0,0.0,6745.0,6621.0,0,0
2022-02-14,CRUDEOIL,2022-06-17,0.0,0.0,0.0,6628.0,6525.0,0,0
2022-02-14,CRUDEOIL,2022-07-19,0.0,0.0,0.0,6499.0,6419.0,0,0
2022-02-15,CRUDEOIL,2022-02-18,7153.0,7190.0,6824.0,6891.0,7108.0,55616,6311
2022-02-15,CRUDEOIL,2022-03-21,7013.0,7044.0,6710.0,6771.0,6983.0,30394,4114
2022-02-15,CRUDEOIL,2022-04-19,6945.0,6945.0,6638.0,6687.0,6892.0,429,92
2022-02-15,CRUDEOIL,2022-05-19,0.0,0.0,0.0,6542.0,6745.0,0,0
2022-02-15,CRUDEOIL,2022-06-17,0.0,0.0,0.0,6430.0,6628.0,0,0
2022-02-15,CRUDEOIL,2022-07-19,0.0,0.0,0.0,6306.0,6499.0,0,0
2022-02-16,CRUDEOIL,2022-02-18,6907.0,7132.0,6900.0,7047.0,6891.0,28727,6644
2022-02-16,CRUDEOIL,2022-03-21,6781.0,6997.0,6780.0,6917.0,6771.0,25205,6531
2022-02-16,CRUDEOIL,2022-04-19,6687.0,6876.0,6687.0,6811.0,6687.0,496,141
2022-02-16,CRUDEOIL,2022-05-19,0.0,0.0,0.0,6669.0,6542.0,0,0
2022-02-16,CRUDEOIL,2022-06-17,0.0,0.0,0.0,6547.0,6430.0,0,0
2022-02-16,CRUDEOIL,2022-07-19,0.0,0.0,0.0,6413.0,6306.0,0,0
2022-02-17,CRUDEOIL,2022-02-18,6885.0,7012.0,6814.0,6841.0,7047.0,23805,1809
2022-02-17,CRUDEOIL,2022-03-21,6772.0,6892.0,6701.0,6727.0,6917.0,61418,5426
2022-02-17,CRUDEOIL,2022-04-19,6659.0,6800.0,6610.0,6629.0,6811.0,1013,193
2022-02-17,CRUDEOIL,2022-05-19,0.0,0.0,0.0,6510.0,6669.0,0,0
2022-02-17,CRUDEOIL,2022-06-17,0.0,0.0,0.0,6403.0,6547.0,0,0
2022-02-17,CRUDEOIL,2022-07-19,0.0,0.0,0.0,6285.0,6413.0,0,0
2022-02-18,CRUDEOIL,2022-02-18,6824.0,6938.0,6669.0,6823.0,6841.0,8803,248
2022-02-18,CRUDEOIL,2022-03-21,6728.0,6812.0,6546.0,6730.0,6727.0,67094,6556
2022-02-18,CRUDEOIL,2022-04-19,6632.0,6701.0,6469.0,6625.0,6629.0,1263,226
2022-02-18,CRUDEOIL,2022-05-19,0.0,0.0,0.0,6516.0,6510.0,0,0
2022-02-18,CRUDEOIL,2022-06-17,0.0,0.0,0.0,6411.0,6403.0,0,0
2022-02-18,CRUDEOIL,2022-07-19,0.0,0.0,0.0,6295.0,6285.0,0,0
2022-02-21,CRUDEOIL,2022-03-21,6739.0,6918.0,6670.0,6868.0,6730.0,53959,8502
2022-02-21,CRUDEOIL,2022-04-19,6607.0,6819.0,6590.0,6775.0,6625.0,2152,287
2022-02-21,CRUDEOIL,2022-05-19,0.0,0.0,0.0,6678.0,6516.0,0,0
2022-02-21,CRUDEOIL,2022-06-17,0.0,0.0,0.0,6585.0,6411.0,0,0
2022-02-21,CRUDEOIL,2022-07-19,0.0,0.0,0.0,6483.0,6295.0,0,0
2022-02-21,CRUDEOIL,2022-08-19,0.0,0.0,0.0,6383.0,6320.0,0,0
2022-02-22,CRUDEOIL,2022-03-21,6765.0,7125.0,6649.0,6917.0,6868.0,80365,7324
2022-02-22,CRUDEOIL,2022-04-19,6850.0,7019.0,6740.0,6824.0,6775.0,2474,400
2022-02-22,CRUDEOIL,2022-05-19,6759.0,6896.0,6715.0,6769.0,6678.0,26,17
2022-02-22,CRUDEOIL,2022-06-17,0.0,0.0,0.0,6634.0,6585.0,0,0
2022-02-22,CRUDEOIL,2022-07-19,0.0,0.0,0.0,6532.0,6483.0,0,0
2022-02-22,CRUDEOIL,2022-08-19,0.0,0.0,0.0,6432.0,6383.0,0,0
2022-02-23,CRUDEOIL,2022-03-21,6900.0,7014.0,6774.0,6879.0,6917.0,67950,7216
2022-02-23,CRUDEOIL,2022-04-19,6803.0,6925.0,6704.0,6805.0,6824.0,2309,459
2022-02-23,CRUDEOIL,2022-05-19,6613.0,6805.0,6613.0,6722.0,6769.0,10,17
2022-02-23,CRUDEOIL,2022-06-17,0.0,0.0,0.0,6654.0,6634.0,0,0
2022-02-23,CRUDEOIL,2022-07-19,0.0,0.0,0.0,6572.0,6532.0,0,0
2022-02-23,CRUDEOIL,2022-08-19,0.0,0.0,0.0,6493.0,6432.0,0,0
2022-02-24,CRUDEOIL,2022-03-21,6940.0,7617.0,6940.0,7275.0,6879.0,148577,7142
2022-02-24,CRUDEOIL,2022-04-19,7000.0,7495.0,7000.0,7153.0,6805.0,5155,541
2022-02-24,CRUDEOIL,2022-05-19,6990.0,7134.0,6990.0,7074.0,6722.0,5,18
2022-02-24,CRUDEOIL,2022-06-17,0.0,0.0,0.0,6904.0,6654.0,0,0
2022-02-24,CRUDEOIL,2022-07-19,0.0,0.0,0.0,6770.0,6572.0,0,0
2022-02-24,CRUDEOIL,2022-08-19,0.0,0.0,0.0,6639.0,6493.0,0,0
2022-02-25,CRUDEOIL,2022-03-21,7210.0,7221.0,6777.0,6839.0,7275.0,136101,5837
2022-02-25,CRUDEOIL,2022-04-19,7117.0,7132.0,6682.0,6745.0,7153.0,5063,770
2022-02-25,CRUDEOIL,2022-05-19,6982.0,6982.0,6600.0,6650.0,7074.0,57,29
2022-02-25,CRUDEOIL,2022-06-17,0.0,0.0,0.0,6553.0,6904.0,0,0
2022-02-25,CRUDEOIL,2022-07-19,0.0,0.0,0.0,6450.0,6770.0,0,0
2022-02-25,CRUDEOIL,2022-08-19,0.0,0.0,0.0,6349.0,6639.0,0,0
2022-02-28,CRUDEOIL,2022-03-21,7099.0,7396.0,7099.0,7291.0,6839.0,122031,8448
2022-02-28,CRUDEOIL,2022-04-19,7014.0,7260.0,7014.0,7167.0,6745.0,3870,611
2022-02-28,CRUDEOIL,2022-05-19,6916.0,7107.0,6910.0,6946.0,6650.0,37,31
2022-02-28,CRUDEOIL,2022-06-17,0.0,0.0,0.0,6914.0,6553.0,0,0
2022-02-28,CRUDEOIL,2022-07-19,0.0,0.0,0.0,6777.0,6450.0,0,0
2022-02-28,CRUDEOIL,2022-08-19,0.0,0.0,0.0,6645.0,6349.0,0,0
2022-03-01,CRUDEOIL,2022-03-21,7449.0,8088.0,7449.0,7905.0,7291.0,126646,13238
2022-03-01,CRUDEOIL,2022-04-19,7300.0,7804.0,7300.0,7664.0,7167.0,4013,879
2022-03-01,CRUDEOIL,2022-05-19,0.0,0.0,0.0,7414.0,6946.0,0,31
2022-03-01,CRUDEOIL,2022-06-17,0.0,0.0,0.0,7173.0,6914.0,0,0
2022-03-01,CRUDEOIL,2022-07-19,0.0,0.0,0.0,6907.0,6777.0,0,0
2022-03-01,CRUDEOIL,2022-08-19,0.0,0.0,0.0,6650.0,6645.0,0,0
2022-03-02,CRUDEOIL,2022-03-21,8221.0,8515.0,7979.0,8243.0,7905.0,151148,12511
2022-03-02,CRUDEOIL,2022-04-19,7970.0,8230.0,7766.0,8001.0,7664.0,8125,1037
2022-03-02,CRUDEOIL,2022-05-19,7710.0,7858.0,7550.0,7629.0,7414.0,68,26
2022-03-02,CRUDEOIL,2022-06-17,0.0,0.0,0.0,7508.0,7173.0,0,0
2022-03-02,CRUDEOIL,2022-07-19,0.0,0.0,0.0,7241.0,6907.0,0,0
2022-03-02,CRUDEOIL,2022-08-19,0.0,0.0,0.0,6982.0,6650.0,0,0
2022-03-03,CRUDEOIL,2022-03-21,8495.0,8817.0,8081.0,8340.0,8243.0,149867,11570
2022-03-03,CRUDEOIL,2022-04-19,8095.0,8550.0,7865.0,8105.0,8001.0,8959,1014
2022-03-03,CRUDEOIL,2022-05-19,7934.0,8086.0,7600.0,7811.0,7629.0,52,33
2022-03-03,CRUDEOIL,2022-06-17,0.0,0.0,0.0,7626.0,7508.0,0,0
2022-03-03,CRUDEOIL,2022-07-19,0.0,0.0,0.0,7367.0,7241.0,0,0
2022-03-03,CRUDEOIL,2022-08-19,0.0,0.0,0.0,7116.0,6982.0,0,0
2022-03-04,CRUDEOIL,2022-03-21,8350.0,8695.0,8180.0,8580.0,8340.0,116770,12757
2022-03-04,CRUDEOIL,2022-04-19,8106.0,8446.0,7985.0,8355.0,8105.0,6206,1206
2022-03-04,CRUDEOIL,2022-05-19,7827.0,8190.0,7744.0,8100.0,7811.0,46,23
2022-03-04,CRUDEOIL,2022-06-17,0.0,0.0,0.0,7897.0,7626.0,0,0
2022-03-04,CRUDEOIL,2022-07-19,0.0,0.0,0.0,7648.0,7367.0,0,0
2022-03-04,CRUDEOIL,2022-08-19,0.0,0.0,0.0,7408.0,7116.0,0,0
2022-03-07,CRUDEOIL,2022-03-21,8750.0,9753.0,8750.0,9284.0,8580.0,165974,9639
2022-03-07,CRUDEOIL,2022-04-19,8689.0,9459.0,8632.0,9026.0,8355.0,8150,1010
2022-03-07,CRUDEOIL,2022-05-19,8424.0,8975.0,8424.0,8546.0,8100.0,24,22
2022-03-07,CRUDEOIL,2022-06-17,0.0,0.0,0.0,8501.0,7897.0,0,0
2022-03-07,CRUDEOIL,2022-07-19,0.0,0.0,0.0,8216.0,7648.0,0,0
2022-03-07,CRUDEOIL,2022-08-19,0.0,0.0,0.0,7940.0,7408.0,0,0
2022-03-08,CRUDEOIL,2022-03-21,9400.0,9996.0,9199.0,9438.0,9284.0,138347,8566
2022-03-08,CRUDEOIL,2022-04-19,9122.0,9684.0,8908.0,9157.0,9026.0,7569,1109
2022-03-08,CRUDEOIL,2022-05-19,8761.0,9315.0,8651.0,8784.0,8546.0,72,25
2022-03-08,CRUDEOIL,2022-06-17,0.0,0.0,0.0,8585.0,8501.0,0,0
2022-03-08,CRUDEOIL,2022-07-19,0.0,0.0,0.0,8275.0,8216.0,0,0
2022-03-08,CRUDEOIL,2022-08-19,0.0,0.0,0.0,7974.0,7940.0,0,0
2022-03-09,CRUDEOIL,2022-03-21,9700.0,9761.0,8313.0,8513.0,9438.0,174584,6863
2022-03-09,CRUDEOIL,2022-04-19,9411.0,9490.0,8059.0,8217.0,9157.0,10516,1012
2022-03-09,CRUDEOIL,2022-05-19,9055.0,9075.0,8434.0,8476.0,8784.0,20,24
2022-03-09,CRUDEOIL,2022-06-17,0.0,0.0,0.0,7614.0,8585.0,0,0
2022-03-09,CRUDEOIL,2022-07-19,0.0,0.0,0.0,7288.0,8275.0,0,0
2022-03-09,CRUDEOIL,2022-08-19,0.0,0.0,0.0,6971.0,7974.0,0,0
2022-03-10,CRUDEOIL,2022-03-21,8318.0,8780.0,8087.0,8154.0,8513.0,186125,6429
2022-03-10,CRUDEOIL,2022-04-19,8050.0,8505.0,7863.0,7934.0,8217.0,9487,987
2022-03-10,CRUDEOIL,2022-05-19,8137.0,8169.0,7715.0,7811.0,8476.0,52,32
2022-03-10,CRUDEOIL,2022-06-17,0.0,0.0,0.0,7486.0,7614.0,0,0
2022-03-10,CRUDEOIL,2022-07-19,0.0,0.0,0.0,7243.0,7288.0,0,0
2022-03-10,CRUDEOIL,2022-08-19,0.0,0.0,0.0,7008.0,6971.0,0,0
2022-03-11,CRUDEOIL,2022-03-21,8128.0,8454.0,8021.0,8335.0,8154.0,123980,6873
2022-03-11,CRUDEOIL,2022-04-19,7935.0,8248.0,7837.0,8126.0,7934.0,6291,1035
2022-03-11,CRUDEOIL,2022-05-19,7691.0,7955.0,7651.0,7847.0,7811.0,34,29
2022-03-11,CRUDEOIL,2022-06-17,0.0,0.0,0.0,7700.0,7486.0,0,0
2022-03-11,CRUDEOIL,2022-07-19,0.0,0.0,0.0,7470.0,7243.0,0,0
2022-03-11,CRUDEOIL,2022-08-19,0.0,0.0,0.0,7246.0,7008.0,0,0
2022-03-14,CRUDEOIL,2022-03-21,8184.0,8213.0,7642.0,7829.0,8335.0,100306,5018
2022-03-14,CRUDEOIL,2022-04-19,7932.0,8029.0,7536.0,7717.0,8126.0,8278,1339
2022-03-14,CRUDEOIL,2022-05-19,7770.0,7794.0,7380.0,7491.0,7847.0,32,33
2022-03-14,CRUDEOIL,2022-06-17,0.0,0.0,0.0,7489.0,7700.0,0,0
2022-03-14,CRUDEOIL,2022-07-19,0.0,0.0,0.0,7365.0,7470.0,0,0
2022-03-14,CRUDEOIL,2022-08-19,0.0,0.0,0.0,7245.0,7246.0,0,0
2022-03-15,CRUDEOIL,2022-03-21,7600.0,7600.0,7154.0,7381.0,7829.0,121464,4056
2022-03-15,CRUDEOIL,2022-04-19,7490.0,7490.0,7060.0,7294.0,7717.0,17105,1783
2022-03-15,CRUDEOIL,2022-05-19,7287.0,7311.0,7014.0,7205.0,7491.0,370,67
2022-03-15,CRUDEOIL,2022-06-17,0.0,0.0,0.0,7117.0,7489.0,0,0
2022-03-15,CRUDEOIL,2022-07-19,0.0,0.0,0.0,7021.0,7365.0,0,0
2022-03-15,CRUDEOIL,2022-08-19,0.0,0.0,0.0,6928.0,7245.0,0,0
2022-03-16,CRUDEOIL,2022-03-21,7400.0,7570.0,7203.0,7296.0,7381.0,95643,3609
2022-03-16,CRUDEOIL,2022-04-19,7333.0,7495.0,7112.0,7205.0,7294.0,25200,2348
2022-03-16,CRUDEOIL,2022-05-19,7261.0,7400.0,7029.0,7103.0,7205.0,611,137
2022-03-16,CRUDEOIL,2022-06-17,0.0,0.0,0.0,7019.0,7117.0,0,0
2022-03-16,CRUDEOIL,2022-07-19,0.0,0.0,0.0,6919.0,7021.0,0,0
2022-03-16,CRUDEOIL,2022-08-19,0.0,0.0,0.0,6822.0,6928.0,0,0
2022-03-17,CRUDEOIL,2022-03-21,7341.0,7845.0,7307.0,7771.0,7296.0,48133,3005
2022-03-17,CRUDEOIL,2022-04-19,7201.0,7773.0,7201.0,7712.0,7205.0,27103,4293
2022-03-17,CRUDEOIL,2022-05-19,7170.0,7607.0,7133.0,7557.0,7103.0,718,146
2022-03-17,CRUDEOIL,2022-06-17,0.0,0.0,0.0,7591.0,7019.0,0,0
2022-03-17,CRUDEOIL,2022-07-19,0.0,0.0,0.0,7526.0,6919.0,0,0
2022-03-17,CRUDEOIL,2022-08-19,0.0,0.0,0.0,7463.0,6822.0,0,0
2022-03-18,CRUDEOIL,2022-03-21,7841.0,7989.0,7784.0,7960.0,7771.0,15076,1456
2022-03-18,CRUDEOIL,2022-04-19,7800.0,7893.0,7701.0,7864.0,7712.0,23995,5345
2022-03-18,CRUDEOIL,2022-05-19,7679.0,7739.0,7580.0,7708.0,7557.0,548,165
2022-03-18,CRUDEOIL,2022-06-17,0.0,0.0,0.0,7668.0,7591.0,0,0
2022-03-18,CRUDEOIL,2022-07-19,0.0,0.0,0.0,7562.0,7526.0,0,0
2022-03-18,CRUDEOIL,2022-08-19,0.0,0.0,0.0,7460.0,7463.0,0,0
2022-03-21,CRUDEOIL,2022-03-21,8162.0,8469.0,8162.0,8536.0,7960.0,5329,181
2022-03-21,CRUDEOIL,2022-04-19,7900.0,8398.0,7900.0,8331.0,7864.0,62061,7229
2022-03-21,CRUDEOIL,2022-05-19,7955.0,8229.0,7907.0,8163.0,7708.0,1776,237
2022-03-21,CRUDEOIL,2022-06-17,0.0,0.0,0.0,8000.0,7668.0,0,0
2022-03-21,CRUDEOIL,2022-07-19,0.0,0.0,0.0,7821.0,7562.0,0,0
2022-03-21,CRUDEOIL,2022-08-19,0.0,0.0,0.0,7647.0,7460.0,0,0
2022-03-22,CRUDEOIL,2022-04-19,8656.0,8685.0,8177.0,8409.0,8331.0,75226,7497
2022-03-22,CRUDEOIL,2022-05-19,8260.0,8493.0,8038.0,8243.0,8163.0,2911,284
2022-03-22,CRUDEOIL,2022-06-17,0.0,0.0,0.0,8082.0,8000.0,0,0
2022-03-22,CRUDEOIL,2022-07-19,0.0,0.0,0.0,7905.0,7821.0,0,0
2022-03-22,CRUDEOIL,2022-08-19,0.0,0.0,0.0,7733.0,7647.0,0,0
2022-03-22,CRUDEOIL,2022-09-19,0.0,0.0,0.0,7562.0,7437.0,0,0
2022-03-23,CRUDEOIL,2022-04-19,8451.0,8839.0,8328.0,8731.0,8409.0,60232,8873
2022-03-23,CRUDEOIL,2022-05-19,8303.0,8631.0,8144.0,8539.0,8243.0,2884,375
2022-03-23,CRUDEOIL,2022-06-17,0.0,0.0,0.0,8353.0,8082.0,0,0
2022-03-23,CRUDEOIL,2022-07-19,0.0,0.0,0.0,8148.0,7905.0,0,0
2022-03-23,CRUDEOIL,2022-08-19,0.0,0.0,0.0,7950.0,7733.0,0,0
2022-03-23,CRUDEOIL,2022-09-19,0.0,0.0,0.0,7751.0,7562.0,0,0
2022-03-24,CRUDEOIL,2022-04-19,8781.0,8858.0,8537.0,8666.0,8731.0,63795,8049
2022-03-24,CRUDEOIL,2022-05-19,8570.0,8665.0,8370.0,8488.0,8539.0,3531,552
2022-03-24,CRUDEOIL,2022-06-17,8370.0,8370.0,8250.0,8310.0,8353.0,2,2
2022-03-24,CRUDEOIL,2022-07-19,0.0,0.0,0.0,8126.0,8148.0,0,0
2022-03-24,CRUDEOIL,2022-08-19,0.0,0.0,0.0,7942.0,7950.0,0,0
2022-03-24,CRUDEOIL,2022-09-19,0.0,0.0,0.0,7758.0,7751.0,0,0
2022-03-25,CRUDEOIL,2022-04-19,8624.0,8715.0,8305.0,8618.0,8666.0,79697,7541
2022-03-25,CRUDEOIL,2022-05-19,8423.0,8522.0,8140.0,8436.0,8488.0,4242,543
2022-03-25,CRUDEOIL,2022-06-17,8230.0,8317.0,7978.0,8157.0,8310.0,10,3
2022-03-25,CRUDEOIL,2022-07-19,0.0,0.0,0.0,8065.0,8126.0,0,0
2022-03-25,CRUDEOIL,2022-08-19,0.0,0.0,0.0,7877.0,7942.0,0,0
2022-03-25,CRUDEOIL,2022-09-19,0.0,0.0,0.0,7689.0,7758.0,0,0
2022-03-28,CRUDEOIL,2022-04-19,8475.0,8483.0,7972.0,8137.0,8618.0,78260,5492
2022-03-28,CRUDEOIL,2022-05-19,8261.0,8320.0,7827.0,7979.0,8436.0,5200,647
2022-03-28,CRUDEOIL,2022-06-17,8024.0,8024.0,7700.0,7886.0,8157.0,4,3
2022-03-28,CRUDEOIL,2022-07-19,0.0,0.0,0.0,7657.0,8065.0,0,0
2022-03-28,CRUDEOIL,2022-08-19,0.0,0.0,0.0,7494.0,7877.0,0,0
2022-03-28,CRUDEOIL,2022-09-19,0.0,0.0,0.0,7331.0,7689.0,0,0
2022-03-29,CRUDEOIL,2022-04-19,8018.0,8217.0,7426.0,7910.0,8137.0,130432,5334
2022-03-29,CRUDEOIL,2022-05-19,7869.0,8062.0,7399.0,7781.0,7979.0,6044,640
2022-03-29,CRUDEOIL,2022-06-17,7572.0,7572.0,7413.0,7520.0,7886.0,4,4
2022-03-29,CRUDEOIL,2022-07-19,0.0,0.0,0.0,7518.0,7657.0,0,0
2022-03-29,CRUDEOIL,2022-08-19,0.0,0.0,0.0,7385.0,7494.0,0,0
2022-03-29,CRUDEOIL,2022-09-19,0.0,0.0,0.0,7252.0,7331.0,0,0
2022-03-30,CRUDEOIL,2022-04-19,7942.0,8252.0,7930.0,8115.0,7910.0,60686,6690
2022-03-30,CRUDEOIL,2022-05-19,7789.0,8097.0,7789.0,7984.0,7781.0,4372,576
2022-03-30,CRUDEOIL,2022-06-17,7820.0,7856.0,7820.0,7845.0,7520.0,5,1
2022-03-30,CRUDEOIL,2022-07-19,0.0,0.0,0.0,7717.0,7518.0,0,0
2022-03-30,CRUDEOIL,2022-08-19,0.0,0.0,0.0,7582.0,7385.0,0,0
2022-03-30,CRUDEOIL,2022-09-19,0.0,0.0,0.0,7446.0,7252.0,0,0
2022-03-31,CRUDEOIL,2022-04-19,7968.0,7968.0,7597.0,7766.0,8115.0,96323,4335
2022-03-31,CRUDEOIL,2022-05-19,7665.0,7832.0,7505.0,7655.0,7984.0,5573,687
2022-03-31,CRUDEOIL,2022-06-17,7533.0,7533.0,7532.0,7532.0,7845.0,3,2
2022-03-31,CRUDEOIL,2022-07-19,0.0,0.0,0.0,7429.0,7717.0,0,0
2022-03-31,CRUDEOIL,2022-08-19,0.0,0.0,0.0,7314.0,7582.0,0,0
2022-03-31,CRUDEOIL,2022-09-19,0.0,0.0,0.0,7199.0,7446.0,0,0
2022-04-01,CRUDEOIL,2022-04-19,7600.0,7725.0,7449.0,7559.0,7766.0,77514,3595
2022-04-01,CRUDEOIL,2022-05-19,7536.0,7621.0,7361.0,7488.0,7655.0,4285,743
2022-04-01,CRUDEOIL,2022-06-17,7397.0,7445.0,7397.0,7419.0,7532.0,9,9
2022-04-01,CRUDEOIL,2022-07-19,0.0,0.0,0.0,7343.0,7429.0,0,0
2022-04-01,CRUDEOIL,2022-08-19,0.0,0.0,0.0,7270.0,7314.0,0,0
2022-04-01,CRUDEOIL,2022-09-19,0.0,0.0,0.0,7196.0,7199.0,0,0
2022-04-04,CRUDEOIL,2022-04-19,7555.0,7833.0,7438.0,7715.0,7559.0,81329,4847
2022-04-04,CRUDEOIL,2022-05-19,7490.0,7742.0,7377.0,7644.0,7488.0,3769,777
2022-04-04,CRUDEOIL,2022-06-17,7493.0,7654.0,7493.0,7574.0,7419.0,7,7
2022-04-04,CRUDEOIL,2022-07-19,0.0,0.0,0.0,7499.0,7343.0,0,0
2022-04-04,CRUDEOIL,2022-08-19,0.0,0.0,0.0,7426.0,7270.0,0,0
2022-04-04,CRUDEOIL,2022-09-19,0.0,0.0,0.0,7352.0,7196.0,0,0
2022-04-05,CRUDEOIL,2022-04-19,7850.0,7945.0,7683.0,7785.0,7715.0,78553,4651
2022-04-05,CRUDEOIL,2022-05-19,7813.0,7858.0,7608.0,7720.0,7644.0,3885,753
2022-04-05,CRUDEOIL,2022-06-17,7750.0,7750.0,7663.0,7704.0,7574.0,4,5
2022-04-05,CRUDEOIL,2022-07-19,0.0,0.0,0.0,7587.0,7499.0,0,0
2022-04-05,CRUDEOIL,2022-08-19,0.0,0.0,0.0,7520.0,7426.0,0,0
2022-04-05,CRUDEOIL,2022-09-19,0.0,0.0,0.0,7453.0,7352.0,0,0
2022-04-06,CRUDEOIL,2022-04-19,7711.0,7886.0,7320.0,7394.0,7785.0,89553,6130
2022-04-06,CRUDEOIL,2022-05-19,7635.0,7805.0,7280.0,7345.0,7720.0,5018,1116
2022-04-06,CRUDEOIL,2022-06-17,7480.0,7480.0,7300.0,7382.0,7704.0,6,8
2022-04-06,CRUDEOIL,2022-07-19,0.0,0.0,0.0,7245.0,7587.0,0,0
2022-04-06,CRUDEOIL,2022-08-19,0.0,0.0,0.0,7194.0,7520.0,0,0
2022-04-06,CRUDEOIL,2022-09-19,0.0,0.0,0.0,7144.0,7453.0,0,0
2022-04-07,CRUDEOIL,2022-04-19,7423.0,7516.0,7141.0,7278.0,7394.0,85688,6871
2022-04-07,CRUDEOIL,2022-05-19,7401.0,7475.0,7119.0,7252.0,7345.0,5435,1280
2022-04-07,CRUDEOIL,2022-06-17,7355.0,7355.0,7116.0,7263.0,7382.0,6,6
2022-04-07,CRUDEOIL,2022-07-19,0.0,0.0,0.0,7199.0,7245.0,0,0
2022-04-07,CRUDEOIL,2022-08-19,0.0,0.0,0.0,7172.0,7194.0,0,0
2022-04-07,CRUDEOIL,2022-09-19,0.0,0.0,0.0,7145.0,7144.0,0,0
2022-04-08,CRUDEOIL,2022-04-19,7286.0,7430.0,7246.0,7378.0,7278.0,70995,4267
2022-04-08,CRUDEOIL,2022-05-19,7250.0,7398.0,7229.0,7364.0,7252.0,4413,1262
2022-04-08,CRUDEOIL,2022-06-17,7256.0,7315.0,7245.0,7274.0,7263.0,7,5
2022-04-08,CRUDEOIL,2022-07-19,0.0,0.0,0.0,7335.0,7199.0,0,0
2022-04-08,CRUDEOIL,2022-08-19,0.0,0.0,0.0,7321.0,7172.0,0,0
2022-04-08,CRUDEOIL,2022-09-19,0.0,0.0,0.0,7306.0,7145.0,0,0
2022-04-11,CRUDEOIL,2022-04-19,7316.0,7367.0,7071.0,7176.0,7378.0,69460,5409
2022-04-11,CRUDEOIL,2022-05-19,7307.0,7360.0,7075.0,7177.0,7364.0,7397,1904
2022-04-11,CRUDEOIL,2022-06-17,7243.0,7335.0,7095.0,7155.0,7274.0,15,7
2022-04-11,CRUDEOIL,2022-07-19,0.0,0.0,0.0,7179.0,7335.0,0,0
2022-04-11,CRUDEOIL,2022-08-19,0.0,0.0,0.0,7180.0,7321.0,0,0
2022-04-11,CRUDEOIL,2022-09-19,0.0,0.0,0.0,7181.0,7306.0,0,0
2022-04-12,CRUDEOIL,2022-04-19,7298.0,7821.0,7278.0,7644.0,7176.0,68946,4567
2022-04-12,CRUDEOIL,2022-05-19,7315.0,7687.0,7280.0,7627.0,7177.0,14176,2638
2022-04-12,CRUDEOIL,2022-06-17,7294.0,7612.0,7281.0,7593.0,7155.0,51,22
2022-04-12,CRUDEOIL,2022-07-19,0.0,0.0,0.0,7592.0,7179.0,0,0
2022-04-12,CRUDEOIL,2022-08-19,0.0,0.0,0.0,7574.0,7180.0,0,0
2022-04-12,CRUDEOIL,2022-09-19,0.0,0.0,0.0,7557.0,7181.0,0,0
2022-04-13,CRUDEOIL,2022-04-19,7666.0,7937.0,7605.0,7908.0,7644.0,48879,4363
2022-04-13,CRUDEOIL,2022-05-19,7642.0,7912.0,7600.0,7894.0,7627.0,18614,3155
2022-04-13,CRUDEOIL,2022-06-17,7582.0,7863.0,7553.0,7806.0,7593.0,101,28
2022-04-13,CRUDEOIL,2022-07-19,0.0,0.0,0.0,7865.0,7592.0,0,0
2022-04-13,CRUDEOIL,2022-08-19,0.0,0.0,0.0,7851.0,7574.0,0,0
2022-04-13,CRUDEOIL,2022-09-19,0.0,0.0,0.0,7836.0,7557.0,0,0
2022-04-14,CRUDEOIL,2022-04-19,7846.0,8116.0,7783.0,8078.0,7908.0,20392,3248
2022-04-14,CRUDEOIL,2022-05-19,7843.0,8094.0,7775.0,8064.0,7894.0,12479,3779
2022-04-14,CRUDEOIL,2022-06-17,7775.0,8020.0,7738.0,8003.0,7806.0,101,31
2022-04-14,CRUDEOIL,2022-07-19,0.0,0.0,0.0,8035.0,7865.0,0,0
2022-04-14,CRUDEOIL,2022-08-19,0.0,0.0,0.0,8021.0,7851.0,0,0
2022-04-14,CRUDEOIL,2022-09-19,0.0,0.0,0.0,8006.0,7836.0,0,0
2022-04-18,CRUDEOIL,2022-04-19,8223.0,8372.0,8091.0,8337.0,8078.0,15055,1063
2022-04-18,CRUDEOIL,2022-05-19,8196.0,8347.0,8072.0,8316.0,8064.0,29249,4648
2022-04-18,CRUDEOIL,2022-06-17,8169.0,8312.0,8038.0,8279.0,8003.0,157,50
2022-04-18,CRUDEOIL,2022-07-19,0.0,0.0,0.0,8273.0,8035.0,0,0
2022-04-18,CRUDEOIL,2022-08-19,0.0,0.0,0.0,8251.0,8021.0,0,0
2022-04-18,CRUDEOIL,2022-09-19,0.0,0.0,0.0,8229.0,8006.0,0,0
2022-04-19,CRUDEOIL,2022-04-19,8282.0,8287.0,7802.0,7823.0,8337.0,3613,329
2022-04-19,CRUDEOIL,2022-05-19,8277.0,8277.0,7795.0,7865.0,8316.0,50319,4048
2022-04-19,CRUDEOIL,2022-06-17,8214.0,8224.0,7783.0,7829.0,8279.0,1405,146
2022-04-19,CRUDEOIL,2022-07-19,0.0,0.0,0.0,7789.0,8273.0,0,0
2022-04-19,CRUDEOIL,2022-08-19,0.0,0.0,0.0,7750.0,8251.0,0,0
2022-04-19,CRUDEOIL,2022-09-19,0.0,0.0,0.0,7712.0,8229.0,0,0
2022-04-20,CRUDEOIL,2022-05-19,7918.0,7950.0,7638.0,7857.0,7865.0,52707,4442
2022-04-20,CRUDEOIL,2022-06-17,7874.0,7905.0,7615.0,7813.0,7829.0,1898,244
2022-04-20,CRUDEOIL,2022-07-19,0.0,0.0,0.0,7764.0,7789.0,0,0
2022-04-20,CRUDEOIL,2022-08-19,0.0,0.0,0.0,7717.0,7750.0,0,0
2022-04-20,CRUDEOIL,2022-09-19,0.0,0.0,0.0,7670.0,7712.0,0,0
2022-04-20,CRUDEOIL,2022-10-19,0.0,0.0,0.0,7624.0,7523.0,0,0
2022-04-21,CRUDEOIL,2022-05-19,7876.0,8048.0,7807.0,7865.0,7857.0,53680,4119
2022-04-21,CRUDEOIL,2022-06-17,7845.0,8002.0,7780.0,7827.0,7813.0,2016,222
2022-04-21,CRUDEOIL,2022-07-19,0.0,0.0,0.0,7785.0,7764.0,0,0
2022-04-21,CRUDEOIL,2022-08-19,0.0,0.0,0.0,7744.0,7717.0,0,0
2022-04-21,CRUDEOIL,2022-09-19,0.0,0.0,0.0,7703.0,7670.0,0,0
2022-04-21,CRUDEOIL,2022-10-19,0.0,0.0,0.0,7664.0,7624.0,0,0
2022-04-22,CRUDEOIL,2022-05-19,7865.0,7920.0,7760.0,7824.0,7865.0,50899,4657
2022-04-22,CRUDEOIL,2022-06-17,7840.0,7884.0,7736.0,7777.0,7827.0,1859,272
2022-04-22,CRUDEOIL,2022-07-19,0.0,0.0,0.0,7725.0,7785.0,0,0
2022-04-22,CRUDEOIL,2022-08-19,0.0,0.0,0.0,7674.0,7744.0,0,0
2022-04-22,CRUDEOIL,2022-09-19,0.0,0.0,0.0,7624.0,7703.0,0,0
2022-04-22,CRUDEOIL,2022-10-19,0.0,0.0,0.0,7576.0,7664.0,0,0
2022-04-25,CRUDEOIL,2022-05-19,7722.0,7722.0,7335.0,7449.0,7824.0,66477,3769
2022-04-25,CRUDEOIL,2022-06-17,7559.0,7596.0,7298.0,7408.0,7777.0,2511,392
2022-04-25,CRUDEOIL,2022-07-19,7416.0,7416.0,7416.0,7416.0,7725.0,1,1
2022-04-25,CRUDEOIL,2022-08-19,0.0,0.0,0.0,7318.0,7674.0,0,0
2022-04-25,CRUDEOIL,2022-09-19,0.0,0.0,0.0,7275.0,7624.0,0,0
2022-04-25,CRUDEOIL,2022-10-19,0.0,0.0,0.0,7232.0,7576.0,0,0
2022-04-26,CRUDEOIL,2022-05-19,7500.0,7894.0,7458.0,7869.0,7449.0,82715,5592
2022-04-26,CRUDEOIL,2022-06-17,7584.0,7825.0,7428.0,7794.0,7408.0,3340,407
2022-04-26,CRUDEOIL,2022-07-19,7328.0,7328.0,7328.0,7328.0,7416.0,1,0
2022-04-26,CRUDEOIL,2022-08-19,0.0,0.0,0.0,7631.0,7318.0,0,0
2022-04-26,CRUDEOIL,2022-09-19,0.0,0.0,0.0,7550.0,7275.0,0,0
2022-04-26,CRUDEOIL,2022-10-19,0.0,0.0,0.0,7473.0,7232.0,0,0
2022-04-27,CRUDEOIL,2022-05-19,7851.0,7899.0,7662.0,7787.0,7869.0,60493,4393
2022-04-27,CRUDEOIL,2022-06-17,7775.0,7820.0,7601.0,7724.0,7794.0,2227,456
2022-04-27,CRUDEOIL,2022-07-19,7621.0,7621.0,7567.0,7594.0,7328.0,2,0
2022-04-27,CRUDEOIL,2022-08-19,0.0,0.0,0.0,7587.0,7631.0,0,0
2022-04-27,CRUDEOIL,2022-09-19,0.0,0.0,0.0,7519.0,7550.0,0,0
2022-04-27,CRUDEOIL,2022-10-19,0.0,0.0,0.0,7454.0,7473.0,0,0
2022-04-28,CRUDEOIL,2022-05-19,7733.0,8060.0,7693.0,8037.0,7787.0,58530,6865
2022-04-28,CRUDEOIL,2022-06-17,7641.0,7957.0,7620.0,7937.0,7724.0,2695,399
2022-04-28,CRUDEOIL,2022-07-19,7882.0,7897.0,7882.0,7890.0,7594.0,4,4
2022-04-28,CRUDEOIL,2022-08-19,0.0,0.0,0.0,7719.0,7587.0,0,0
2022-04-28,CRUDEOIL,2022-09-19,0.0,0.0,0.0,7612.0,7519.0,0,0
2022-04-28,CRUDEOIL,2022-10-19,0.0,0.0,0.0,7509.0,7454.0,0,0
2022-04-29,CRUDEOIL,2022-05-19,8070.0,8273.0,8042.0,8117.0,8037.0,51367,6924
2022-04-29,CRUDEOIL,2022-06-17,7966.0,8151.0,7929.0,8007.0,7937.0,2690,394
2022-04-29,CRUDEOIL,2022-07-19,0.0,0.0,0.0,7885.0,7890.0,0,4
2022-04-29,CRUDEOIL,2022-08-19,0.0,0.0,0.0,7768.0,7719.0,0,0
2022-04-29,CRUDEOIL,2022-09-19,0.0,0.0,0.0,7650.0,7612.0,0,0
2022-04-29,CRUDEOIL,2022-10-19,0.0,0.0,0.0,7536.0,7509.0,0,0
2022-05-02,CRUDEOIL,2022-05-19,7990.0,8095.0,7689.0,8059.0,8117.0,65893,5677
2022-05-02,CRUDEOIL,2022-06-17,7900.0,7992.0,7611.0,7958.0,8007.0,3153,400
2022-05-02,CRUDEOIL,2022-07-19,7727.0,7907.0,7560.0,7732.0,7885.0,11,6
2022-05-02,CRUDEOIL,2022-08-19,0.0,0.0,0.0,7738.0,7768.0,0,0
2022-05-02,CRUDEOIL,2022-09-19,0.0,0.0,0.0,7630.0,7650.0,0,0
2022-05-02,CRUDEOIL,2022-10-19,0.0,0.0,0.0,7526.0,7536.0,0,0
2022-05-03,CRUDEOIL,2022-05-19,7980.0,8059.0,7850.0,7885.0,8059.0,34739,4220
2022-05-03,CRUDEOIL,2022-06-17,7853.0,7960.0,7760.0,7789.0,7958.0,1337,487
2022-05-03,CRUDEOIL,2022-07-19,7757.0,7818.0,7687.0,7763.0,7732.0,8,3
2022-05-03,CRUDEOIL,2022-08-19,0.0,0.0,0.0,7580.0,7738.0,0,0
2022-05-03,CRUDEOIL,2022-09-19,0.0,0.0,0.0,7477.0,7630.0,0,0
2022-05-03,CRUDEOIL,2022-10-19,0.0,0.0,0.0,7378.0,7526.0,0,0
2022-05-04,CRUDEOIL,2022-05-19,7947.0,8255.0,7914.0,8225.0,7885.0,50641,6047
2022-05-04,CRUDEOIL,2022-06-17,7827.0,8152.0,7821.0,8132.0,7789.0,2351,395
2022-05-04,CRUDEOIL,2022-07-19,7730.0,8060.0,7730.0,7950.0,7763.0,21,16
2022-05-04,CRUDEOIL,2022-08-19,0.0,0.0,0.0,7929.0,7580.0,0,0
2022-05-04,CRUDEOIL,2022-09-19,0.0,0.0,0.0,7830.0,7477.0,0,0
2022-05-04,CRUDEOIL,2022-10-19,0.0,0.0,0.0,7734.0,7378.0,0,0
2022-05-05,CRUDEOIL,2022-05-19,8227.0,8494.0,8157.0,8265.0,8225.0,55261,7067
2022-05-05,CRUDEOIL,2022-06-17,8157.0,8400.0,8077.0,8171.0,8132.0,3099,440
2022-05-05,CRUDEOIL,2022-07-19,8045.0,8268.0,8020.0,8080.0,7950.0,40,15
2022-05-05,CRUDEOIL,2022-08-19,0.0,0.0,0.0,7966.0,7929.0,0,0
2022-05-05,CRUDEOIL,2022-09-19,0.0,0.0,0.0,7866.0,7830.0,0,0
2022-05-05,CRUDEOIL,2022-10-19,0.0,0.0,0.0,7769.0,7734.0,0,0
2022-05-06,CRUDEOIL,2022-05-19,8379.0,8554.0,8313.0,8447.0,8265.0,56785,8305
2022-05-06,CRUDEOIL,2022-06-17,8208.0,8450.0,8208.0,8352.0,8171.0,3280,574
2022-05-06,CRUDEOIL,2022-07-19,8130.0,8237.0,8130.0,8156.0,8080.0,7,10
2022-05-06,CRUDEOIL,2022-08-19,0.0,0.0,0.0,8145.0,7966.0,0,0
2022-05-06,CRUDEOIL,2022-09-19,0.0,0.0,0.0,8044.0,7866.0,0,0
2022-05-06,CRUDEOIL,2022-10-19,0.0,0.0,0.0,7945.0,7769.0,0,0
2022-05-09,CRUDEOIL,2022-05-19,8498.0,8535.0,7956.0,7979.0,8447.0,61713,5493
2022-05-09,CRUDEOIL,2022-06-17,8398.0,8445.0,7880.0,7905.0,8352.0,4084,683
2022-05-09,CRUDEOIL,2022-07-19,8153.0,8153.0,7831.0,8008.0,8156.0,7,11
2022-05-09,CRUDEOIL,2022-08-19,0.0,0.0,0.0,7744.0,8145.0,0,0
2022-05-09,CRUDEOIL,2022-09-19,0.0,0.0,0.0,7665.0,8044.0,0,0
2022-05-09,CRUDEOIL,2022-10-19,0.0,0.0,0.0,7588.0,7945.0,0,0
2022-05-10,CRUDEOIL,2022-05-19,7950.0,8065.0,7654.0,7754.0,7979.0,78410,3732
2022-05-10,CRUDEOIL,2022-06-17,7746.0,7989.0,7590.0,7679.0,7905.0,6438,901
2022-05-10,CRUDEOIL,2022-07-19,7688.0,7758.0,7528.0,7647.0,8008.0,9,8
2022-05-10,CRUDEOIL,2022-08-19,0.0,0.0,0.0,7516.0,7744.0,0,0
2022-05-10,CRUDEOIL,2022-09-19,0.0,0.0,0.0,7435.0,7665.0,0,0
2022-05-10,CRUDEOIL,2022-10-19,0.0,0.0,0.0,7358.0,7588.0,0,0
2022-05-11,CRUDEOIL,2022-05-19,7813.0,8229.0,7813.0,8155.0,7754.0,71238,6128
2022-05-11,CRUDEOIL,2022-06-17,7782.0,8118.0,7749.0,8053.0,7679.0,6809,886
2022-05-11,CRUDEOIL,2022-07-19,7673.0,7816.0,7673.0,7743.0,7647.0,6,8
2022-05-11,CRUDEOIL,2022-08-19,0.0,0.0,0.0,7831.0,7516.0,0,0
2022-05-11,CRUDEOIL,2022-09-19,0.0,0.0,0.0,7722.0,7435.0,0,0
2022-05-11,CRUDEOIL,2022-10-19,0.0,0.0,0.0,7616.0,7358.0,0,0
2022-05-12,CRUDEOIL,2022-05-19,8100.0,8298.0,7953.0,8174.0,8155.0,57962,5662
2022-05-12,CRUDEOIL,2022-06-17,7999.0,8181.0,7864.0,8069.0,8053.0,7403,983
2022-05-12,CRUDEOIL,2022-07-19,7819.0,8051.0,7819.0,7967.0,7743.0,4,8
2022-05-12,CRUDEOIL,2022-08-19,0.0,0.0,0.0,7840.0,7831.0,0,0
2022-05-12,CRUDEOIL,2022-09-19,0.0,0.0,0.0,7728.0,7722.0,0,0
2022-05-12,CRUDEOIL,2022-10-19,0.0,0.0,0.0,7620.0,7616.0,0,0
2022-05-13,CRUDEOIL,2022-05-19,8290.0,8558.0,8215.0,8511.0,8174.0,41109,7871
2022-05-13,CRUDEOIL,2022-06-17,8201.0,8428.0,8119.0,8388.0,8069.0,11720,1996
2022-05-13,CRUDEOIL,2022-07-19,8098.0,8290.0,8034.0,8272.0,7967.0,57,25
2022-05-13,CRUDEOIL,2022-08-19,0.0,0.0,0.0,8120.0,7840.0,0,0
2022-05-13,CRUDEOIL,2022-09-19,0.0,0.0,0.0,7989.0,7728.0,0,0
2022-05-13,CRUDEOIL,2022-10-19,0.0,0.0,0.0,7862.0,7620.0,0,0
2022-05-16,CRUDEOIL,2022-05-19,8443.0,8914.0,8394.0,8873.0,8511.0,38604,7571
2022-05-16,CRUDEOIL,2022-06-17,8300.0,8741.0,8273.0,8708.0,8388.0,19818,3998
2022-05-16,CRUDEOIL,2022-07-19,8208.0,8539.0,8150.0,8506.0,8272.0,393,148
2022-05-16,CRUDEOIL,2022-08-19,0.0,0.0,0.0,8349.0,8120.0,0,0
2022-05-16,CRUDEOIL,2022-09-19,0.0,0.0,0.0,8173.0,7989.0,0,0
2022-05-16,CRUDEOIL,2022-10-19,0.0,0.0,0.0,8002.0,7862.0,0,0
2022-05-17,CRUDEOIL,2022-05-19,8850.0,8958.0,8742.0,8849.0,8873.0,25436,5137
2022-05-17,CRUDEOIL,2022-06-17,8688.0,8774.0,8567.0,8653.0,8708.0,26263,4748
2022-05-17,CRUDEOIL,2022-07-19,8510.0,8588.0,8387.0,8459.0,8506.0,393,227
2022-05-17,CRUDEOIL,2022-08-19,0.0,0.0,0.0,8227.0,8349.0,0,0
2022-05-17,CRUDEOIL,2022-09-19,0.0,0.0,0.0,8017.0,8173.0,0,0
2022-05-17,CRUDEOIL,2022-10-19,0.0,0.0,0.0,7814.0,8002.0,0,0
2022-05-18,CRUDEOIL,2022-05-19,8796.0,8950.0,8483.0,8510.0,8849.0,18925,1361
2022-05-18,CRUDEOIL,2022-06-17,8605.0,8728.0,8295.0,8320.0,8653.0,48492,4393
2022-05-18,CRUDEOIL,2022-07-19,8390.0,8515.0,8099.0,8127.0,8459.0,1034,412
2022-05-18,CRUDEOIL,2022-08-19,0.0,0.0,0.0,7907.0,8227.0,0,0
2022-05-18,CRUDEOIL,2022-09-19,0.0,0.0,0.0,7704.0,8017.0,0,0
2022-05-18,CRUDEOIL,2022-10-19,0.0,0.0,0.0,7507.0,7814.0,0,0
2022-05-19,CRUDEOIL,2022-05-19,8575.0,8675.0,8170.0,8719.0,8510.0,3741,271
2022-05-19,CRUDEOIL,2022-06-17,8400.0,8495.0,8025.0,8464.0,8320.0,69815,5674
2022-05-19,CRUDEOIL,2022-07-19,8220.0,8286.0,7850.0,8261.0,8127.0,1666,457
2022-05-19,CRUDEOIL,2022-08-19,7600.0,7600.0,7600.0,7600.0,7907.0,1,1
2022-05-19,CRUDEOIL,2022-09-19,0.0,0.0,0.0,7867.0,7704.0,0,0
2022-05-19,CRUDEOIL,2022-10-19,0.0,0.0,0.0,7677.0,7507.0,0,0
2022-05-20,CRUDEOIL,2022-06-17,8416.0,8651.0,8416.0,8618.0,8464.0,49466,7737
2022-05-20,CRUDEOIL,2022-07-19,8229.0,8445.0,8224.0,8404.0,8261.0,2057,512
2022-05-20,CRUDEOIL,2022-08-19,7904.0,7986.0,7904.0,7945.0,7600.0,2,2
2022-05-20,CRUDEOIL,2022-09-19,0.0,0.0,0.0,7989.0,7867.0,0,0
2022-05-20,CRUDEOIL,2022-10-19,0.0,0.0,0.0,7788.0,7677.0,0,0
2022-05-20,CRUDEOIL,2022-11-18,0.0,0.0,0.0,7588.0,7670.0,0,0
2022-05-23,CRUDEOIL,2022-06-17,8623.0,8689.0,8487.0,8543.0,8618.0,44212,6738
2022-05-23,CRUDEOIL,2022-07-19,8404.0,8475.0,8298.0,8363.0,8404.0,1837,508
2022-05-23,CRUDEOIL,2022-08-19,0.0,0.0,0.0,8188.0,7945.0,0,2
2022-05-23,CRUDEOIL,2022-09-19,0.0,0.0,0.0,8014.0,7989.0,0,0
2022-05-23,CRUDEOIL,2022-10-19,0.0,0.0,0.0,7845.0,7788.0,0,0
2022-05-23,CRUDEOIL,2022-11-18,0.0,0.0,0.0,7676.0,7588.0,0,0
2022-05-24,CRUDEOIL,2022-06-17,8525.0,8653.0,8444.0,8512.0,8543.0,45945,6496
2022-05-24,CRUDEOIL,2022-07-19,8352.0,8475.0,8275.0,8347.0,8363.0,1940,434
2022-05-24,CRUDEOIL,2022-08-19,8093.0,8174.0,8093.0,8134.0,8188.0,2,2
2022-05-24,CRUDEOIL,2022-09-19,0.0,0.0,0.0,8027.0,8014.0,0,0
2022-05-24,CRUDEOIL,2022-10-19,0.0,0.0,0.0,7872.0,7845.0,0,0
2022-05-24,CRUDEOIL,2022-11-18,0.0,0.0,0.0,7717.0,7676.0,0,0
2022-05-25,CRUDEOIL,2022-06-17,8606.0,8670.0,8490.0,8549.0,8512.0,38431,6608
2022-05-25,CRUDEOIL,2022-07-19,8444.0,8488.0,8330.0,8381.0,8347.0,1507,465
2022-05-25,CRUDEOIL,2022-08-19,8184.0,8200.0,8184.0,8192.0,8134.0,2,2
2022-05-25,CRUDEOIL,2022-09-19,0.0,0.0,0.0,8055.0,8027.0,0,0
2022-05-25,CRUDEOIL,2022-10-19,0.0,0.0,0.0,7898.0,7872.0,0,0
2022-05-25,CRUDEOIL,2022-11-18,0.0,0.0,0.0,7740.0,7717.0,0,0
2022-05-26,CRUDEOIL,2022-06-17,8601.0,8923.0,8587.0,8872.0,8549.0,37881,9705
2022-05-26,CRUDEOIL,2022-07-19,8441.0,8718.0,8412.0,8673.0,8381.0,1386,435
2022-05-26,CRUDEOIL,2022-08-19,8390.0,8463.0,8390.0,8427.0,8192.0,2,3
2022-05-26,CRUDEOIL,2022-09-19,0.0,0.0,0.0,8287.0,8055.0,0,0
2022-05-26,CRUDEOIL,2022-10-19,0.0,0.0,0.0,8100.0,7898.0,0,0
2022-05-26,CRUDEOIL,2022-11-18,0.0,0.0,0.0,7914.0,7740.0,0,0
2022-05-27,CRUDEOIL,2022-06-17,8880.0,8944.0,8763.0,8897.0,8872.0,41252,10130
2022-05-27,CRUDEOIL,2022-07-19,8697.0,8750.0,8585.0,8710.0,8673.0,1618,482
2022-05-27,CRUDEOIL,2022-08-19,8523.0,8523.0,8523.0,8523.0,8427.0,1,4
2022-05-27,CRUDEOIL,2022-09-19,0.0,0.0,0.0,8347.0,8287.0,0,0
2022-05-27,CRUDEOIL,2022-10-19,0.0,0.0,0.0,8172.0,8100.0,0,0
2022-05-27,CRUDEOIL,2022-11-18,0.0,0.0,0.0,7997.0,7914.0,0,0
2022-05-30,CRUDEOIL,2022-06-17,8982.0,9089.0,8945.0,9080.0,8897.0,26025,11055
2022-05-30,CRUDEOIL,2022-07-19,8800.0,8909.0,8763.0,8896.0,8710.0,1137,568
2022-05-30,CRUDEOIL,2022-08-19,8625.0,8638.0,8605.0,8622.0,8523.0,29,22
2022-05-30,CRUDEOIL,2022-09-19,0.0,0.0,0.0,8539.0,8347.0,0,0
2022-05-30,CRUDEOIL,2022-10-19,0.0,0.0,0.0,8367.0,8172.0,0,0
2022-05-30,CRUDEOIL,2022-11-18,0.0,0.0,0.0,8194.0,7997.0,0,0
2022-05-31,CRUDEOIL,2022-06-17,9153.0,9315.0,8889.0,9026.0,9080.0,56555,10217
2022-05-31,CRUDEOIL,2022-07-19,8998.0,9112.0,8733.0,8853.0,8896.0,3132,674
2022-05-31,CRUDEOIL,2022-08-19,8815.0,8870.0,8559.0,8741.0,8622.0,29,15
2022-05-31,CRUDEOIL,2022-09-19,0.0,0.0,0.0,8517.0,8539.0,0,0
2022-05-31,CRUDEOIL,2022-10-19,0.0,0.0,0.0,8355.0,8367.0,0,0
2022-05-31,CRUDEOIL,2022-11-18,0.0,0.0,0.0,8193.0,8194.0,0,0
2022-06-01,CRUDEOIL,2022-06-17,8933.0,9135.0,8896.0,9013.0,9026.0,53035,10049
2022-06-01,CRUDEOIL,2022-07-19,8744.0,8944.0,8718.0,8843.0,8853.0,2433,632
2022-06-01,CRUDEOIL,2022-08-19,8559.0,8685.0,8559.0,8669.0,8741.0,26,27
2022-06-01,CRUDEOIL,2022-09-19,0.0,0.0,0.0,8513.0,8517.0,0,0
2022-06-01,CRUDEOIL,2022-10-19,0.0,0.0,0.0,8354.0,8355.0,0,0
2022-06-01,CRUDEOIL,2022-11-18,0.0,0.0,0.0,8194.0,8193.0,0,0
2022-06-02,CRUDEOIL,2022-06-17,8903.0,9098.0,8644.0,9045.0,9013.0,81886,9131
2022-06-02,CRUDEOIL,2022-07-19,8639.0,8926.0,8495.0,8882.0,8843.0,3721,602
2022-06-02,CRUDEOIL,2022-08-19,8471.0,8685.0,8375.0,8645.0,8669.0,33,26
2022-06-02,CRUDEOIL,2022-09-19,0.0,0.0,0.0,8566.0,8513.0,0,0
2022-06-02,CRUDEOIL,2022-10-19,0.0,0.0,0.0,8413.0,8354.0,0,0
2022-06-02,CRUDEOIL,2022-11-18,0.0,0.0,0.0,8260.0,8194.0,0,0
2022-06-03,CRUDEOIL,2022-06-17,9039.0,9275.0,8950.0,9235.0,9045.0,46827,12698
2022-06-03,CRUDEOIL,2022-07-19,8856.0,9087.0,8789.0,9051.0,8882.0,2660,805
2022-06-03,CRUDEOIL,2022-08-19,8739.0,8900.0,8672.0,8864.0,8645.0,72,14
2022-06-03,CRUDEOIL,2022-09-19,0.0,0.0,0.0,8694.0,8566.0,0,0
2022-06-03,CRUDEOIL,2022-10-19,0.0,0.0,0.0,8522.0,8413.0,0,0
2022-06-03,CRUDEOIL,2022-11-18,0.0,0.0,0.0,8349.0,8260.0,0,0
2022-06-06,CRUDEOIL,2022-06-17,9300.0,9322.0,9145.0,9225.0,9235.0,38278,12470
2022-06-06,CRUDEOIL,2022-07-19,9141.0,9141.0,8981.0,9067.0,9051.0,2338,866
2022-06-06,CRUDEOIL,2022-08-19,8900.0,8928.0,8886.0,8909.0,8864.0,8,14
2022-06-06,CRUDEOIL,2022-09-19,0.0,0.0,0.0,8760.0,8694.0,0,0
2022-06-06,CRUDEOIL,2022-10-19,0.0,0.0,0.0,8612.0,8522.0,0,0
2022-06-06,CRUDEOIL,2022-11-18,0.0,0.0,0.0,8464.0,8349.0,0,0
2022-06-07,CRUDEOIL,2022-06-17,9269.0,9348.0,9100.0,9169.0,9225.0,48661,11052
2022-06-07,CRUDEOIL,2022-07-19,9113.0,9179.0,8966.0,9032.0,9067.0,3255,947
2022-06-07,CRUDEOIL,2022-08-19,8888.0,8888.0,8883.0,8886.0,8909.0,2,13
2022-06-07,CRUDEOIL,2022-09-19,0.0,0.0,0.0,8766.0,8760.0,0,0
2022-06-07,CRUDEOIL,2022-10-19,0.0,0.0,0.0,8638.0,8612.0,0,0
2022-06-07,CRUDEOIL,2022-11-18,0.0,0.0,0.0,8509.0,8464.0,0,0
2022-06-08,CRUDEOIL,2022-06-17,9277.0,9559.0,9275.0,9524.0,9169.0,49093,14345
2022-06-08,CRUDEOIL,2022-07-19,9137.0,9390.0,9124.0,9351.0,9032.0,4263,1489
2022-06-08,CRUDEOIL,2022-08-19,8966.0,9144.0,8966.0,9046.0,8886.0,18,13
2022-06-08,CRUDEOIL,2022-09-19,0.0,0.0,0.0,9015.0,8766.0,0,0
2022-06-08,CRUDEOIL,2022-10-19,0.0,0.0,0.0,8853.0,8638.0,0,0
2022-06-08,CRUDEOIL,2022-11-18,0.0,0.0,0.0,8691.0,8509.0,0,0
2022-06-09,CRUDEOIL,2022-06-17,9508.0,9518.0,9392.0,9473.0,9524.0,34796,14085
2022-06-09,CRUDEOIL,2022-07-19,9339.0,9359.0,9242.0,9305.0,9351.0,3534,1518
2022-06-09,CRUDEOIL,2022-08-19,9146.0,9160.0,9101.0,9131.0,9046.0,8,15
2022-06-09,CRUDEOIL,2022-09-19,0.0,0.0,0.0,8979.0,9015.0,0,0
2022-06-09,CRUDEOIL,2022-10-19,0.0,0.0,0.0,8822.0,8853.0,0,0
2022-06-09,CRUDEOIL,2022-11-18,0.0,0.0,0.0,8664.0,8691.0,0,0
2022-06-10,CRUDEOIL,2022-06-17,9427.0,9545.0,9246.0,9399.0,9473.0,57172,11782
2022-06-10,CRUDEOIL,2022-07-19,9235.0,9355.0,9075.0,9214.0,9305.0,5215,1470
2022-06-10,CRUDEOIL,2022-08-19,9048.0,9170.0,8994.0,9082.0,9131.0,15,17
2022-06-10,CRUDEOIL,2022-09-19,0.0,0.0,0.0,8855.0,8979.0,0,0
2022-06-10,CRUDEOIL,2022-10-19,0.0,0.0,0.0,8682.0,8822.0,0,0
2022-06-10,CRUDEOIL,2022-11-18,0.0,0.0,0.0,8508.0,8664.0,0,0
2022-06-13,CRUDEOIL,2022-06-17,9337.0,9531.0,9186.0,9443.0,9399.0,45343,8324
2022-06-13,CRUDEOIL,2022-07-19,9143.0,9346.0,9010.0,9252.0,9214.0,13287,3624
2022-06-13,CRUDEOIL,2022-08-19,8983.0,9134.0,8848.0,9063.0,9082.0,115,16
2022-06-13,CRUDEOIL,2022-09-19,0.0,0.0,0.0,8881.0,8855.0,0,0
2022-06-13,CRUDEOIL,2022-10-19,0.0,0.0,0.0,8702.0,8682.0,0,0
2022-06-13,CRUDEOIL,2022-11-18,0.0,0.0,0.0,8523.0,8508.0,0,0
2022-06-14,CRUDEOIL,2022-06-17,9439.0,9635.0,9340.0,9398.0,9443.0,29117,6081
2022-06-14,CRUDEOIL,2022-07-19,9255.0,9440.0,9154.0,9203.0,9252.0,14935,4052
2022-06-14,CRUDEOIL,2022-08-19,9059.0,9227.0,8988.0,9008.0,9063.0,198,32
2022-06-14,CRUDEOIL,2022-09-19,0.0,0.0,0.0,8825.0,8881.0,0,0
2022-06-14,CRUDEOIL,2022-10-19,0.0,0.0,0.0,8642.0,8702.0,0,0
2022-06-14,CRUDEOIL,2022-11-18,0.0,0.0,0.0,8459.0,8523.0,0,0
2022-06-15,CRUDEOIL,2022-06-17,9300.0,9326.0,9077.0,9148.0,9398.0,26966,3378
2022-06-15,CRUDEOIL,2022-07-19,9100.0,9139.0,8918.0,8986.0,9203.0,19694,4145
2022-06-15,CRUDEOIL,2022-08-19,8892.0,8946.0,8750.0,8805.0,9008.0,377,67
2022-06-15,CRUDEOIL,2022-09-19,0.0,0.0,0.0,8672.0,8825.0,0,0
2022-06-15,CRUDEOIL,2022-10-19,0.0,0.0,0.0,8520.0,8642.0,0,0
2022-06-15,CRUDEOIL,2022-11-18,0.0,0.0,0.0,8368.0,8459.0,0,0
2022-06-16,CRUDEOIL,2022-06-17,9099.0,9193.0,8769.0,9164.0,9148.0,14058,1413
2022-06-16,CRUDEOIL,2022-07-19,8932.0,9026.0,8640.0,9002.0,8986.0,34203,4727
2022-06-16,CRUDEOIL,2022-08-19,8749.0,8829.0,8510.0,8815.0,8805.0,591,118
2022-06-16,CRUDEOIL,2022-09-19,0.0,0.0,0.0,8688.0,8672.0,0,0
2022-06-16,CRUDEOIL,2022-10-19,0.0,0.0,0.0,8536.0,8520.0,0,0
2022-06-16,CRUDEOIL,2022-11-18,0.0,0.0,0.0,8384.0,8368.0,0,0
2022-06-17,CRUDEOIL,2022-06-17,9109.0,9281.0,8477.0,8555.0,9164.0,3453,691
2022-06-17,CRUDEOIL,2022-07-19,8939.0,9113.0,8320.0,8373.0,9002.0,49779,4694
2022-06-17,CRUDEOIL,2022-08-19,8750.0,8915.0,8205.0,8243.0,8815.0,1341,219
2022-06-17,CRUDEOIL,2022-09-19,0.0,0.0,0.0,8113.0,8688.0,0,0
2022-06-17,CRUDEOIL,2022-10-19,0.0,0.0,0.0,7987.0,8536.0,0,0
2022-06-17,CRUDEOIL,2022-11-18,0.0,0.0,0.0,7861.0,8384.0,0,0
2022-06-20,CRUDEOIL,2022-07-19,8396.0,8528.0,8355.0,8504.0,8373.0,30084,4211
2022-06-20,CRUDEOIL,2022-08-19,8260.0,8375.0,8214.0,8358.0,8243.0,1239,222
2022-06-20,CRUDEOIL,2022-09-19,8129.0,8181.0,8117.0,8137.0,8113.0,5,1
2022-06-20,CRUDEOIL,2022-10-19,0.0,0.0,0.0,8070.0,7987.0,0,0
2022-06-20,CRUDEOIL,2022-11-18,0.0,0.0,0.0,7929.0,7861.0,0,0
2022-06-21,CRUDEOIL,2022-07-19,8535.0,8698.0,8522.0,8556.0,8504.0,32685,4402
2022-06-21,CRUDEOIL,2022-08-19,8458.0,8545.0,8383.0,8421.0,8358.0,1201,250
2022-06-21,CRUDEOIL,2022-09-19,8300.0,8300.0,8300.0,8300.0,8137.0,2,2
2022-06-21,CRUDEOIL,2022-10-19,0.0,0.0,0.0,8155.0,8070.0,0,0
2022-06-21,CRUDEOIL,2022-11-18,0.0,0.0,0.0,8024.0,7929.0,0,0
2022-06-21,CRUDEOIL,2022-12-19,0.0,0.0,0.0,7889.0,7949.0,0,0
2022-06-22,CRUDEOIL,2022-07-19,8502.0,8502.0,7966.0,8351.0,8556.0,58325,4108
2022-06-22,CRUDEOIL,2022-08-19,8133.0,8242.0,7865.0,8201.0,8421.0,2274,307
2022-06-22,CRUDEOIL,2022-09-19,0.0,0.0,0.0,8051.0,8300.0,0,2
2022-06-22,CRUDEOIL,2022-10-19,0.0,0.0,0.0,7905.0,8155.0,0,0
2022-06-22,CRUDEOIL,2022-11-18,0.0,0.0,0.0,7760.0,8024.0,0,0
2022-06-22,CRUDEOIL,2022-12-19,0.0,0.0,0.0,7610.0,7889.0,0,0
2022-06-23,CRUDEOIL,2022-07-19,8289.0,8383.0,8084.0,8222.0,8351.0,50379,3942
2022-06-23,CRUDEOIL,2022-08-19,7969.0,8212.0,7940.0,8038.0,8201.0,2272,365
2022-06-23,CRUDEOIL,2022-09-19,0.0,0.0,0.0,7854.0,8051.0,0,2
2022-06-23,CRUDEOIL,2022-10-19,0.0,0.0,0.0,7675.0,7905.0,0,0
2022-06-23,CRUDEOIL,2022-11-18,0.0,0.0,0.0,7497.0,7760.0,0,0
2022-06-23,CRUDEOIL,2022-12-19,0.0,0.0,0.0,7313.0,7610.0,0,0
2022-06-24,CRUDEOIL,2022-07-19,8155.0,8508.0,8132.0,8384.0,8222.0,42139,4782
2022-06-24,CRUDEOIL,2022-08-19,7973.0,8285.0,7938.0,8173.0,8038.0,2074,416
2022-06-24,CRUDEOIL,2022-09-19,0.0,0.0,0.0,7962.0,7854.0,0,2
2022-06-24,CRUDEOIL,2022-10-19,0.0,0.0,0.0,7757.0,7675.0,0,0
2022-06-24,CRUDEOIL,2022-11-18,0.0,0.0,0.0,7553.0,7497.0,0,0
2022-06-24,CRUDEOIL,2022-12-19,0.0,0.0,0.0,7342.0,7313.0,0,0
2022-06-27,CRUDEOIL,2022-07-19,8442.0,8679.0,8336.0,8638.0,8384.0,35782,6968
2022-06-27,CRUDEOIL,2022-08-19,8220.0,8450.0,8139.0,8418.0,8173.0,2357,429
2022-06-27,CRUDEOIL,2022-09-19,8030.0,8030.0,8003.0,8017.0,7962.0,3,3
2022-06-27,CRUDEOIL,2022-10-19,0.0,0.0,0.0,7985.0,7757.0,0,0
2022-06-27,CRUDEOIL,2022-11-18,0.0,0.0,0.0,7772.0,7553.0,0,0
2022-06-27,CRUDEOIL,2022-12-19,0.0,0.0,0.0,7552.0,7342.0,0,0
2022-06-28,CRUDEOIL,2022-07-19,8687.0,8859.0,8665.0,8812.0,8638.0,35784,8058
2022-06-28,CRUDEOIL,2022-08-19,8472.0,8653.0,8470.0,8609.0,8418.0,2037,429
2022-06-28,CRUDEOIL,2022-09-19,8337.0,8337.0,8330.0,8334.0,8017.0,2,4
2022-06-28,CRUDEOIL,2022-10-19,0.0,0.0,0.0,8209.0,7985.0,0,0
2022-06-28,CRUDEOIL,2022-11-18,0.0,0.0,0.0,8013.0,7772.0,0,0
2022-06-28,CRUDEOIL,2022-12-19,0.0,0.0,0.0,7810.0,7552.0,0,0
2022-06-29,CRUDEOIL,2022-07-19,8756.0,9015.0,8741.0,8774.0,8812.0,33583,7222
2022-06-29,CRUDEOIL,2022-08-19,8556.0,8793.0,8533.0,8566.0,8609.0,2291,441
2022-06-29,CRUDEOIL,2022-09-19,8382.0,8382.0,8382.0,8382.0,8334.0,1,3
2022-06-29,CRUDEOIL,2022-10-19,0.0,0.0,0.0,8156.0,8209.0,0,0
2022-06-29,CRUDEOIL,2022-11-18,0.0,0.0,0.0,7955.0,8013.0,0,0
2022-06-29,CRUDEOIL,2022-12-19,0.0,0.0,0.0,7747.0,7810.0,0,0
2022-06-30,CRUDEOIL,2022-07-19,8708.0,8715.0,8316.0,8387.0,8774.0,46751,4222
2022-06-30,CRUDEOIL,2022-08-19,8495.0,8529.0,8151.0,8207.0,8566.0,2536,440
2022-06-30,CRUDEOIL,2022-09-19,0.0,0.0,0.0,8027.0,8382.0,0,3
2022-06-30,CRUDEOIL,2022-10-19,0.0,0.0,0.0,7852.0,8156.0,0,0
2022-06-30,CRUDEOIL,2022-11-18,0.0,0.0,0.0,7678.0,7955.0,0,0
2022-06-30,CRUDEOIL,2022-12-19,0.0,0.0,0.0,7498.0,7747.0,0,0
2022-07-01,CRUDEOIL,2022-07-19,8387.0,8628.0,8278.0,8605.0,8387.0,33269,4961
2022-07-01,CRUDEOIL,2022-08-19,8196.0,8427.0,8097.0,8389.0,8207.0,2534,537
2022-07-01,CRUDEOIL,2022-09-19,8176.0,8206.0,8170.0,8181.0,8027.0,4,2
2022-07-01,CRUDEOIL,2022-10-19,0.0,0.0,0.0,7963.0,7852.0,0,0
2022-07-01,CRUDEOIL,2022-11-18,0.0,0.0,0.0,7754.0,7678.0,0,0
2022-07-01,CRUDEOIL,2022-12-19,0.0,0.0,0.0,7538.0,7498.0,0,0
2022-07-04,CRUDEOIL,2022-07-19,8556.0,8742.0,8469.0,8722.0,8605.0,24344,6320
2022-07-04,CRUDEOIL,2022-08-19,8345.0,8532.0,8271.0,8510.0,8389.0,1357,575
2022-07-04,CRUDEOIL,2022-09-19,0.0,0.0,0.0,8298.0,8181.0,0,2
2022-07-04,CRUDEOIL,2022-10-19,0.0,0.0,0.0,8092.0,7963.0,0,0
2022-07-04,CRUDEOIL,2022-11-18,0.0,0.0,0.0,7887.0,7754.0,0,0
2022-07-04,CRUDEOIL,2022-12-19,0.0,0.0,0.0,7675.0,7538.0,0,0
2022-07-05,CRUDEOIL,2022-07-19,8699.0,8748.0,7728.0,7781.0,8722.0,64486,4938
2022-07-05,CRUDEOIL,2022-08-19,8486.0,8534.0,7557.0,7592.0,8510.0,4161,1053
2022-07-05,CRUDEOIL,2022-09-19,8177.0,8199.0,7967.0,8147.0,8298.0,11,10
2022-07-05,CRUDEOIL,2022-10-19,0.0,0.0,0.0,7220.0,8092.0,0,0
2022-07-05,CRUDEOIL,2022-11-18,0.0,0.0,0.0,7037.0,7887.0,0,0
2022-07-05,CRUDEOIL,2022-12-19,0.0,0.0,0.0,6848.0,7675.0,0,0
2022-07-06,CRUDEOIL,2022-07-19,7878.0,8072.0,7535.0,7766.0,7781.0,67664,4839
2022-07-06,CRUDEOIL,2022-08-19,7705.0,7857.0,7320.0,7527.0,7592.0,4885,1183
2022-07-06,CRUDEOIL,2022-09-19,0.0,0.0,0.0,7288.0,8147.0,0,10
2022-07-06,CRUDEOIL,2022-10-19,0.0,0.0,0.0,7056.0,7220.0,0,0
2022-07-06,CRUDEOIL,2022-11-18,0.0,0.0,0.0,6825.0,7037.0,0,0
2022-07-06,CRUDEOIL,2022-12-19,0.0,0.0,0.0,6586.0,6848.0,0,0
2022-07-07,CRUDEOIL,2022-07-19,7850.0,8269.0,7751.0,8195.0,7766.0,50393,4757
2022-07-07,CRUDEOIL,2022-08-19,7611.0,8005.0,7498.0,7936.0,7527.0,3601,900
2022-07-07,CRUDEOIL,2022-09-19,7352.0,7725.0,7321.0,7525.0,7288.0,12,9
2022-07-07,CRUDEOIL,2022-10-19,0.0,0.0,0.0,7426.0,7056.0,0,0
2022-07-07,CRUDEOIL,2022-11-18,0.0,0.0,0.0,7175.0,6825.0,0,0
2022-07-07,CRUDEOIL,2022-12-19,0.0,0.0,0.0,6916.0,6586.0,0,0
2022-07-08,CRUDEOIL,2022-07-19,8137.0,8350.0,8056.0,8314.0,8195.0,44434,5224
2022-07-08,CRUDEOIL,2022-08-19,7873.0,8115.0,7841.0,8093.0,7936.0,3460,831
2022-07-08,CRUDEOIL,2022-09-19,7700.0,7826.0,7700.0,7744.0,7525.0,3,9
2022-07-08,CRUDEOIL,2022-10-19,0.0,0.0,0.0,7658.0,7426.0,0,0
2022-07-08,CRUDEOIL,2022-11-18,0.0,0.0,0.0,7444.0,7175.0,0,0
2022-07-08,CRUDEOIL,2022-12-19,0.0,0.0,0.0,7223.0,6916.0,0,0
2022-07-11,CRUDEOIL,2022-07-19,8239.0,8304.0,8020.0,8254.0,8314.0,45715,4814
2022-07-11,CRUDEOIL,2022-08-19,8019.0,8089.0,7821.0,8044.0,8093.0,4227,876
2022-07-11,CRUDEOIL,2022-09-19,7709.0,7850.0,7637.0,7769.0,7744.0,8,13
2022-07-11,CRUDEOIL,2022-10-19,0.0,0.0,0.0,7630.0,7658.0,0,0
2022-07-11,CRUDEOIL,2022-11-18,0.0,0.0,0.0,7427.0,7444.0,0,0
2022-07-11,CRUDEOIL,2022-12-19,0.0,0.0,0.0,7217.0,7223.0,0,0
2022-07-12,CRUDEOIL,2022-07-19,8150.0,8162.0,7623.0,7664.0,8254.0,56902,5689
2022-07-12,CRUDEOIL,2022-08-19,7942.0,7963.0,7450.0,7490.0,8044.0,6462,2012
2022-07-12,CRUDEOIL,2022-09-19,7660.0,7660.0,7301.0,7394.0,7769.0,17,7
2022-07-12,CRUDEOIL,2022-10-19,0.0,0.0,0.0,7147.0,7630.0,0,0
2022-07-12,CRUDEOIL,2022-11-18,0.0,0.0,0.0,6979.0,7427.0,0,0
2022-07-12,CRUDEOIL,2022-12-19,0.0,0.0,0.0,6805.0,7217.0,0,0
2022-07-13,CRUDEOIL,2022-07-19,7644.0,7804.0,7551.0,7672.0,7664.0,51999,4386
2022-07-13,CRUDEOIL,2022-08-19,7470.0,7622.0,7390.0,7500.0,7490.0,10203,2057
2022-07-13,CRUDEOIL,2022-09-19,7281.0,7428.0,7209.0,7317.0,7394.0,66,13
2022-07-13,CRUDEOIL,2022-10-19,0.0,0.0,0.0,7161.0,7147.0,0,0
2022-07-13,CRUDEOIL,2022-11-18,0.0,0.0,0.0,6995.0,6979.0,0,0
2022-07-13,CRUDEOIL,2022-12-19,0.0,0.0,0.0,6823.0,6805.0,0,0
2022-07-14,CRUDEOIL,2022-07-19,7700.0,7738.0,7272.0,7595.0,7672.0,53843,3233
2022-07-14,CRUDEOIL,2022-08-19,7543.0,7569.0,7108.0,7396.0,7500.0,16842,2376
2022-07-14,CRUDEOIL,2022-09-19,7390.0,7390.0,6966.0,7176.0,7317.0,94,26
2022-07-14,CRUDEOIL,2022-10-19,0.0,0.0,0.0,7004.0,7161.0,0,0
2022-07-14,CRUDEOIL,2022-11-18,0.0,0.0,0.0,6811.0,6995.0,0,0
2022-07-14,CRUDEOIL,2022-12-19,0.0,0.0,0.0,6612.0,6823.0,0,0
2022-07-15,CRUDEOIL,2022-07-19,7660.0,7899.0,7559.0,7813.0,7595.0,34750,3247
2022-07-15,CRUDEOIL,2022-08-19,7485.0,7686.0,7350.0,7594.0,7396.0,21397,2025
2022-07-15,CRUDEOIL,2022-09-19,7330.0,7480.0,7220.0,7428.0,7176.0,173,28
2022-07-15,CRUDEOIL,2022-10-19,0.0,0.0,0.0,7163.0,7004.0,0,0
2022-07-15,CRUDEOIL,2022-11-18,0.0,0.0,0.0,6951.0,6811.0,0,0
2022-07-15,CRUDEOIL,2022-12-19,0.0,0.0,0.0,6732.0,6612.0,0,0
2022-07-18,CRUDEOIL,2022-07-19,7812.0,8188.0,7801.0,8135.0,7813.0,12760,1045
2022-07-18,CRUDEOIL,2022-08-19,7601.0,7979.0,7592.0,7918.0,7594.0,29050,3369
2022-07-18,CRUDEOIL,2022-09-19,7441.0,7789.0,7422.0,7744.0,7428.0,515,93
2022-07-18,CRUDEOIL,2022-10-19,0.0,0.0,0.0,7491.0,7163.0,0,0
2022-07-18,CRUDEOIL,2022-11-18,0.0,0.0,0.0,7281.0,6951.0,0,0
2022-07-18,CRUDEOIL,2022-12-19,0.0,0.0,0.0,7064.0,6732.0,0,0
2022-07-19,CRUDEOIL,2022-07-19,8178.0,8350.0,7980.0,8332.0,8135.0,3134,61
2022-07-19,CRUDEOIL,2022-08-19,7997.0,8080.0,7734.0,8056.0,7918.0,38263,4981
2022-07-19,CRUDEOIL,2022-09-19,7750.0,7871.0,7544.0,7852.0,7744.0,1458,188
2022-07-19,CRUDEOIL,2022-10-19,0.0,0.0,0.0,7654.0,7491.0,0,0
2022-07-19,CRUDEOIL,2022-11-18,0.0,0.0,0.0,7457.0,7281.0,0,0
2022-07-19,CRUDEOIL,2022-12-19,0.0,0.0,0.0,7253.0,7064.0,0,0
2022-07-20,CRUDEOIL,2022-08-19,8026.0,8076.0,7875.0,8009.0,8056.0,37192,4359
2022-07-20,CRUDEOIL,2022-09-19,7827.0,7852.0,7661.0,7799.0,7852.0,1569,283
2022-07-20,CRUDEOIL,2022-10-19,0.0,0.0,0.0,7595.0,7654.0,0,0
2022-07-20,CRUDEOIL,2022-11-18,0.0,0.0,0.0,7392.0,7457.0,0,0
2022-07-20,CRUDEOIL,2022-12-19,0.0,0.0,0.0,7182.0,7253.0,0,0
2022-07-20,CRUDEOIL,2023-01-19,0.0,0.0,0.0,6972.0,7320.0,0,0
2022-07-21,CRUDEOIL,2022-08-19,7971.0,7975.0,7576.0,7778.0,8009.0,49079,3212
2022-07-21,CRUDEOIL,2022-09-19,7746.0,7774.0,7401.0,7601.0,7799.0,2360,289
2022-07-21,CRUDEOIL,2022-10-19,0.0,0.0,0.0,7429.0,7595.0,0,0
2022-07-21,CRUDEOIL,2022-11-18,0.0,0.0,0.0,7258.0,7392.0,0,0
2022-07-21,CRUDEOIL,2022-12-19,0.0,0.0,0.0,7081.0,7182.0,0,0
2022-07-21,CRUDEOIL,2023-01-19,0.0,0.0,0.0,6904.0,6972.0,0,0
2022-07-22,CRUDEOIL,2022-08-19,7803.0,7841.0,7550.0,7660.0,7778.0,45461,3055
2022-07-22,CRUDEOIL,2022-09-19,7626.0,7666.0,7398.0,7509.0,7601.0,2044,401
2022-07-22,CRUDEOIL,2022-10-19,7532.0,7532.0,7524.0,7528.0,7429.0,2,2
2022-07-22,CRUDEOIL,2022-11-18,0.0,0.0,0.0,7216.0,7258.0,0,0
2022-07-22,CRUDEOIL,2022-12-19,0.0,0.0,0.0,7065.0,7081.0,0,0
2022-07-22,CRUDEOIL,2023-01-19,0.0,0.0,0.0,6914.0,6904.0,0,0
2022-07-25,CRUDEOIL,2022-08-19,7630.0,7745.0,7438.0,7713.0,7660.0,35843,3282
2022-07-25,CRUDEOIL,2022-09-19,7475.0,7591.0,7293.0,7555.0,7509.0,2303,429
2022-07-25,CRUDEOIL,2022-10-19,7292.0,7292.0,7292.0,7292.0,7528.0,1,3
2022-07-25,CRUDEOIL,2022-11-18,0.0,0.0,0.0,7249.0,7216.0,0,0
2022-07-25,CRUDEOIL,2022-12-19,0.0,0.0,0.0,7091.0,7065.0,0,0
2022-07-25,CRUDEOIL,2023-01-19,0.0,0.0,0.0,6933.0,6914.0,0,0
2022-07-26,CRUDEOIL,2022-08-19,7730.0,7907.0,7582.0,7665.0,7713.0,31397,3166
2022-07-26,CRUDEOIL,2022-09-19,7688.0,7750.0,7450.0,7522.0,7555.0,1996,409
2022-07-26,CRUDEOIL,2022-10-19,7505.0,7505.0,7505.0,7505.0,7292.0,1,2
2022-07-26,CRUDEOIL,2022-11-18,0.0,0.0,0.0,7245.0,7249.0,0,0
2022-07-26,CRUDEOIL,2022-12-19,0.0,0.0,0.0,7102.0,7091.0,0,0
2022-07-26,CRUDEOIL,2023-01-19,0.0,0.0,0.0,6959.0,6933.0,0,0
2022-07-27,CRUDEOIL,2022-08-19,7639.0,7845.0,7551.0,7823.0,7665.0,38883,4001
2022-07-27,CRUDEOIL,2022-09-19,7479.0,7704.0,7435.0,7691.0,7522.0,1926,490
2022-07-27,CRUDEOIL,2022-10-19,7495.0,7519.0,7495.0,7507.0,7505.0,2,4
2022-07-27,CRUDEOIL,2022-11-18,0.0,0.0,0.0,7435.0,7245.0,0,0
2022-07-27,CRUDEOIL,2022-12-19,0.0,0.0,0.0,7303.0,7102.0,0,0
2022-07-27,CRUDEOIL,2023-01-19,0.0,0.0,0.0,7171.0,6959.0,0,0
2022-07-28,CRUDEOIL,2022-08-19,7850.0,7968.0,7680.0,7716.0,7823.0,40122,3040
2022-07-28,CRUDEOIL,2022-09-19,7756.0,7833.0,7566.0,7590.0,7691.0,2526,521
2022-07-28,CRUDEOIL,2022-10-19,7596.0,7717.0,7582.0,7615.0,7507.0,5,9
2022-07-28,CRUDEOIL,2022-11-18,0.0,0.0,0.0,7346.0,7435.0,0,0
2022-07-28,CRUDEOIL,2022-12-19,0.0,0.0,0.0,7220.0,7303.0,0,0
2022-07-28,CRUDEOIL,2023-01-19,0.0,0.0,0.0,7094.0,7171.0,0,0
2022-07-29,CRUDEOIL,2022-08-19,7729.0,8088.0,7670.0,7842.0,7716.0,45693,3749
2022-07-29,CRUDEOIL,2022-09-19,7598.0,7935.0,7551.0,7716.0,7590.0,2756,527
2022-07-29,CRUDEOIL,2022-10-19,7746.0,7746.0,7693.0,7726.0,7615.0,4,8
2022-07-29,CRUDEOIL,2022-11-18,0.0,0.0,0.0,7472.0,7346.0,0,0
2022-07-29,CRUDEOIL,2022-12-19,0.0,0.0,0.0,7346.0,7220.0,0,0
2022-07-29,CRUDEOIL,2023-01-19,0.0,0.0,0.0,7220.0,7094.0,0,0
2022-08-01,CRUDEOIL,2022-08-19,7800.0,7800.0,7328.0,7426.0,7842.0,53116,6856
2022-08-01,CRUDEOIL,2022-09-19,7635.0,7672.0,7254.0,7326.0,7716.0,3903,960
2022-08-01,CRUDEOIL,2022-10-19,7473.0,7473.0,7419.0,7448.0,7726.0,4,12
2022-08-01,CRUDEOIL,2022-11-18,0.0,0.0,0.0,7132.0,7472.0,0,0
2022-08-01,CRUDEOIL,2022-12-19,0.0,0.0,0.0,7032.0,7346.0,0,0
2022-08-01,CRUDEOIL,2023-01-19,0.0,0.0,0.0,6932.0,7220.0,0,0
2022-08-02,CRUDEOIL,2022-08-19,7397.0,7587.0,7309.0,7518.0,7426.0,49368,4999
2022-08-02,CRUDEOIL,2022-09-19,7277.0,7500.0,7225.0,7443.0,7326.0,3676,857
2022-08-02,CRUDEOIL,2022-10-19,7203.0,7416.0,7179.0,7266.0,7448.0,10,20
2022-08-02,CRUDEOIL,2022-11-18,0.0,0.0,0.0,7297.0,7132.0,0,0
2022-08-02,CRUDEOIL,2022-12-19,0.0,0.0,0.0,7222.0,7032.0,0,0
2022-08-02,CRUDEOIL,2023-01-19,0.0,0.0,0.0,7147.0,6932.0,0,0
2022-08-03,CRUDEOIL,2022-08-19,7449.0,7650.0,7211.0,7261.0,7518.0,58069,7722
2022-08-03,CRUDEOIL,2022-09-19,7371.0,7573.0,7170.0,7209.0,7443.0,4330,1193
2022-08-03,CRUDEOIL,2022-10-19,7262.0,7460.0,7113.0,7302.0,7266.0,5,21
2022-08-03,CRUDEOIL,2022-11-18,0.0,0.0,0.0,7108.0,7297.0,0,0
2022-08-03,CRUDEOIL,2022-12-19,0.0,0.0,0.0,7056.0,7222.0,0,0
2022-08-03,CRUDEOIL,2023-01-19,0.0,0.0,0.0,7004.0,7147.0,0,0
2022-08-04,CRUDEOIL,2022-08-19,7247.0,7310.0,6971.0,7034.0,7261.0,50041,10875
2022-08-04,CRUDEOIL,2022-09-19,7189.0,7253.0,6938.0,6991.0,7209.0,4006,1648
2022-08-04,CRUDEOIL,2022-10-19,7111.0,7170.0,6920.0,7061.0,7302.0,9,20
2022-08-04,CRUDEOIL,2022-11-18,0.0,0.0,0.0,6907.0,7108.0,0,0
2022-08-04,CRUDEOIL,2022-12-19,0.0,0.0,0.0,6864.0,7056.0,0,0
2022-08-04,CRUDEOIL,2023-01-19,0.0,0.0,0.0,6821.0,7004.0,0,0
2022-08-05,CRUDEOIL,2022-08-19,7051.0,7224.0,6944.0,7086.0,7034.0,45035,8556
2022-08-05,CRUDEOIL,2022-09-19,7004.0,7162.0,6901.0,7043.0,6991.0,3715,1514
2022-08-05,CRUDEOIL,2022-10-19,6908.0,7072.0,6908.0,7036.0,7061.0,13,12
2022-08-05,CRUDEOIL,2022-11-18,0.0,0.0,0.0,6959.0,6907.0,0,0
2022-08-05,CRUDEOIL,2022-12-19,0.0,0.0,0.0,6916.0,6864.0,0,0
2022-08-05,CRUDEOIL,2023-01-19,0.0,0.0,0.0,6873.0,6821.0,0,0
2022-08-08,CRUDEOIL,2022-08-19,7093.0,7235.0,6971.0,7185.0,7086.0,42673,6892
2022-08-08,CRUDEOIL,2022-09-19,7050.0,7179.0,6936.0,7147.0,7043.0,4036,1433
2022-08-08,CRUDEOIL,2022-10-19,6927.0,7099.0,6927.0,7033.0,7036.0,3,13
2022-08-08,CRUDEOIL,2022-11-18,0.0,0.0,0.0,7073.0,6959.0,0,0
2022-08-08,CRUDEOIL,2022-12-19,0.0,0.0,0.0,7035.0,6916.0,0,0
2022-08-08,CRUDEOIL,2023-01-19,0.0,0.0,0.0,6997.0,6873.0,0,0
2022-08-09,CRUDEOIL,2022-08-19,7270.0,7380.0,7138.0,7224.0,7185.0,29437,7039
2022-08-09,CRUDEOIL,2022-09-19,7270.0,7333.0,7100.0,7184.0,7147.0,3058,1405
2022-08-09,CRUDEOIL,2022-10-19,7215.0,7215.0,7103.0,7188.0,7033.0,11,12
2022-08-09,CRUDEOIL,2022-11-18,0.0,0.0,0.0,7106.0,7073.0,0,0
2022-08-09,CRUDEOIL,2022-12-19,0.0,0.0,0.0,7066.0,7035.0,0,0
2022-08-09,CRUDEOIL,2023-01-19,0.0,0.0,0.0,7026.0,6997.0,0,0
2022-08-10,CRUDEOIL,2022-08-19,7191.0,7309.0,6984.0,7289.0,7224.0,57441,5762
2022-08-10,CRUDEOIL,2022-09-19,7159.0,7264.0,6942.0,7251.0,7184.0,7131,1361
2022-08-10,CRUDEOIL,2022-10-19,6975.0,7040.0,6905.0,6959.0,7188.0,6,12
2022-08-10,CRUDEOIL,2022-11-18,0.0,0.0,0.0,7177.0,7106.0,0,0
2022-08-10,CRUDEOIL,2022-12-19,0.0,0.0,0.0,7139.0,7066.0,0,0
2022-08-10,CRUDEOIL,2023-01-19,0.0,0.0,0.0,7101.0,7026.0,0,0
2022-08-11,CRUDEOIL,2022-08-19,7294.0,7551.0,7260.0,7526.0,7289.0,44836,5535
2022-08-11,CRUDEOIL,2022-09-19,7237.0,7497.0,7225.0,7477.0,7251.0,5044,1548
2022-08-11,CRUDEOIL,2022-10-19,7172.0,7414.0,7172.0,7360.0,6959.0,12,7
2022-08-11,CRUDEOIL,2022-11-18,0.0,0.0,0.0,7382.0,7177.0,0,0
2022-08-11,CRUDEOIL,2022-12-19,0.0,0.0,0.0,7333.0,7139.0,0,0
2022-08-11,CRUDEOIL,2023-01-19,0.0,0.0,0.0,7284.0,7101.0,0,0
2022-08-12,CRUDEOIL,2022-08-19,7484.0,7552.0,7281.0,7359.0,7526.0,38370,4471
2022-08-12,CRUDEOIL,2022-09-19,7439.0,7505.0,7249.0,7331.0,7477.0,7573,1552
2022-08-12,CRUDEOIL,2022-10-19,7354.0,7415.0,7229.0,7270.0,7360.0,20,11
2022-08-12,CRUDEOIL,2022-11-18,0.0,0.0,0.0,7276.0,7382.0,0,0
2022-08-12,CRUDEOIL,2022-12-19,0.0,0.0,0.0,7248.0,7333.0,0,0
2022-08-12,CRUDEOIL,2023-01-19,0.0,0.0,0.0,7220.0,7284.0,0,0
2022-08-16,CRUDEOIL,2022-08-19,7230.0,7230.0,6854.0,6870.0,7359.0,51527,7600
2022-08-16,CRUDEOIL,2022-09-19,7223.0,7223.0,6870.0,6883.0,7331.0,19125,4474
2022-08-16,CRUDEOIL,2022-10-19,7026.0,7111.0,6850.0,6865.0,7270.0,279,78
2022-08-16,CRUDEOIL,2022-11-18,0.0,0.0,0.0,6908.0,7276.0,0,0
2022-08-16,CRUDEOIL,2022-12-19,0.0,0.0,0.0,6921.0,7248.0,0,0
2022-08-16,CRUDEOIL,2023-01-19,0.0,0.0,0.0,6934.0,7220.0,0,0
2022-08-17,CRUDEOIL,2022-08-19,6923.0,7089.0,6838.0,6996.0,6870.0,27563,3655
2022-08-17,CRUDEOIL,2022-09-19,6958.0,7077.0,6844.0,6994.0,6883.0,28279,5545
2022-08-17,CRUDEOIL,2022-10-19,6915.0,7040.0,6840.0,6955.0,6865.0,366,114
2022-08-17,CRUDEOIL,2022-11-18,0.0,0.0,0.0,6990.0,6908.0,0,0
2022-08-17,CRUDEOIL,2022-12-19,0.0,0.0,0.0,6988.0,6921.0,0,0
2022-08-17,CRUDEOIL,2023-01-19,0.0,0.0,0.0,6986.0,6934.0,0,0
2022-08-18,CRUDEOIL,2022-08-19,7035.0,7301.0,6982.0,7282.0,6996.0,10398,663
2022-08-18,CRUDEOIL,2022-09-19,7007.0,7281.0,6970.0,7269.0,6994.0,27793,3835
2022-08-18,CRUDEOIL,2022-10-19,6981.0,7239.0,6950.0,7230.0,6955.0,441,183
2022-08-18,CRUDEOIL,2022-11-18,0.0,0.0,0.0,7243.0,6990.0,0,0
2022-08-18,CRUDEOIL,2022-12-19,0.0,0.0,0.0,7230.0,6988.0,0,0
2022-08-18,CRUDEOIL,2023-01-19,0.0,0.0,0.0,7217.0,6986.0,0,0
2022-08-19,CRUDEOIL,2022-08-19,7201.0,7341.0,7035.0,7239.0,7282.0,2181,158
2022-08-19,CRUDEOIL,2022-09-19,7200.0,7345.0,7053.0,7231.0,7269.0,35010,3210
2022-08-19,CRUDEOIL,2022-10-19,7153.0,7311.0,7030.0,7195.0,7230.0,1150,237
2022-08-19,CRUDEOIL,2022-11-18,0.0,0.0,0.0,7159.0,7243.0,0,0
2022-08-19,CRUDEOIL,2022-12-19,0.0,0.0,0.0,7121.0,7230.0,0,0
2022-08-19,CRUDEOIL,2023-01-19,0.0,0.0,0.0,7084.0,7217.0,0,0
2022-08-22,CRUDEOIL,2022-09-19,7190.0,7290.0,6921.0,7162.0,7231.0,51104,3842
2022-08-22,CRUDEOIL,2022-10-19,7143.0,7256.0,6920.0,7153.0,7195.0,1837,309
2022-08-22,CRUDEOIL,2022-11-18,6925.0,7140.0,6900.0,6988.0,7159.0,3,2
2022-08-22,CRUDEOIL,2022-12-19,0.0,0.0,0.0,7134.0,7121.0,0,0
2022-08-22,CRUDEOIL,2023-01-19,0.0,0.0,0.0,7125.0,7084.0,0,0
2022-08-22,CRUDEOIL,2023-02-17,0.0,0.0,0.0,7116.0,7145.0,0,0
2022-08-23,CRUDEOIL,2022-09-19,7200.0,7528.0,7200.0,7502.0,7162.0,40178,5122
2022-08-23,CRUDEOIL,2022-10-19,7274.0,7495.0,7246.0,7475.0,7153.0,1765,441
2022-08-23,CRUDEOIL,2022-11-18,7267.0,7480.0,7267.0,7466.0,6988.0,46,44
2022-08-23,CRUDEOIL,2022-12-19,0.0,0.0,0.0,7420.0,7134.0,0,0
2022-08-23,CRUDEOIL,2023-01-19,0.0,0.0,0.0,7392.0,7125.0,0,0
2022-08-23,CRUDEOIL,2023-02-17,0.0,0.0,0.0,7366.0,7116.0,0,0
2022-08-24,CRUDEOIL,2022-09-19,7477.0,7615.0,7419.0,7536.0,7502.0,46949,4989
2022-08-24,CRUDEOIL,2022-10-19,7442.0,7580.0,7400.0,7512.0,7475.0,1960,489
2022-08-24,CRUDEOIL,2022-11-18,7435.0,7525.0,7422.0,7432.0,7466.0,24,54
2022-08-24,CRUDEOIL,2022-12-19,0.0,0.0,0.0,7463.0,7420.0,0,0
2022-08-24,CRUDEOIL,2023-01-19,0.0,0.0,0.0,7438.0,7392.0,0,0
2022-08-24,CRUDEOIL,2023-02-17,0.0,0.0,0.0,7415.0,7366.0,0,0
2022-08-25,CRUDEOIL,2022-09-19,7580.0,7658.0,7434.0,7470.0,7536.0,40729,4563
2022-08-25,CRUDEOIL,2022-10-19,7600.0,7637.0,7431.0,7460.0,7512.0,1331,522
2022-08-25,CRUDEOIL,2022-11-18,7581.0,7581.0,7480.0,7489.0,7432.0,14,56
2022-08-25,CRUDEOIL,2022-12-19,0.0,0.0,0.0,7439.0,7463.0,0,0
2022-08-25,CRUDEOIL,2023-01-19,0.0,0.0,0.0,7429.0,7438.0,0,0
2022-08-25,CRUDEOIL,2023-02-17,0.0,0.0,0.0,7419.0,7415.0,0,0
2022-08-26,CRUDEOIL,2022-09-19,7472.0,7519.0,7295.0,7414.0,7470.0,42408,3969
2022-08-26,CRUDEOIL,2022-10-19,7466.0,7503.0,7282.0,7376.0,7460.0,1466,502
2022-08-26,CRUDEOIL,2022-11-18,7429.0,7481.0,7334.0,7425.0,7489.0,15,63
2022-08-26,CRUDEOIL,2022-12-19,0.0,0.0,0.0,7298.0,7439.0,0,0
2022-08-26,CRUDEOIL,2023-01-19,0.0,0.0,0.0,7259.0,7429.0,0,0
2022-08-26,CRUDEOIL,2023-02-17,0.0,0.0,0.0,7222.0,7419.0,0,0
2022-08-29,CRUDEOIL,2022-09-19,7469.0,7754.0,7456.0,7737.0,7414.0,47016,7646
2022-08-29,CRUDEOIL,2022-10-19,7500.0,7704.0,7426.0,7682.0,7376.0,1645,713
2022-08-29,CRUDEOIL,2022-11-18,7495.0,7632.0,7425.0,7590.0,7425.0,83,113
2022-08-29,CRUDEOIL,2022-12-19,0.0,0.0,0.0,7570.0,7298.0,0,0
2022-08-29,CRUDEOIL,2023-01-19,0.0,0.0,0.0,7513.0,7259.0,0,0
2022-08-29,CRUDEOIL,2023-02-17,0.0,0.0,0.0,7460.0,7222.0,0,0
2022-08-30,CRUDEOIL,2022-09-19,7714.0,7770.0,7245.0,7336.0,7737.0,61408,5359
2022-08-30,CRUDEOIL,2022-10-19,7670.0,7717.0,7222.0,7314.0,7682.0,2340,554
2022-08-30,CRUDEOIL,2022-11-18,7641.0,7669.0,7224.0,7294.0,7590.0,33,123
2022-08-30,CRUDEOIL,2022-12-19,0.0,0.0,0.0,7269.0,7570.0,0,0
2022-08-30,CRUDEOIL,2023-01-19,0.0,0.0,0.0,7246.0,7513.0,0,0
2022-08-30,CRUDEOIL,2023-02-17,0.0,0.0,0.0,7225.0,7460.0,0,0
2022-08-31,CRUDEOIL,2022-09-19,7150.0,7300.0,7071.0,7197.0,7336.0,34646,6220
2022-08-31,CRUDEOIL,2022-10-19,7092.0,7283.0,7076.0,7173.0,7314.0,1923,652
2022-08-31,CRUDEOIL,2022-11-18,7107.0,7252.0,7101.0,7213.0,7294.0,18,125
2022-08-31,CRUDEOIL,2022-12-19,0.0,0.0,0.0,7124.0,7269.0,0,0
2022-08-31,CRUDEOIL,2023-01-19,0.0,0.0,0.0,7099.0,7246.0,0,0
2022-08-31,CRUDEOIL,2023-02-17,0.0,0.0,0.0,7076.0,7225.0,0,0
2022-09-01,CRUDEOIL,2022-09-19,7150.0,7150.0,6905.0,6927.0,7197.0,52470,9811
2022-09-01,CRUDEOIL,2022-10-19,7116.0,7123.0,6905.0,6926.0,7173.0,2891,1007
2022-09-01,CRUDEOIL,2022-11-18,7100.0,7100.0,6922.0,6946.0,7213.0,52,145
2022-09-01,CRUDEOIL,2022-12-19,0.0,0.0,0.0,6923.0,7124.0,0,0
2022-09-01,CRUDEOIL,2023-01-19,0.0,0.0,0.0,6922.0,7099.0,0,0
2022-09-01,CRUDEOIL,2023-02-17,0.0,0.0,0.0,6921.0,7076.0,0,0
2022-09-02,CRUDEOIL,2022-09-19,7050.0,7173.0,6940.0,6967.0,6927.0,48272,8535
2022-09-02,CRUDEOIL,2022-10-19,7048.0,7158.0,6936.0,6964.0,6926.0,1927,981
2022-09-02,CRUDEOIL,2022-11-18,7056.0,7125.0,6944.0,7013.0,6946.0,22,135
2022-09-02,CRUDEOIL,2022-12-19,0.0,0.0,0.0,6957.0,6923.0,0,0
2022-09-02,CRUDEOIL,2023-01-19,0.0,0.0,0.0,6954.0,6922.0,0,0
2022-09-02,CRUDEOIL,2023-02-17,0.0,0.0,0.0,6951.0,6921.0,0,0
2022-09-05,CRUDEOIL,2022-09-19,7077.0,7230.0,7077.0,7119.0,6967.0,38500,6658
2022-09-05,CRUDEOIL,2022-10-19,7104.0,7212.0,7070.0,7113.0,6964.0,2186,814
2022-09-05,CRUDEOIL,2022-11-18,7110.0,7160.0,7097.0,7126.0,7013.0,8,136
2022-09-05,CRUDEOIL,2022-12-19,0.0,0.0,0.0,7100.0,6957.0,0,0
2022-09-05,CRUDEOIL,2023-01-19,0.0,0.0,0.0,7094.0,6954.0,0,0
2022-09-05,CRUDEOIL,2023-02-17,0.0,0.0,0.0,7088.0,6951.0,0,0
2022-09-06,CRUDEOIL,2022-09-19,7112.0,7165.0,6905.0,6933.0,7119.0,53005,9904
2022-09-06,CRUDEOIL,2022-10-19,7106.0,7158.0,6918.0,6936.0,7113.0,3320,1207
2022-09-06,CRUDEOIL,2022-11-18,7070.0,7127.0,6927.0,6950.0,7126.0,17,136
2022-09-06,CRUDEOIL,2022-12-19,0.0,0.0,0.0,6942.0,7100.0,0,0
2022-09-06,CRUDEOIL,2023-01-19,0.0,0.0,0.0,6945.0,7094.0,0,0
2022-09-06,CRUDEOIL,2023-02-17,0.0,0.0,0.0,6948.0,7088.0,0,0
2022-09-07,CRUDEOIL,2022-09-19,6863.0,7034.0,6593.0,6610.0,6933.0,58209,13821
2022-09-07,CRUDEOIL,2022-10-19,6860.0,7029.0,6615.0,6627.0,6936.0,4391,1803
2022-09-07,CRUDEOIL,2022-11-18,6859.0,7009.0,6619.0,6638.0,6950.0,170,173
2022-09-07,CRUDEOIL,2022-12-19,0.0,0.0,0.0,6661.0,6942.0,0,0
2022-09-07,CRUDEOIL,2023-01-19,0.0,0.0,0.0,6679.0,6945.0,0,0
2022-09-07,CRUDEOIL,2023-02-17,0.0,0.0,0.0,6695.0,6948.0,0,0
2022-09-08,CRUDEOIL,2022-09-19,6644.0,6739.0,6511.0,6699.0,6610.0,50964,11878
2022-09-08,CRUDEOIL,2022-10-19,6658.0,6726.0,6521.0,6697.0,6627.0,3950,1834
2022-09-08,CRUDEOIL,2022-11-18,6644.0,6724.0,6550.0,6674.0,6638.0,37,180
2022-09-08,CRUDEOIL,2022-12-19,0.0,0.0,0.0,6692.0,6661.0,0,0
2022-09-08,CRUDEOIL,2023-01-19,0.0,0.0,0.0,6690.0,6679.0,0,0
2022-09-08,CRUDEOIL,2023-02-17,0.0,0.0,0.0,6688.0,6695.0,0,0
2022-09-09,CRUDEOIL,2022-09-19,6695.0,6955.0,6670.0,6909.0,6699.0,47488,8180
2022-09-09,CRUDEOIL,2022-10-19,6688.0,6937.0,6677.0,6894.0,6697.0,3339,1432
2022-09-09,CRUDEOIL,2022-11-18,6709.0,6900.0,6702.0,6872.0,6674.0,42,184
2022-09-09,CRUDEOIL,2022-12-19,0.0,0.0,0.0,6863.0,6692.0,0,0
2022-09-09,CRUDEOIL,2023-01-19,0.0,0.0,0.0,6848.0,6690.0,0,0
2022-09-09,CRUDEOIL,2023-02-17,0.0,0.0,0.0,6833.0,6688.0,0,0
2022-09-12,CRUDEOIL,2022-09-19,6850.0,7074.0,6807.0,6975.0,6909.0,51399,7115
2022-09-12,CRUDEOIL,2022-10-19,6805.0,7062.0,6805.0,6967.0,6894.0,4618,1532
2022-09-12,CRUDEOIL,2022-11-18,6780.0,7040.0,6780.0,6989.0,6872.0,46,165
2022-09-12,CRUDEOIL,2022-12-19,0.0,0.0,0.0,6950.0,6863.0,0,0
2022-09-12,CRUDEOIL,2023-01-19,0.0,0.0,0.0,6942.0,6848.0,0,0
2022-09-12,CRUDEOIL,2023-02-17,0.0,0.0,0.0,6934.0,6833.0,0,0
2022-09-13,CRUDEOIL,2022-09-19,6963.0,7073.0,6785.0,6928.0,6975.0,73566,6208
2022-09-13,CRUDEOIL,2022-10-19,6971.0,7063.0,6784.0,6920.0,6967.0,12809,2264
2022-09-13,CRUDEOIL,2022-11-18,6935.0,7040.0,6810.0,6915.0,6989.0,75,189
2022-09-13,CRUDEOIL,2022-12-19,0.0,0.0,0.0,6903.0,6950.0,0,0
2022-09-13,CRUDEOIL,2023-01-19,0.0,0.0,0.0,6895.0,6942.0,0,0
2022-09-13,CRUDEOIL,2023-02-17,0.0,0.0,0.0,6887.0,6934.0,0,0
2022-09-14,CRUDEOIL,2022-09-19,6961.0,7158.0,6865.0,7114.0,6928.0,61813,4129
2022-09-14,CRUDEOIL,2022-10-19,6979.0,7139.0,6854.0,7095.0,6920.0,18010,1905
2022-09-14,CRUDEOIL,2022-11-18,6901.0,7119.0,6857.0,7091.0,6915.0,247,254
2022-09-14,CRUDEOIL,2022-12-19,0.0,0.0,0.0,7056.0,6903.0,0,0
2022-09-14,CRUDEOIL,2023-01-19,0.0,0.0,0.0,7036.0,6895.0,0,0
2022-09-14,CRUDEOIL,2023-02-17,0.0,0.0,0.0,7018.0,6887.0,0,0
2022-09-15,CRUDEOIL,2022-09-19,7053.0,7096.0,6762.0,6831.0,7114.0,34360,4834
2022-09-15,CRUDEOIL,2022-10-19,7064.0,7084.0,6754.0,6822.0,7095.0,24408,5606
2022-09-15,CRUDEOIL,2022-11-18,7030.0,7070.0,6752.0,6815.0,7091.0,355,385
2022-09-15,CRUDEOIL,2022-12-19,0.0,0.0,0.0,6803.0,7056.0,0,0
2022-09-15,CRUDEOIL,2023-01-19,0.0,0.0,0.0,6794.0,7036.0,0,0
2022-09-15,CRUDEOIL,2023-02-17,0.0,0.0,0.0,6785.0,7018.0,0,0
2022-09-16,CRUDEOIL,2022-09-19,6812.0,6906.0,6734.0,6816.0,6831.0,11439,1298
2022-09-16,CRUDEOIL,2022-10-19,6771.0,6895.0,6730.0,6810.0,6822.0,24827,5788
2022-09-16,CRUDEOIL,2022-11-18,6735.0,6887.0,6735.0,6812.0,6815.0,394,403
2022-09-16,CRUDEOIL,2022-12-19,0.0,0.0,0.0,6797.0,6803.0,0,0
2022-09-16,CRUDEOIL,2023-01-19,0.0,0.0,0.0,6791.0,6794.0,0,0
2022-09-16,CRUDEOIL,2023-02-17,0.0,0.0,0.0,6785.0,6785.0,0,0
2022-09-19,CRUDEOIL,2022-09-19,6807.0,6828.0,6545.0,6830.0,6816.0,3334,591
2022-09-19,CRUDEOIL,2022-10-19,6806.0,6835.0,6557.0,6817.0,6810.0,37696,6290
2022-09-19,CRUDEOIL,2022-11-18,6816.0,6825.0,6556.0,6803.0,6812.0,1251,523
2022-09-19,CRUDEOIL,2022-12-19,0.0,0.0,0.0,6788.0,6797.0,0,0
2022-09-19,CRUDEOIL,2023-01-19,0.0,0.0,0.0,6774.0,6791.0,0,0
2022-09-19,CRUDEOIL,2023-02-17,0.0,0.0,0.0,6760.0,6785.0,0,0
2022-09-20,CRUDEOIL,2022-10-19,6830.0,6892.0,6652.0,6744.0,6817.0,42195,7098
2022-09-20,CRUDEOIL,2022-11-18,6820.0,6875.0,6641.0,6723.0,6803.0,1514,592
2022-09-20,CRUDEOIL,2022-12-19,0.0,0.0,0.0,6701.0,6788.0,0,0
2022-09-20,CRUDEOIL,2023-01-19,0.0,0.0,0.0,6679.0,6774.0,0,0
2022-09-20,CRUDEOIL,2023-02-17,0.0,0.0,0.0,6659.0,6760.0,0,0
2022-09-20,CRUDEOIL,2023-03-20,0.0,0.0,0.0,6637.0,6596.0,0,0
2022-09-21,CRUDEOIL,2022-10-19,6731.0,6951.0,6643.0,6742.0,6744.0,51877,6940
2022-09-21,CRUDEOIL,2022-11-18,6721.0,6927.0,6635.0,6733.0,6723.0,1937,557
2022-09-21,CRUDEOIL,2022-12-19,0.0,0.0,0.0,6723.0,6701.0,0,0
2022-09-21,CRUDEOIL,2023-01-19,0.0,0.0,0.0,6714.0,6679.0,0,0
2022-09-21,CRUDEOIL,2023-02-17,0.0,0.0,0.0,6705.0,6659.0,0,0
2022-09-21,CRUDEOIL,2023-03-20,0.0,0.0,0.0,6696.0,6637.0,0,0
2022-09-22,CRUDEOIL,2022-10-19,6737.0,6975.0,6711.0,6807.0,6742.0,56164,5234
2022-09-22,CRUDEOIL,2022-11-18,6719.0,6959.0,6710.0,6802.0,6733.0,2233,483
2022-09-22,CRUDEOIL,2022-12-19,0.0,0.0,0.0,6796.0,6723.0,0,0
2022-09-22,CRUDEOIL,2023-01-19,0.0,0.0,0.0,6791.0,6714.0,0,0
2022-09-22,CRUDEOIL,2023-02-17,0.0,0.0,0.0,6786.0,6705.0,0,0
2022-09-22,CRUDEOIL,2023-03-20,0.0,0.0,0.0,6781.0,6696.0,0,0
2022-09-23,CRUDEOIL,2022-10-19,6779.0,6789.0,6378.0,6426.0,6807.0,55033,11037
2022-09-23,CRUDEOIL,2022-11-18,6773.0,6782.0,6394.0,6429.0,6802.0,2298,870
2022-09-23,CRUDEOIL,2022-12-19,0.0,0.0,0.0,6432.0,6796.0,0,0
2022-09-23,CRUDEOIL,2023-01-19,0.0,0.0,0.0,6435.0,6791.0,0,0
2022-09-23,CRUDEOIL,2023-02-17,0.0,0.0,0.0,6438.0,6786.0,0,0
2022-09-23,CRUDEOIL,2023-03-20,0.0,0.0,0.0,6441.0,6781.0,0,0
2022-09-26,CRUDEOIL,2022-10-19,6411.0,6580.0,6292.0,6334.0,6426.0,48816,10826
2022-09-26,CRUDEOIL,2022-11-18,6429.0,6570.0,6290.0,6330.0,6429.0,1789,926
2022-09-26,CRUDEOIL,2022-12-19,0.0,0.0,0.0,6325.0,6432.0,0,0
2022-09-26,CRUDEOIL,2023-01-19,0.0,0.0,0.0,6321.0,6435.0,0,0
2022-09-26,CRUDEOIL,2023-02-17,0.0,0.0,0.0,6317.0,6438.0,0,0
2022-09-26,CRUDEOIL,2023-03-20,0.0,0.0,0.0,6313.0,6441.0,0,0
2022-09-27,CRUDEOIL,2022-10-19,6336.0,6520.0,6320.0,6473.0,6334.0,44903,8458
2022-09-27,CRUDEOIL,2022-11-18,6331.0,6509.0,6316.0,6458.0,6330.0,1385,939
2022-09-27,CRUDEOIL,2022-12-19,6410.0,6410.0,6410.0,6410.0,6325.0,1,1
2022-09-27,CRUDEOIL,2023-01-19,0.0,0.0,0.0,6427.0,6321.0,0,0
2022-09-27,CRUDEOIL,2023-02-17,0.0,0.0,0.0,6412.0,6317.0,0,0
2022-09-27,CRUDEOIL,2023-03-20,0.0,0.0,0.0,6397.0,6313.0,0,0
2022-09-28,CRUDEOIL,2022-10-19,6403.0,6707.0,6317.0,6685.0,6473.0,50821,5745
2022-09-28,CRUDEOIL,2022-11-18,6370.0,6679.0,6303.0,6663.0,6458.0,2350,731
2022-09-28,CRUDEOIL,2022-12-19,6560.0,6634.0,6560.0,6594.0,6410.0,3,0
2022-09-28,CRUDEOIL,2023-01-19,0.0,0.0,0.0,6617.0,6427.0,0,0
2022-09-28,CRUDEOIL,2023-02-17,0.0,0.0,0.0,6596.0,6412.0,0,0
2022-09-28,CRUDEOIL,2023-03-20,0.0,0.0,0.0,6573.0,6397.0,0,0
2022-09-29,CRUDEOIL,2022-10-19,6706.0,6806.0,6607.0,6700.0,6685.0,47625,5643
2022-09-29,CRUDEOIL,2022-11-18,6685.0,6766.0,6586.0,6675.0,6663.0,2373,649
2022-09-29,CRUDEOIL,2022-12-19,6684.0,6685.0,6625.0,6663.0,6594.0,21,16
2022-09-29,CRUDEOIL,2023-01-19,0.0,0.0,0.0,6623.0,6617.0,0,0
2022-09-29,CRUDEOIL,2023-02-17,0.0,0.0,0.0,6599.0,6596.0,0,0
2022-09-29,CRUDEOIL,2023-03-20,0.0,0.0,0.0,6573.0,6573.0,0,0
2022-09-30,CRUDEOIL,2022-10-19,6656.0,6755.0,6478.0,6539.0,6700.0,49834,7960
2022-09-30,CRUDEOIL,2022-11-18,6630.0,6731.0,6466.0,6530.0,6675.0,2754,860
2022-09-30,CRUDEOIL,2022-12-19,6561.0,6561.0,6508.0,6529.0,6663.0,8,16
2022-09-30,CRUDEOIL,2023-01-19,0.0,0.0,0.0,6511.0,6623.0,0,0
2022-09-30,CRUDEOIL,2023-02-17,0.0,0.0,0.0,6502.0,6599.0,0,0
2022-09-30,CRUDEOIL,2023-03-20,0.0,0.0,0.0,6493.0,6573.0,0,0
2022-10-03,CRUDEOIL,2022-10-19,6646.0,6924.0,6646.0,6817.0,6539.0,52481,4941
2022-10-03,CRUDEOIL,2022-11-18,6680.0,6887.0,6657.0,6786.0,6530.0,2431,660
2022-10-03,CRUDEOIL,2022-12-19,6616.0,6764.0,6616.0,6717.0,6529.0,7,18
2022-10-03,CRUDEOIL,2023-01-19,0.0,0.0,0.0,6721.0,6511.0,0,0
2022-10-03,CRUDEOIL,2023-02-17,0.0,0.0,0.0,6691.0,6502.0,0,0
2022-10-03,CRUDEOIL,2023-03-20,0.0,0.0,0.0,6659.0,6493.0,0,0
2022-10-04,CRUDEOIL,2022-10-19,6848.0,7092.0,6826.0,7058.0,6817.0,41808,6733
2022-10-04,CRUDEOIL,2022-11-18,6809.0,7038.0,6799.0,7017.0,6786.0,1884,631
2022-10-04,CRUDEOIL,2022-12-19,6766.0,6932.0,6754.0,6919.0,6717.0,31,38
2022-10-04,CRUDEOIL,2023-01-19,0.0,0.0,0.0,6932.0,6721.0,0,0
2022-10-04,CRUDEOIL,2023-02-17,0.0,0.0,0.0,6892.0,6691.0,0,0
2022-10-04,CRUDEOIL,2023-03-20,0.0,0.0,0.0,6850.0,6659.0,0,0
2022-10-05,CRUDEOIL,2022-10-19,7040.0,7224.0,6987.0,7165.0,7058.0,39143,7911
2022-10-05,CRUDEOIL,2022-11-18,7001.0,7179.0,6954.0,7127.0,7017.0,1800,664
2022-10-05,CRUDEOIL,2022-12-19,7001.0,7026.0,6922.0,6978.0,6919.0,5,38
2022-10-05,CRUDEOIL,2023-01-19,0.0,0.0,0.0,7048.0,6932.0,0,0
2022-10-05,CRUDEOIL,2023-02-17,0.0,0.0,0.0,7011.0,6892.0,0,0
2022-10-05,CRUDEOIL,2023-03-20,0.0,0.0,0.0,6972.0,6850.0,0,0
2022-10-06,CRUDEOIL,2022-10-19,7187.0,7286.0,7140.0,7266.0,7165.0,34668,10699
2022-10-06,CRUDEOIL,2022-11-18,7127.0,7237.0,7108.0,7222.0,7127.0,1728,741
2022-10-06,CRUDEOIL,2022-12-19,7055.0,7193.0,7036.0,7176.0,6978.0,40,6
2022-10-06,CRUDEOIL,2023-01-19,0.0,0.0,0.0,7131.0,7048.0,0,0
2022-10-06,CRUDEOIL,2023-02-17,0.0,0.0,0.0,7088.0,7011.0,0,0
2022-10-06,CRUDEOIL,2023-03-20,0.0,0.0,0.0,7043.0,6972.0,0,0
2022-10-07,CRUDEOIL,2022-10-19,7243.0,7663.0,7243.0,7627.0,7266.0,46727,12101
2022-10-07,CRUDEOIL,2022-11-18,7214.0,7599.0,7214.0,7549.0,7222.0,3881,1208
2022-10-07,CRUDEOIL,2022-12-19,0.0,0.0,0.0,7468.0,7176.0,0,6
2022-10-07,CRUDEOIL,2023-01-19,0.0,0.0,0.0,7387.0,7131.0,0,0
2022-10-07,CRUDEOIL,2023-02-17,0.0,0.0,0.0,7312.0,7088.0,0,0
2022-10-07,CRUDEOIL,2023-03-20,0.0,0.0,0.0,7231.0,7043.0,0,0
2022-10-10,CRUDEOIL,2022-10-19,7592.0,7712.0,7542.0,7597.0,7627.0,32338,9228
2022-10-10,CRUDEOIL,2022-11-18,7528.0,7629.0,7459.0,7502.0,7549.0,2414,1450
2022-10-10,CRUDEOIL,2022-12-19,7568.0,7605.0,7477.0,7545.0,7468.0,4,7
2022-10-10,CRUDEOIL,2023-01-19,0.0,0.0,0.0,7305.0,7387.0,0,0
2022-10-10,CRUDEOIL,2023-02-17,0.0,0.0,0.0,7213.0,7312.0,0,0
2022-10-10,CRUDEOIL,2023-03-20,0.0,0.0,0.0,7115.0,7231.0,0,0
2022-10-11,CRUDEOIL,2022-10-19,7500.0,7500.0,7282.0,7367.0,7597.0,41521,5951
2022-10-11,CRUDEOIL,2022-11-18,7410.0,7418.0,7206.0,7282.0,7502.0,3552,1162
2022-10-11,CRUDEOIL,2022-12-19,7244.0,7291.0,7177.0,7218.0,7545.0,8,8
2022-10-11,CRUDEOIL,2023-01-19,0.0,0.0,0.0,7106.0,7305.0,0,0
2022-10-11,CRUDEOIL,2023-02-17,0.0,0.0,0.0,7024.0,7213.0,0,0
2022-10-11,CRUDEOIL,2023-03-20,0.0,0.0,0.0,6936.0,7115.0,0,0
2022-10-12,CRUDEOIL,2022-10-19,7308.0,7420.0,7115.0,7194.0,7367.0,39978,5917
2022-10-12,CRUDEOIL,2022-11-18,7220.0,7325.0,7044.0,7117.0,7282.0,3956,1561
2022-10-12,CRUDEOIL,2022-12-19,7228.0,7228.0,7097.0,7166.0,7218.0,5,10
2022-10-12,CRUDEOIL,2023-01-19,0.0,0.0,0.0,6957.0,7106.0,0,0
2022-10-12,CRUDEOIL,2023-02-17,0.0,0.0,0.0,6883.0,7024.0,0,0
2022-10-12,CRUDEOIL,2023-03-20,0.0,0.0,0.0,6803.0,6936.0,0,0
2022-10-13,CRUDEOIL,2022-10-19,7165.0,7368.0,7082.0,7353.0,7194.0,39444,5968
2022-10-13,CRUDEOIL,2022-11-18,7111.0,7294.0,7020.0,7275.0,7117.0,6156,1450
2022-10-13,CRUDEOIL,2022-12-19,7089.0,7245.0,6990.0,7213.0,7166.0,112,44
2022-10-13,CRUDEOIL,2023-01-19,0.0,0.0,0.0,7113.0,6957.0,0,0
2022-10-13,CRUDEOIL,2023-02-17,0.0,0.0,0.0,7038.0,6883.0,0,0
2022-10-13,CRUDEOIL,2023-03-20,0.0,0.0,0.0,6957.0,6803.0,0,0
2022-10-14,CRUDEOIL,2022-10-19,7329.0,7390.0,7029.0,7071.0,7353.0,38437,4474
2022-10-14,CRUDEOIL,2022-11-18,7264.0,7319.0,6978.0,7019.0,7275.0,11692,2944
2022-10-14,CRUDEOIL,2022-12-19,7225.0,7270.0,6950.0,6990.0,7213.0,198,90
2022-10-14,CRUDEOIL,2023-01-19,0.0,0.0,0.0,6911.0,7113.0,0,0
2022-10-14,CRUDEOIL,2023-02-17,0.0,0.0,0.0,6861.0,7038.0,0,0
2022-10-14,CRUDEOIL,2023-03-20,0.0,0.0,0.0,6807.0,6957.0,0,0
2022-10-17,CRUDEOIL,2022-10-19,7087.0,7164.0,6970.0,7080.0,7071.0,22606,3648
2022-10-17,CRUDEOIL,2022-11-18,7038.0,7115.0,6926.0,7039.0,7019.0,18610,3348
2022-10-17,CRUDEOIL,2022-12-19,6990.0,7095.0,6913.0,7020.0,6990.0,268,99
2022-10-17,CRUDEOIL,2023-01-19,0.0,0.0,0.0,6954.0,6911.0,0,0
2022-10-17,CRUDEOIL,2023-02-17,0.0,0.0,0.0,6914.0,6861.0,0,0
2022-10-17,CRUDEOIL,2023-03-20,0.0,0.0,0.0,6872.0,6807.0,0,0
2022-10-18,CRUDEOIL,2022-10-19,7071.0,7123.0,6764.0,6888.0,7080.0,10343,650
2022-10-18,CRUDEOIL,2022-11-18,7027.0,7068.0,6741.0,6863.0,7039.0,31461,5620
2022-10-18,CRUDEOIL,2022-12-19,7010.0,7029.0,6705.0,6841.0,7020.0,726,200
2022-10-18,CRUDEOIL,2023-01-19,0.0,0.0,0.0,6811.0,6954.0,0,0
2022-10-18,CRUDEOIL,2023-02-17,0.0,0.0,0.0,6787.0,6914.0,0,0
2022-10-18,CRUDEOIL,2023-03-20,0.0,0.0,0.0,6761.0,6872.0,0,0
2022-10-19,CRUDEOIL,2022-10-19,6896.0,7112.0,6802.0,7047.0,6888.0,2688,104
2022-10-19,CRUDEOIL,2022-11-18,6865.0,7089.0,6774.0,7047.0,6863.0,37029,3904
2022-10-19,CRUDEOIL,2022-12-19,6840.0,7038.0,6748.0,6995.0,6841.0,818,247
2022-10-19,CRUDEOIL,2023-01-19,0.0,0.0,0.0,6943.0,6811.0,0,0
2022-10-19,CRUDEOIL,2023-02-17,0.0,0.0,0.0,6894.0,6787.0,0,0
2022-10-19,CRUDEOIL,2023-03-20,0.0,0.0,0.0,6842.0,6761.0,0,0
2022-10-20,CRUDEOIL,2022-11-18,7074.0,7237.0,6991.0,7091.0,7047.0,33382,3659
2022-10-20,CRUDEOIL,2022-12-19,7018.0,7156.0,6938.0,7028.0,6995.0,1092,272
2022-10-20,CRUDEOIL,2023-01-19,0.0,0.0,0.0,6965.0,6943.0,0,0
2022-10-20,CRUDEOIL,2023-02-17,0.0,0.0,0.0,6906.0,6894.0,0,0
2022-10-20,CRUDEOIL,2023-03-20,0.0,0.0,0.0,6843.0,6842.0,0,0
2022-10-20,CRUDEOIL,2023-04-19,0.0,0.0,0.0,6782.0,6766.0,0,0
2022-10-21,CRUDEOIL,2022-11-18,7043.0,7133.0,6901.0,7043.0,7091.0,31893,3661
2022-10-21,CRUDEOIL,2022-12-19,6996.0,7062.0,6848.0,6985.0,7028.0,991,265
2022-10-21,CRUDEOIL,2023-01-19,0.0,0.0,0.0,6927.0,6965.0,0,0
2022-10-21,CRUDEOIL,2023-02-17,0.0,0.0,0.0,6872.0,6906.0,0,0
2022-10-21,CRUDEOIL,2023-03-20,0.0,0.0,0.0,6814.0,6843.0,0,0
2022-10-21,CRUDEOIL,2023-04-19,0.0,0.0,0.0,6758.0,6782.0,0,0
2022-10-24,CRUDEOIL,2022-11-18,6950.0,7077.0,6901.0,7047.0,7043.0,4333,3931
2022-10-24,CRUDEOIL,2022-12-19,6875.0,7019.0,6859.0,6996.0,6985.0,158,272
2022-10-24,CRUDEOIL,2023-01-19,0.0,0.0,0.0,6927.0,6927.0,0,0
2022-10-24,CRUDEOIL,2023-02-17,0.0,0.0,0.0,6872.0,6872.0,0,0
2022-10-24,CRUDEOIL,2023-03-20,0.0,0.0,0.0,6814.0,6814.0,0,0
2022-10-24,CRUDEOIL,2023-04-19,0.0,0.0,0.0,6758.0,6758.0,0,0
2022-10-25,CRUDEOIL,2022-11-18,7047.0,7120.0,6904.0,7051.0,7047.0,28632,4281
2022-10-25,CRUDEOIL,2022-12-19,6986.0,7070.0,6877.0,7014.0,6996.0,1243,295
2022-10-25,CRUDEOIL,2023-01-19,0.0,0.0,0.0,6977.0,6927.0,0,0
2022-10-25,CRUDEOIL,2023-02-17,0.0,0.0,0.0,6942.0,6872.0,0,0
2022-10-25,CRUDEOIL,2023-03-20,0.0,0.0,0.0,6905.0,6814.0,0,0
2022-10-25,CRUDEOIL,2023-04-19,0.0,0.0,0.0,6869.0,6758.0,0,0
2022-10-26,CRUDEOIL,2022-11-18,7098.0,7266.0,7072.0,7230.0,7051.0,23765,4989
2022-10-26,CRUDEOIL,2022-12-19,7050.0,7194.0,7030.0,7161.0,7014.0,750,308
2022-10-26,CRUDEOIL,2023-01-19,0.0,0.0,0.0,7092.0,6977.0,0,0
2022-10-26,CRUDEOIL,2023-02-17,0.0,0.0,0.0,7027.0,6942.0,0,0
2022-10-26,CRUDEOIL,2023-03-20,0.0,0.0,0.0,6958.0,6905.0,0,0
2022-10-26,CRUDEOIL,2023-04-19,0.0,0.0,0.0,6891.0,6869.0,0,0
2022-10-27,CRUDEOIL,2022-11-18,7247.0,7397.0,7201.0,7362.0,7230.0,32394,6778
2022-10-27,CRUDEOIL,2022-12-19,7168.0,7316.0,7142.0,7289.0,7161.0,1106,383
2022-10-27,CRUDEOIL,2023-01-19,0.0,0.0,0.0,7216.0,7092.0,0,0
2022-10-27,CRUDEOIL,2023-02-17,0.0,0.0,0.0,7147.0,7027.0,0,0
2022-10-27,CRUDEOIL,2023-03-20,0.0,0.0,0.0,7074.0,6958.0,0,0
2022-10-27,CRUDEOIL,2023-04-19,0.0,0.0,0.0,7004.0,6891.0,0,0
2022-10-28,CRUDEOIL,2022-11-18,7263.0,7322.0,7185.0,7213.0,7362.0,27886,4178
2022-10-28,CRUDEOIL,2022-12-19,7184.0,7258.0,7124.0,7150.0,7289.0,1061,393
2022-10-28,CRUDEOIL,2023-01-19,0.0,0.0,0.0,7087.0,7216.0,0,0
2022-10-28,CRUDEOIL,2023-02-17,0.0,0.0,0.0,7028.0,7147.0,0,0
2022-10-28,CRUDEOIL,2023-03-20,0.0,0.0,0.0,6965.0,7074.0,0,0
2022-10-28,CRUDEOIL,2023-04-19,0.0,0.0,0.0,6904.0,7004.0,0,0
2022-10-31,CRUDEOIL,2022-11-18,7218.0,7285.0,7084.0,7101.0,7213.0,43033,4158
2022-10-31,CRUDEOIL,2022-12-19,7163.0,7212.0,7027.0,7040.0,7150.0,1556,474
2022-10-31,CRUDEOIL,2023-01-19,0.0,0.0,0.0,6979.0,7087.0,0,0
2022-10-31,CRUDEOIL,2023-02-17,0.0,0.0,0.0,6921.0,7028.0,0,0
2022-10-31,CRUDEOIL,2023-03-20,0.0,0.0,0.0,6860.0,6965.0,0,0
2022-10-31,CRUDEOIL,2023-04-19,0.0,0.0,0.0,6801.0,6904.0,0,0
2022-11-01,CRUDEOIL,2022-11-18,7150.0,7385.0,7150.0,7314.0,7101.0,40678,5365
2022-11-01,CRUDEOIL,2022-12-19,7161.0,7313.0,7152.0,7247.0,7040.0,1507,380
2022-11-01,CRUDEOIL,2023-01-19,0.0,0.0,0.0,7180.0,6979.0,0,0
2022-11-01,CRUDEOIL,2023-02-17,0.0,0.0,0.0,7117.0,6921.0,0,0
2022-11-01,CRUDEOIL,2023-03-20,0.0,0.0,0.0,7050.0,6860.0,0,0
2022-11-01,CRUDEOIL,2023-04-19,0.0,0.0,0.0,6985.0,6801.0,0,0
2022-11-02,CRUDEOIL,2022-11-18,7388.0,7476.0,7275.0,7435.0,7314.0,36210,7504
2022-11-02,CRUDEOIL,2022-12-19,7319.0,7399.0,7211.0,7363.0,7247.0,1421,470
2022-11-02,CRUDEOIL,2023-01-19,0.0,0.0,0.0,7291.0,7180.0,0,0
2022-11-02,CRUDEOIL,2023-02-17,0.0,0.0,0.0,7223.0,7117.0,0,0
2022-11-02,CRUDEOIL,2023-03-20,0.0,0.0,0.0,7151.0,7050.0,0,0
2022-11-02,CRUDEOIL,2023-04-19,0.0,0.0,0.0,7081.0,6985.0,0,0
2022-11-03,CRUDEOIL,2022-11-18,7417.0,7434.0,7274.0,7341.0,7435.0,29144,4572
2022-11-03,CRUDEOIL,2022-12-19,7356.0,7363.0,7220.0,7283.0,7363.0,999,470
2022-11-03,CRUDEOIL,2023-01-19,0.0,0.0,0.0,7225.0,7291.0,0,0
2022-11-03,CRUDEOIL,2023-02-17,0.0,0.0,0.0,7170.0,7223.0,0,0
2022-11-03,CRUDEOIL,2023-03-20,0.0,0.0,0.0,7112.0,7151.0,0,0
2022-11-03,CRUDEOIL,2023-04-19,0.0,0.0,0.0,7056.0,7081.0,0,0
2022-11-04,CRUDEOIL,2022-11-18,7357.0,7592.0,7343.0,7556.0,7341.0,45186,7930
2022-11-04,CRUDEOIL,2022-12-19,7304.0,7525.0,7286.0,7489.0,7283.0,1999,745
2022-11-04,CRUDEOIL,2023-01-19,0.0,0.0,0.0,7422.0,7225.0,0,0
2022-11-04,CRUDEOIL,2023-02-17,0.0,0.0,0.0,7359.0,7170.0,0,0
2022-11-04,CRUDEOIL,2023-03-20,0.0,0.0,0.0,7292.0,7112.0,0,0
2022-11-04,CRUDEOIL,2023-04-19,0.0,0.0,0.0,7227.0,7056.0,0,0
2022-11-07,CRUDEOIL,2022-11-18,7545.0,7676.0,7477.0,7565.0,7556.0,30677,7533
2022-11-07,CRUDEOIL,2022-12-19,7440.0,7596.0,7410.0,7490.0,7489.0,1920,831
2022-11-07,CRUDEOIL,2023-01-19,7411.0,7430.0,7411.0,7421.0,7422.0,2,2
2022-11-07,CRUDEOIL,2023-02-17,0.0,0.0,0.0,7344.0,7359.0,0,0
2022-11-07,CRUDEOIL,2023-03-20,0.0,0.0,0.0,7269.0,7292.0,0,0
2022-11-07,CRUDEOIL,2023-04-19,0.0,0.0,0.0,7197.0,7227.0,0,0
2022-11-08,CRUDEOIL,2022-11-18,7427.0,7485.0,7334.0,7364.0,7565.0,30181,5803
2022-11-08,CRUDEOIL,2022-12-19,7450.0,7450.0,7280.0,7307.0,7490.0,1521,787
2022-11-08,CRUDEOIL,2023-01-19,0.0,0.0,0.0,7250.0,7421.0,0,2
2022-11-08,CRUDEOIL,2023-02-17,0.0,0.0,0.0,7196.0,7344.0,0,0
2022-11-08,CRUDEOIL,2023-03-20,0.0,0.0,0.0,7139.0,7269.0,0,0
2022-11-08,CRUDEOIL,2023-04-19,0.0,0.0,0.0,7084.0,7197.0,0,0
2022-11-09,CRUDEOIL,2022-11-18,7239.0,7260.0,7045.0,7064.0,7364.0,47177,9145
2022-11-09,CRUDEOIL,2022-12-19,7178.0,7220.0,7027.0,7051.0,7307.0,3562,1576
2022-11-09,CRUDEOIL,2023-01-19,7030.0,7109.0,7000.0,7040.0,7250.0,7,4
2022-11-09,CRUDEOIL,2023-02-17,0.0,0.0,0.0,7025.0,7196.0,0,0
2022-11-09,CRUDEOIL,2023-03-20,0.0,0.0,0.0,7012.0,7139.0,0,0
2022-11-09,CRUDEOIL,2023-04-19,0.0,0.0,0.0,7000.0,7084.0,0,0
2022-11-10,CRUDEOIL,2022-11-18,7023.0,7098.0,6911.0,7031.0,7064.0,41375,7818
2022-11-10,CRUDEOIL,2022-12-19,7004.0,7063.0,6901.0,6999.0,7051.0,3192,1805
2022-11-10,CRUDEOIL,2023-01-19,6934.0,6970.0,6900.0,6938.0,7040.0,15,12
2022-11-10,CRUDEOIL,2023-02-17,0.0,0.0,0.0,6937.0,7025.0,0,0
2022-11-10,CRUDEOIL,2023-03-20,0.0,0.0,0.0,6905.0,7012.0,0,0
2022-11-10,CRUDEOIL,2023-04-19,0.0,0.0,0.0,6874.0,7000.0,0,0
2022-11-11,CRUDEOIL,2022-11-18,7043.0,7258.0,7014.0,7124.0,7031.0,44458,5193
2022-11-11,CRUDEOIL,2022-12-19,7000.0,7213.0,6976.0,7083.0,6999.0,5223,2141
2022-11-11,CRUDEOIL,2023-01-19,6989.0,7119.0,6989.0,7062.0,6938.0,29,9
2022-11-11,CRUDEOIL,2023-02-17,0.0,0.0,0.0,7003.0,6937.0,0,0
2022-11-11,CRUDEOIL,2023-03-20,0.0,0.0,0.0,6962.0,6905.0,0,0
2022-11-11,CRUDEOIL,2023-04-19,0.0,0.0,0.0,6922.0,6874.0,0,0
2022-11-14,CRUDEOIL,2022-11-18,7179.0,7262.0,6953.0,6981.0,7124.0,41578,5766
2022-11-14,CRUDEOIL,2022-12-19,7152.0,7227.0,6944.0,6962.0,7083.0,7404,3521
2022-11-14,CRUDEOIL,2023-01-19,7114.0,7192.0,6925.0,6929.0,7062.0,179,60
2022-11-14,CRUDEOIL,2023-02-17,0.0,0.0,0.0,6925.0,7003.0,0,0
2022-11-14,CRUDEOIL,2023-03-20,0.0,0.0,0.0,6906.0,6962.0,0,0
2022-11-14,CRUDEOIL,2023-04-19,0.0,0.0,0.0,6887.0,6922.0,0,0
2022-11-15,CRUDEOIL,2022-11-18,6967.0,7085.0,6842.0,7057.0,6981.0,40223,3875
2022-11-15,CRUDEOIL,2022-12-19,6963.0,7065.0,6842.0,7034.0,6962.0,13891,4154
2022-11-15,CRUDEOIL,2023-01-19,6911.0,7024.0,6834.0,6997.0,6929.0,211,93
2022-11-15,CRUDEOIL,2023-02-17,0.0,0.0,0.0,6989.0,6925.0,0,0
2022-11-15,CRUDEOIL,2023-03-20,0.0,0.0,0.0,6966.0,6906.0,0,0
2022-11-15,CRUDEOIL,2023-04-19,0.0,0.0,0.0,6944.0,6887.0,0,0
2022-11-16,CRUDEOIL,2022-11-18,7048.0,7121.0,6868.0,6947.0,7057.0,24628,3785
2022-11-16,CRUDEOIL,2022-12-19,7024.0,7100.0,6880.0,6937.0,7034.0,21061,5881
2022-11-16,CRUDEOIL,2023-01-19,6990.0,7075.0,6870.0,6916.0,6997.0,395,176
2022-11-16,CRUDEOIL,2023-02-17,0.0,0.0,0.0,6917.0,6989.0,0,0
2022-11-16,CRUDEOIL,2023-03-20,0.0,0.0,0.0,6907.0,6966.0,0,0
2022-11-16,CRUDEOIL,2023-04-19,0.0,0.0,0.0,6897.0,6944.0,0,0
2022-11-17,CRUDEOIL,2022-11-18,6900.0,6973.0,6666.0,6692.0,6947.0,11112,1154
2022-11-17,CRUDEOIL,2022-12-19,6908.0,6963.0,6688.0,6720.0,6937.0,31180,11485
2022-11-17,CRUDEOIL,2023-01-19,6886.0,6920.0,6700.0,6734.0,6916.0,738,352
2022-11-17,CRUDEOIL,2023-02-17,0.0,0.0,0.0,6774.0,6917.0,0,0
2022-11-17,CRUDEOIL,2023-03-20,0.0,0.0,0.0,6802.0,6907.0,0,0
2022-11-17,CRUDEOIL,2023-04-19,0.0,0.0,0.0,6829.0,6897.0,0,0
2022-11-18,CRUDEOIL,2022-11-18,6728.0,6744.0,6313.0,6542.0,6692.0,3581,323
2022-11-18,CRUDEOIL,2022-12-19,6750.0,6770.0,6385.0,6503.0,6720.0,46205,15155
2022-11-18,CRUDEOIL,2023-01-19,6764.0,6777.0,6430.0,6531.0,6734.0,1353,550
2022-11-18,CRUDEOIL,2023-02-17,0.0,0.0,0.0,6557.0,6774.0,0,0
2022-11-18,CRUDEOIL,2023-03-20,0.0,0.0,0.0,6585.0,6802.0,0,0
2022-11-18,CRUDEOIL,2023-04-19,0.0,0.0,0.0,6612.0,6829.0,0,0
2022-11-21,CRUDEOIL,2022-12-19,6550.0,6609.0,6207.0,6581.0,6503.0,63035,14564
2022-11-21,CRUDEOIL,2023-01-19,6553.0,6620.0,6257.0,6599.0,6531.0,2142,640
2022-11-21,CRUDEOIL,2023-02-17,0.0,0.0,0.0,6615.0,6557.0,0,0
2022-11-21,CRUDEOIL,2023-03-20,0.0,0.0,0.0,6633.0,6585.0,0,0
2022-11-21,CRUDEOIL,2023-04-19,0.0,0.0,0.0,6651.0,6612.0,0,0
2022-11-21,CRUDEOIL,2023-05-19,0.0,0.0,0.0,6668.0,6464.0,0,0
2022-11-22,CRUDEOIL,2022-12-19,6585.0,6758.0,6561.0,6720.0,6581.0,38202,9874
2022-11-22,CRUDEOIL,2023-01-19,6625.0,6770.0,6586.0,6730.0,6599.0,1324,592
2022-11-22,CRUDEOIL,2023-02-17,0.0,0.0,0.0,6739.0,6615.0,0,0
2022-11-22,CRUDEOIL,2023-03-20,0.0,0.0,0.0,6749.0,6633.0,0,0
2022-11-22,CRUDEOIL,2023-04-19,0.0,0.0,0.0,6759.0,6651.0,0,0
2022-11-22,CRUDEOIL,2023-05-19,0.0,0.0,0.0,6768.0,6668.0,0,0
2022-11-23,CRUDEOIL,2022-12-19,6673.0,6734.0,6340.0,6389.0,6720.0,61280,16726
2022-11-23,CRUDEOIL,2023-01-19,6678.0,6752.0,6395.0,6434.0,6730.0,2172,906
2022-11-23,CRUDEOIL,2023-02-17,0.0,0.0,0.0,6476.0,6739.0,0,0
2022-11-23,CRUDEOIL,2023-03-20,0.0,0.0,0.0,6521.0,6749.0,0,0
2022-11-23,CRUDEOIL,2023-04-19,0.0,0.0,0.0,6564.0,6759.0,0,0
2022-11-23,CRUDEOIL,2023-05-19,0.0,0.0,0.0,6608.0,6768.0,0,0
2022-11-24,CRUDEOIL,2022-12-19,6400.0,6428.0,6323.0,6420.0,6389.0,28129,16802
2022-11-24,CRUDEOIL,2023-01-19,6449.0,6474.0,6376.0,6464.0,6434.0,853,973
2022-11-24,CRUDEOIL,2023-02-17,6476.0,6476.0,6432.0,6451.0,6476.0,3,1
2022-11-24,CRUDEOIL,2023-03-20,0.0,0.0,0.0,6549.0,6521.0,0,0
2022-11-24,CRUDEOIL,2023-04-19,0.0,0.0,0.0,6591.0,6564.0,0,0
2022-11-24,CRUDEOIL,2023-05-19,0.0,0.0,0.0,6634.0,6608.0,0,0
2022-11-25,CRUDEOIL,2022-12-19,6424.0,6554.0,6296.0,6311.0,6420.0,40754,17796
2022-11-25,CRUDEOIL,2023-01-19,6474.0,6583.0,6350.0,6359.0,6464.0,1417,1008
2022-11-25,CRUDEOIL,2023-02-17,6480.0,6594.0,6480.0,6537.0,6451.0,2,1
2022-11-25,CRUDEOIL,2023-03-20,0.0,0.0,0.0,6451.0,6549.0,0,0
2022-11-25,CRUDEOIL,2023-04-19,0.0,0.0,0.0,6498.0,6591.0,0,0
2022-11-25,CRUDEOIL,2023-05-19,0.0,0.0,0.0,6544.0,6634.0,0,0
2022-11-28,CRUDEOIL,2022-12-19,6275.0,6385.0,6052.0,6340.0,6311.0,56834,18192
2022-11-28,CRUDEOIL,2023-01-19,6225.0,6425.0,6113.0,6378.0,6359.0,2394,1160
2022-11-28,CRUDEOIL,2023-02-17,6594.0,6594.0,6280.0,6394.0,6537.0,6,4
2022-11-28,CRUDEOIL,2023-03-20,0.0,0.0,0.0,6451.0,6451.0,0,0
2022-11-28,CRUDEOIL,2023-04-19,0.0,0.0,0.0,6488.0,6498.0,0,0
2022-11-28,CRUDEOIL,2023-05-19,0.0,0.0,0.0,6525.0,6544.0,0,0
2022-11-29,CRUDEOIL,2022-12-19,6369.0,6527.0,6337.0,6422.0,6340.0,62885,15113
2022-11-29,CRUDEOIL,2023-01-19,6425.0,6560.0,6379.0,6457.0,6378.0,2189,1058
2022-11-29,CRUDEOIL,2023-02-17,6505.0,6505.0,6480.0,6485.0,6394.0,7,7
2022-11-29,CRUDEOIL,2023-03-20,0.0,0.0,0.0,6524.0,6451.0,0,0
2022-11-29,CRUDEOIL,2023-04-19,0.0,0.0,0.0,6558.0,6488.0,0,0
2022-11-29,CRUDEOIL,2023-05-19,0.0,0.0,0.0,6592.0,6525.0,0,0
2022-11-30,CRUDEOIL,2022-12-19,6455.0,6648.0,6421.0,6571.0,6422.0,47617,11734
2022-11-30,CRUDEOIL,2023-01-19,6502.0,6663.0,6463.0,6596.0,6457.0,2071,973
2022-11-30,CRUDEOIL,2023-02-17,6526.0,6617.0,6487.0,6610.0,6485.0,15,19
2022-11-30,CRUDEOIL,2023-03-20,0.0,0.0,0.0,6644.0,6524.0,0,0
2022-11-30,CRUDEOIL,2023-04-19,0.0,0.0,0.0,6668.0,6558.0,0,0
2022-11-30,CRUDEOIL,2023-05-19,0.0,0.0,0.0,6692.0,6592.0,0,0
2022-12-01,CRUDEOIL,2022-12-19,6574.0,6778.0,6512.0,6673.0,6571.0,47112,8664
2022-12-01,CRUDEOIL,2023-01-19,6579.0,6793.0,6550.0,6699.0,6596.0,2058,900
2022-12-01,CRUDEOIL,2023-02-17,6581.0,6761.0,6580.0,6634.0,6610.0,7,17
2022-12-01,CRUDEOIL,2023-03-20,0.0,0.0,0.0,6749.0,6644.0,0,0
2022-12-01,CRUDEOIL,2023-04-19,0.0,0.0,0.0,6774.0,6668.0,0,0
2022-12-01,CRUDEOIL,2023-05-19,0.0,0.0,0.0,6799.0,6692.0,0,0
2022-12-02,CRUDEOIL,2022-12-19,6623.0,6708.0,6520.0,6548.0,6673.0,43954,9974
2022-12-02,CRUDEOIL,2023-01-19,6651.0,6728.0,6555.0,6581.0,6699.0,2046,993
2022-12-02,CRUDEOIL,2023-02-17,6655.0,6655.0,6655.0,6655.0,6634.0,1,17
2022-12-02,CRUDEOIL,2023-03-20,0.0,0.0,0.0,6644.0,6749.0,0,0
2022-12-02,CRUDEOIL,2023-04-19,0.0,0.0,0.0,6676.0,6774.0,0,0
2022-12-02,CRUDEOIL,2023-05-19,0.0,0.0,0.0,6708.0,6799.0,0,0
2022-12-05,CRUDEOIL,2022-12-19,6577.0,6773.0,6389.0,6415.0,6548.0,58217,11122
2022-12-05,CRUDEOIL,2023-01-19,6628.0,6782.0,6440.0,6469.0,6581.0,2898,1190
2022-12-05,CRUDEOIL,2023-02-17,6715.0,6715.0,6460.0,6630.0,6655.0,3,17
2022-12-05,CRUDEOIL,2023-03-20,0.0,0.0,0.0,6573.0,6644.0,0,0
2022-12-05,CRUDEOIL,2023-04-19,0.0,0.0,0.0,6625.0,6676.0,0,0
2022-12-05,CRUDEOIL,2023-05-19,0.0,0.0,0.0,6678.0,6708.0,0,0
2022-12-06,CRUDEOIL,2022-12-19,6398.0,6435.0,6137.0,6153.0,6415.0,49986,16308
2022-12-06,CRUDEOIL,2023-01-19,6456.0,6478.0,6204.0,6220.0,6469.0,3344,1998
2022-12-06,CRUDEOIL,2023-02-17,0.0,0.0,0.0,6282.0,6630.0,0,17
2022-12-06,CRUDEOIL,2023-03-20,0.0,0.0,0.0,6349.0,6573.0,0,0
2022-12-06,CRUDEOIL,2023-04-19,0.0,0.0,0.0,6414.0,6625.0,0,0
2022-12-06,CRUDEOIL,2023-05-19,0.0,0.0,0.0,6479.0,6678.0,0,0
2022-12-07,CRUDEOIL,2022-12-19,6175.0,6237.0,6002.0,6026.0,6153.0,54419,19447
2022-12-07,CRUDEOIL,2023-01-19,6249.0,6298.0,6090.0,6107.0,6220.0,3835,2575
2022-12-07,CRUDEOIL,2023-02-17,6264.0,6264.0,6150.0,6204.0,6282.0,8,17
2022-12-07,CRUDEOIL,2023-03-20,0.0,0.0,0.0,6263.0,6349.0,0,0
2022-12-07,CRUDEOIL,2023-04-19,0.0,0.0,0.0,6342.0,6414.0,0,0
2022-12-07,CRUDEOIL,2023-05-19,0.0,0.0,0.0,6420.0,6479.0,0,0
2022-12-08,CRUDEOIL,2022-12-19,6050.0,6239.0,5910.0,5968.0,6026.0,68713,21276
2022-12-08,CRUDEOIL,2023-01-19,6137.0,6271.0,5986.0,6023.0,6107.0,6257,3271
2022-12-08,CRUDEOIL,2023-02-17,6230.0,6230.0,6052.0,6098.0,6204.0,14,17
2022-12-08,CRUDEOIL,2023-03-20,0.0,0.0,0.0,6129.0,6263.0,0,0
2022-12-08,CRUDEOIL,2023-04-19,0.0,0.0,0.0,6182.0,6342.0,0,0
2022-12-08,CRUDEOIL,2023-05-19,0.0,0.0,0.0,6235.0,6420.0,0,0
2022-12-09,CRUDEOIL,2022-12-19,5972.0,6039.0,5850.0,5876.0,5968.0,52120,23227
2022-12-09,CRUDEOIL,2023-01-19,6037.0,6101.0,5920.0,5946.0,6023.0,5305,3858
2022-12-09,CRUDEOIL,2023-02-17,6075.0,6118.0,6010.0,6067.0,6098.0,35,30
2022-12-09,CRUDEOIL,2023-03-20,0.0,0.0,0.0,6081.0,6129.0,0,0
2022-12-09,CRUDEOIL,2023-04-19,0.0,0.0,0.0,6149.0,6182.0,0,0
2022-12-09,CRUDEOIL,2023-05-19,0.0,0.0,0.0,6216.0,6235.0,0,0
2022-12-12,CRUDEOIL,2022-12-19,5937.0,6120.0,5832.0,6088.0,5876.0,70316,14967
2022-12-12,CRUDEOIL,2023-01-19,6000.0,6152.0,5901.0,6125.0,5946.0,11820,4265
2022-12-12,CRUDEOIL,2023-02-17,6060.0,6202.0,5994.0,6185.0,6067.0,45,31
2022-12-12,CRUDEOIL,2023-03-20,0.0,0.0,0.0,6196.0,6081.0,0,0
2022-12-12,CRUDEOIL,2023-04-19,0.0,0.0,0.0,6232.0,6149.0,0,0
2022-12-12,CRUDEOIL,2023-05-19,0.0,0.0,0.0,6268.0,6216.0,0,0
2022-12-13,CRUDEOIL,2022-12-19,6132.0,6307.0,6079.0,6254.0,6088.0,67955,8980
2022-12-13,CRUDEOIL,2023-01-19,6159.0,6322.0,6129.0,6278.0,6125.0,11513,3956
2022-12-13,CRUDEOIL,2023-02-17,6220.0,6359.0,6184.0,6336.0,6185.0,79,44
2022-12-13,CRUDEOIL,2023-03-20,0.0,0.0,0.0,6324.0,6196.0,0,0
2022-12-13,CRUDEOIL,2023-04-19,0.0,0.0,0.0,6347.0,6232.0,0,0
2022-12-13,CRUDEOIL,2023-05-19,0.0,0.0,0.0,6370.0,6268.0,0,0
2022-12-14,CRUDEOIL,2022-12-19,6225.0,6418.0,6205.0,6402.0,6254.0,47131,7079
2022-12-14,CRUDEOIL,2023-01-19,6278.0,6437.0,6242.0,6425.0,6278.0,11948,3695
2022-12-14,CRUDEOIL,2023-02-17,6294.0,6468.0,6294.0,6456.0,6336.0,280,67
2022-12-14,CRUDEOIL,2023-03-20,0.0,0.0,0.0,6469.0,6324.0,0,0
2022-12-14,CRUDEOIL,2023-04-19,0.0,0.0,0.0,6491.0,6347.0,0,0
2022-12-14,CRUDEOIL,2023-05-19,0.0,0.0,0.0,6514.0,6370.0,0,0
2022-12-15,CRUDEOIL,2022-12-19,6353.0,6433.0,6266.0,6386.0,6402.0,52187,5936
2022-12-15,CRUDEOIL,2023-01-19,6371.0,6467.0,6304.0,6410.0,6425.0,21976,6151
2022-12-15,CRUDEOIL,2023-02-17,6401.0,6501.0,6356.0,6444.0,6456.0,331,93
2022-12-15,CRUDEOIL,2023-03-20,0.0,0.0,0.0,6456.0,6469.0,0,0
2022-12-15,CRUDEOIL,2023-04-19,0.0,0.0,0.0,6479.0,6491.0,0,0
2022-12-15,CRUDEOIL,2023-05-19,0.0,0.0,0.0,6502.0,6514.0,0,0
2022-12-16,CRUDEOIL,2022-12-19,6326.0,6326.0,6071.0,6165.0,6386.0,14719,2047
2022-12-16,CRUDEOIL,2023-01-19,6346.0,6355.0,6134.0,6214.0,6410.0,31650,8458
2022-12-16,CRUDEOIL,2023-02-17,6376.0,6380.0,6187.0,6270.0,6444.0,482,178
2022-12-16,CRUDEOIL,2023-03-20,0.0,0.0,0.0,6308.0,6456.0,0,0
2022-12-16,CRUDEOIL,2023-04-19,0.0,0.0,0.0,6356.0,6479.0,0,0
2022-12-16,CRUDEOIL,2023-05-19,0.0,0.0,0.0,6403.0,6502.0,0,0
2022-12-19,CRUDEOIL,2022-12-19,6239.0,6315.0,6106.0,6214.0,6165.0,4370,163
2022-12-19,CRUDEOIL,2023-01-19,6250.0,6363.0,6167.0,6307.0,6214.0,35148,8274
2022-12-19,CRUDEOIL,2023-02-17,6326.0,6392.0,6223.0,6340.0,6270.0,983,244
2022-12-19,CRUDEOIL,2023-03-20,0.0,0.0,0.0,6375.0,6308.0,0,0
2022-12-19,CRUDEOIL,2023-04-19,0.0,0.0,0.0,6409.0,6356.0,0,0
2022-12-19,CRUDEOIL,2023-05-19,0.0,0.0,0.0,6443.0,6403.0,0,0
2022-12-20,CRUDEOIL,2023-01-19,6311.0,6371.0,6207.0,6319.0,6307.0,38852,7588
2022-12-20,CRUDEOIL,2023-02-17,6345.0,6398.0,6250.0,6351.0,6340.0,1106,280
2022-12-20,CRUDEOIL,2023-03-20,0.0,0.0,0.0,6385.0,6375.0,0,0
2022-12-20,CRUDEOIL,2023-04-19,0.0,0.0,0.0,6418.0,6409.0,0,0
2022-12-20,CRUDEOIL,2023-05-19,0.0,0.0,0.0,6451.0,6443.0,0,0
2022-12-20,CRUDEOIL,2023-06-16,0.0,0.0,0.0,6482.0,6321.0,0,0
2022-12-21,CRUDEOIL,2023-01-19,6350.0,6522.0,6311.0,6506.0,6319.0,34433,6630
2022-12-21,CRUDEOIL,2023-02-17,6384.0,6548.0,6338.0,6532.0,6351.0,1194,270
2022-12-21,CRUDEOIL,2023-03-20,0.0,0.0,0.0,6559.0,6385.0,0,0
2022-12-21,CRUDEOIL,2023-04-19,0.0,0.0,0.0,6586.0,6418.0,0,0
2022-12-21,CRUDEOIL,2023-05-19,0.0,0.0,0.0,6613.0,6451.0,0,0
2022-12-21,CRUDEOIL,2023-06-16,0.0,0.0,0.0,6638.0,6482.0,0,0
2022-12-22,CRUDEOIL,2023-01-19,6522.0,6627.0,6415.0,6435.0,6506.0,33046,6040
2022-12-22,CRUDEOIL,2023-02-17,6561.0,6655.0,6454.0,6475.0,6532.0,1277,386
2022-12-22,CRUDEOIL,2023-03-20,0.0,0.0,0.0,6517.0,6559.0,0,0
2022-12-22,CRUDEOIL,2023-04-19,0.0,0.0,0.0,6559.0,6586.0,0,0
2022-12-22,CRUDEOIL,2023-05-19,0.0,0.0,0.0,6600.0,6613.0,0,0
2022-12-22,CRUDEOIL,2023-06-16,0.0,0.0,0.0,6639.0,6638.0,0,0
2022-12-23,CRUDEOIL,2023-01-19,6499.0,6665.0,6479.0,6621.0,6435.0,33312,6895
2022-12-23,CRUDEOIL,2023-02-17,6540.0,6678.0,6514.0,6641.0,6475.0,1067,431
2022-12-23,CRUDEOIL,2023-03-20,0.0,0.0,0.0,6662.0,6517.0,0,0
2022-12-23,CRUDEOIL,2023-04-19,0.0,0.0,0.0,6683.0,6559.0,0,0
2022-12-23,CRUDEOIL,2023-05-19,0.0,0.0,0.0,6703.0,6600.0,0,0
2022-12-23,CRUDEOIL,2023-06-16,0.0,0.0,0.0,6723.0,6639.0,0,0
2022-12-26,CRUDEOIL,2023-01-19,6619.0,6712.0,6610.0,6652.0,6621.0,8693,6959
2022-12-26,CRUDEOIL,2023-02-17,6630.0,6733.0,6630.0,6682.0,6641.0,499,459
2022-12-26,CRUDEOIL,2023-03-20,0.0,0.0,0.0,6714.0,6662.0,0,0
2022-12-26,CRUDEOIL,2023-04-19,0.0,0.0,0.0,6745.0,6683.0,0,0
2022-12-26,CRUDEOIL,2023-05-19,0.0,0.0,0.0,6776.0,6703.0,0,0
2022-12-26,CRUDEOIL,2023-06-16,0.0,0.0,0.0,6805.0,6723.0,0,0
2022-12-27,CRUDEOIL,2023-01-19,6643.0,6729.0,6580.0,6689.0,6652.0,25464,6497
2022-12-27,CRUDEOIL,2023-02-17,6674.0,6738.0,6620.0,6707.0,6682.0,830,491
2022-12-27,CRUDEOIL,2023-03-20,0.0,0.0,0.0,6726.0,6714.0,0,0
2022-12-27,CRUDEOIL,2023-04-19,0.0,0.0,0.0,6744.0,6745.0,0,0
2022-12-27,CRUDEOIL,2023-05-19,0.0,0.0,0.0,6763.0,6776.0,0,0
2022-12-27,CRUDEOIL,2023-06-16,0.0,0.0,0.0,6780.0,6805.0,0,0
2022-12-28,CRUDEOIL,2023-01-19,6613.0,6622.0,6422.0,6516.0,6689.0,34842,5763
2022-12-28,CRUDEOIL,2023-02-17,6632.0,6653.0,6475.0,6558.0,6707.0,1261,542
2022-12-28,CRUDEOIL,2023-03-20,0.0,0.0,0.0,6602.0,6726.0,0,0
2022-12-28,CRUDEOIL,2023-04-19,0.0,0.0,0.0,6646.0,6744.0,0,0
2022-12-28,CRUDEOIL,2023-05-19,0.0,0.0,0.0,6689.0,6763.0,0,0
2022-12-28,CRUDEOIL,2023-06-16,0.0,0.0,0.0,6730.0,6780.0,0,0
2022-12-29,CRUDEOIL,2023-01-19,6517.0,6542.0,6381.0,6473.0,6516.0,30613,5820
2022-12-29,CRUDEOIL,2023-02-17,6574.0,6578.0,6429.0,6513.0,6558.0,1202,571
2022-12-29,CRUDEOIL,2023-03-20,0.0,0.0,0.0,6555.0,6602.0,0,0
2022-12-29,CRUDEOIL,2023-04-19,0.0,0.0,0.0,6597.0,6646.0,0,0
2022-12-29,CRUDEOIL,2023-05-19,0.0,0.0,0.0,6638.0,6689.0,0,0
2022-12-29,CRUDEOIL,2023-06-16,0.0,0.0,0.0,6677.0,6730.0,0,0
2022-12-30,CRUDEOIL,2023-01-19,6503.0,6589.0,6448.0,6555.0,6473.0,28967,5586
2022-12-30,CRUDEOIL,2023-02-17,6556.0,6629.0,6500.0,6602.0,6513.0,1247,552
2022-12-30,CRUDEOIL,2023-03-20,0.0,0.0,0.0,6652.0,6555.0,0,0
2022-12-30,CRUDEOIL,2023-04-19,0.0,0.0,0.0,6700.0,6597.0,0,0
2022-12-30,CRUDEOIL,2023-05-19,0.0,0.0,0.0,6749.0,6638.0,0,0
2022-12-30,CRUDEOIL,2023-06-16,0.0,0.0,0.0,6794.0,6677.0,0,0
2023-01-02,CRUDEOIL,2023-01-19,6593.0,6635.0,6580.0,6608.0,6555.0,5937,5766
2023-01-02,CRUDEOIL,2023-02-17,6628.0,6675.0,6626.0,6648.0,6602.0,326,561
2023-01-02,CRUDEOIL,2023-03-20,0.0,0.0,0.0,6690.0,6652.0,0,0
2023-01-02,CRUDEOIL,2023-04-19,0.0,0.0,0.0,6732.0,6700.0,0,0
2023-01-02,CRUDEOIL,2023-05-19,0.0,0.0,0.0,6773.0,6749.0,0,0
2023-01-02,CRUDEOIL,2023-06-16,0.0,0.0,0.0,6812.0,6794.0,0,0
2023-01-03,CRUDEOIL,2023-01-19,6600.0,6760.0,6429.0,6475.0,6608.0,52232,6700
2023-01-03,CRUDEOIL,2023-02-17,6672.0,6781.0,6475.0,6517.0,6648.0,2646,555
2023-01-03,CRUDEOIL,2023-03-20,0.0,0.0,0.0,6561.0,6690.0,0,0
2023-01-03,CRUDEOIL,2023-04-19,0.0,0.0,0.0,6605.0,6732.0,0,0
2023-01-03,CRUDEOIL,2023-05-19,0.0,0.0,0.0,6648.0,6773.0,0,0
2023-01-03,CRUDEOIL,2023-06-16,0.0,0.0,0.0,6689.0,6812.0,0,0
2023-01-04,CRUDEOIL,2023-01-19,6400.0,6400.0,6087.0,6122.0,6475.0,50085,11562
2023-01-04,CRUDEOIL,2023-02-17,6442.0,6442.0,6140.0,6178.0,6517.0,2842,1080
2023-01-04,CRUDEOIL,2023-03-20,6299.0,6299.0,6222.0,6251.0,6561.0,3,2
2023-01-04,CRUDEOIL,2023-04-19,0.0,0.0,0.0,6295.0,6605.0,0,0
2023-01-04,CRUDEOIL,2023-05-19,0.0,0.0,0.0,6353.0,6648.0,0,0
2023-01-04,CRUDEOIL,2023-06-16,0.0,0.0,0.0,6407.0,6689.0,0,0
2023-01-05,CRUDEOIL,2023-01-19,6134.0,6212.0,6019.0,6148.0,6122.0,40642,9982
2023-01-05,CRUDEOIL,2023-02-17,6196.0,6262.0,6080.0,6201.0,6178.0,2324,1192
2023-01-05,CRUDEOIL,2023-03-20,6258.0,6258.0,6169.0,6211.0,6251.0,3,5
2023-01-05,CRUDEOIL,2023-04-19,0.0,0.0,0.0,6312.0,6295.0,0,0
2023-01-05,CRUDEOIL,2023-05-19,0.0,0.0,0.0,6367.0,6353.0,0,0
2023-01-05,CRUDEOIL,2023-06-16,0.0,0.0,0.0,6418.0,6407.0,0,0
2023-01-06,CRUDEOIL,2023-01-19,6188.0,6258.0,6086.0,6149.0,6148.0,43317,10454
2023-01-06,CRUDEOIL,2023-02-17,6241.0,6298.0,6145.0,6201.0,6201.0,2138,1151
2023-01-06,CRUDEOIL,2023-03-20,0.0,0.0,0.0,6256.0,6211.0,0,5
2023-01-06,CRUDEOIL,2023-04-19,0.0,0.0,0.0,6310.0,6312.0,0,0
2023-01-06,CRUDEOIL,2023-05-19,0.0,0.0,0.0,6364.0,6367.0,0,0
2023-01-06,CRUDEOIL,2023-06-16,0.0,0.0,0.0,6414.0,6418.0,0,0
2023-01-09,CRUDEOIL,2023-01-19,6173.0,6328.0,6158.0,6192.0,6149.0,40916,10252
2023-01-09,CRUDEOIL,2023-02-17,6225.0,6368.0,6211.0,6238.0,6201.0,2285,1116
2023-01-09,CRUDEOIL,2023-03-20,6354.0,6354.0,6354.0,6354.0,6256.0,1,4
2023-01-09,CRUDEOIL,2023-04-19,0.0,0.0,0.0,6334.0,6310.0,0,0
2023-01-09,CRUDEOIL,2023-05-19,0.0,0.0,0.0,6382.0,6364.0,0,0
2023-01-09,CRUDEOIL,2023-06-16,0.0,0.0,0.0,6426.0,6414.0,0,0
2023-01-10,CRUDEOIL,2023-01-19,6154.0,6214.0,6075.0,6177.0,6192.0,41281,9592
2023-01-10,CRUDEOIL,2023-02-17,6204.0,6265.0,6140.0,6240.0,6238.0,2877,1259
2023-01-10,CRUDEOIL,2023-03-20,6261.0,6261.0,6213.0,6232.0,6354.0,3,4
2023-01-10,CRUDEOIL,2023-04-19,0.0,0.0,0.0,6372.0,6334.0,0,0
2023-01-10,CRUDEOIL,2023-05-19,0.0,0.0,0.0,6437.0,6382.0,0,0
2023-01-10,CRUDEOIL,2023-06-16,0.0,0.0,0.0,6498.0,6426.0,0,0
2023-01-11,CRUDEOIL,2023-01-19,6150.0,6358.0,6097.0,6330.0,6177.0,49883,6608
2023-01-11,CRUDEOIL,2023-02-17,6186.0,6392.0,6163.0,6368.0,6240.0,3810,1168
2023-01-11,CRUDEOIL,2023-03-20,6213.0,6378.0,6213.0,6296.0,6232.0,5,4
2023-01-11,CRUDEOIL,2023-04-19,0.0,0.0,0.0,6447.0,6372.0,0,0
2023-01-11,CRUDEOIL,2023-05-19,0.0,0.0,0.0,6487.0,6437.0,0,0
2023-01-11,CRUDEOIL,2023-06-16,0.0,0.0,0.0,6523.0,6498.0,0,0
2023-01-12,CRUDEOIL,2023-01-19,6330.0,6442.0,6305.0,6391.0,6330.0,32235,5657
2023-01-12,CRUDEOIL,2023-02-17,6373.0,6475.0,6350.0,6431.0,6368.0,2853,1156
2023-01-12,CRUDEOIL,2023-03-20,6392.0,6470.0,6389.0,6435.0,6296.0,15,10
2023-01-12,CRUDEOIL,2023-04-19,0.0,0.0,0.0,6515.0,6447.0,0,0
2023-01-12,CRUDEOIL,2023-05-19,0.0,0.0,0.0,6556.0,6487.0,0,0
2023-01-12,CRUDEOIL,2023-06-16,0.0,0.0,0.0,6595.0,6523.0,0,0
2023-01-13,CRUDEOIL,2023-01-19,6372.0,6475.0,6360.0,6462.0,6391.0,28109,5252
2023-01-13,CRUDEOIL,2023-02-17,6411.0,6512.0,6394.0,6497.0,6431.0,4806,1695
2023-01-13,CRUDEOIL,2023-03-20,6435.0,6529.0,6435.0,6497.0,6435.0,16,14
2023-01-13,CRUDEOIL,2023-04-19,0.0,0.0,0.0,6570.0,6515.0,0,0
2023-01-13,CRUDEOIL,2023-05-19,0.0,0.0,0.0,6606.0,6556.0,0,0
2023-01-13,CRUDEOIL,2023-06-16,0.0,0.0,0.0,6640.0,6595.0,0,0
2023-01-16,CRUDEOIL,2023-01-19,6472.0,6510.0,6420.0,6455.0,6462.0,23224,3194
2023-01-16,CRUDEOIL,2023-02-17,6488.0,6552.0,6462.0,6498.0,6497.0,6434,3294
2023-01-16,CRUDEOIL,2023-03-20,6528.0,6589.0,6518.0,6532.0,6497.0,62,35
2023-01-16,CRUDEOIL,2023-04-19,0.0,0.0,0.0,6588.0,6570.0,0,0
2023-01-16,CRUDEOIL,2023-05-19,0.0,0.0,0.0,6632.0,6606.0,0,0
2023-01-16,CRUDEOIL,2023-06-16,0.0,0.0,0.0,6674.0,6640.0,0,0
2023-01-17,CRUDEOIL,2023-01-19,6481.0,6628.0,6454.0,6517.0,6455.0,18704,2791
2023-01-17,CRUDEOIL,2023-02-17,6520.0,6661.0,6497.0,6549.0,6498.0,13512,3743
2023-01-17,CRUDEOIL,2023-03-20,6577.0,6685.0,6556.0,6599.0,6532.0,144,61
2023-01-17,CRUDEOIL,2023-04-19,0.0,0.0,0.0,6616.0,6588.0,0,0
2023-01-17,CRUDEOIL,2023-05-19,0.0,0.0,0.0,6649.0,6632.0,0,0
2023-01-17,CRUDEOIL,2023-06-16,0.0,0.0,0.0,6680.0,6674.0,0,0
2023-01-18,CRUDEOIL,2023-01-19,6603.0,6697.0,6484.0,6510.0,6517.0,7403,570
2023-01-18,CRUDEOIL,2023-02-17,6643.0,6728.0,6528.0,6550.0,6549.0,21182,4252
2023-01-18,CRUDEOIL,2023-03-20,6687.0,6760.0,6580.0,6597.0,6599.0,230,88
2023-01-18,CRUDEOIL,2023-04-19,0.0,0.0,0.0,6634.0,6616.0,0,0
2023-01-18,CRUDEOIL,2023-05-19,0.0,0.0,0.0,6675.0,6649.0,0,0
2023-01-18,CRUDEOIL,2023-06-16,0.0,0.0,0.0,6714.0,6680.0,0,0
2023-01-19,CRUDEOIL,2023-01-19,6410.0,6608.0,6352.0,6535.0,6510.0,2274,138
2023-01-19,CRUDEOIL,2023-02-17,6500.0,6633.0,6402.0,6578.0,6550.0,25748,4701
2023-01-19,CRUDEOIL,2023-03-20,6487.0,6660.0,6455.0,6610.0,6597.0,746,118
2023-01-19,CRUDEOIL,2023-04-19,0.0,0.0,0.0,6640.0,6634.0,0,0
2023-01-19,CRUDEOIL,2023-05-19,0.0,0.0,0.0,6671.0,6675.0,0,0
2023-01-19,CRUDEOIL,2023-06-16,0.0,0.0,0.0,6700.0,6714.0,0,0
2023-01-20,CRUDEOIL,2023-02-17,6588.0,6645.0,6502.0,6620.0,6578.0,21819,4419
2023-01-20,CRUDEOIL,2023-03-20,6633.0,6680.0,6545.0,6663.0,6610.0,647,126
2023-01-20,CRUDEOIL,2023-04-19,0.0,0.0,0.0,6704.0,6640.0,0,0
2023-01-20,CRUDEOIL,2023-05-19,0.0,0.0,0.0,6746.0,6671.0,0,0
2023-01-20,CRUDEOIL,2023-06-16,0.0,0.0,0.0,6785.0,6700.0,0,0
2023-01-20,CRUDEOIL,2023-07-19,0.0,0.0,0.0,6830.0,6643.0,0,0
2023-01-23,CRUDEOIL,2023-02-17,6600.0,6735.0,6590.0,6705.0,6620.0,24587,5717
2023-01-23,CRUDEOIL,2023-03-20,6639.0,6770.0,6637.0,6743.0,6663.0,818,186
2023-01-23,CRUDEOIL,2023-04-19,0.0,0.0,0.0,6779.0,6704.0,0,0
2023-01-23,CRUDEOIL,2023-05-19,0.0,0.0,0.0,6816.0,6746.0,0,0
2023-01-23,CRUDEOIL,2023-06-16,0.0,0.0,0.0,6850.0,6785.0,0,0
2023-01-23,CRUDEOIL,2023-07-19,0.0,0.0,0.0,6891.0,6830.0,0,0
2023-01-24,CRUDEOIL,2023-02-17,6690.0,6717.0,6547.0,6562.0,6705.0,27524,5111
2023-01-24,CRUDEOIL,2023-03-20,6722.0,6755.0,6600.0,6613.0,6743.0,1018,283
2023-01-24,CRUDEOIL,2023-04-19,0.0,0.0,0.0,6662.0,6779.0,0,0
2023-01-24,CRUDEOIL,2023-05-19,0.0,0.0,0.0,6711.0,6816.0,0,0
2023-01-24,CRUDEOIL,2023-06-16,0.0,0.0,0.0,6757.0,6850.0,0,0
2023-01-24,CRUDEOIL,2023-07-19,0.0,0.0,0.0,6812.0,6891.0,0,0
2023-01-25,CRUDEOIL,2023-02-17,6580.0,6629.0,6503.0,6533.0,6562.0,26188,5110
2023-01-25,CRUDEOIL,2023-03-20,6622.0,6670.0,6557.0,6583.0,6613.0,780,356
2023-01-25,CRUDEOIL,2023-04-19,0.0,0.0,0.0,6631.0,6662.0,0,0
2023-01-25,CRUDEOIL,2023-05-19,0.0,0.0,0.0,6679.0,6711.0,0,0
2023-01-25,CRUDEOIL,2023-06-16,0.0,0.0,0.0,6724.0,6757.0,0,0
2023-01-25,CRUDEOIL,2023-07-19,0.0,0.0,0.0,6778.0,6812.0,0,0
2023-01-27,CRUDEOIL,2023-02-17,6617.0,6740.0,6460.0,6506.0,6533.0,34231,5328
2023-01-27,CRUDEOIL,2023-03-20,6680.0,6770.0,6508.0,6553.0,6583.0,1374,420
2023-01-27,CRUDEOIL,2023-04-19,0.0,0.0,0.0,6598.0,6631.0,0,0
2023-01-27,CRUDEOIL,2023-05-19,0.0,0.0,0.0,6643.0,6679.0,0,0
2023-01-27,CRUDEOIL,2023-06-16,0.0,0.0,0.0,6686.0,6724.0,0,0
2023-01-27,CRUDEOIL,2023-07-19,0.0,0.0,0.0,6736.0,6778.0,0,0
2023-01-30,CRUDEOIL,2023-02-17,6512.0,6528.0,6368.0,6418.0,6506.0,33733,6198
2023-01-30,CRUDEOIL,2023-03-20,6570.0,6572.0,6419.0,6469.0,6553.0,1198,581
2023-01-30,CRUDEOIL,2023-04-19,0.0,0.0,0.0,6518.0,6598.0,0,0
2023-01-30,CRUDEOIL,2023-05-19,0.0,0.0,0.0,6567.0,6643.0,0,0
2023-01-30,CRUDEOIL,2023-06-16,0.0,0.0,0.0,6613.0,6686.0,0,0
2023-01-30,CRUDEOIL,2023-07-19,0.0,0.0,0.0,6668.0,6736.0,0,0
2023-01-31,CRUDEOIL,2023-02-17,6376.0,6498.0,6292.0,6463.0,6418.0,32358,5243
2023-01-31,CRUDEOIL,2023-03-20,6410.0,6537.0,6348.0,6508.0,6469.0,1086,591
2023-01-31,CRUDEOIL,2023-04-19,0.0,0.0,0.0,6551.0,6518.0,0,0
2023-01-31,CRUDEOIL,2023-05-19,0.0,0.0,0.0,6595.0,6567.0,0,0
2023-01-31,CRUDEOIL,2023-06-16,0.0,0.0,0.0,6635.0,6613.0,0,0
2023-01-31,CRUDEOIL,2023-07-19,0.0,0.0,0.0,6683.0,6668.0,0,0
2023-02-01,CRUDEOIL,2023-02-17,6481.0,6542.0,6259.0,6281.0,6463.0,33846,7403
2023-02-01,CRUDEOIL,2023-03-20,6530.0,6587.0,6313.0,6331.0,6508.0,1465,680
2023-02-01,CRUDEOIL,2023-04-19,0.0,0.0,0.0,6379.0,6551.0,0,0
2023-02-01,CRUDEOIL,2023-05-19,0.0,0.0,0.0,6427.0,6595.0,0,0
2023-02-01,CRUDEOIL,2023-06-16,0.0,0.0,0.0,6472.0,6635.0,0,0
2023-02-01,CRUDEOIL,2023-07-19,0.0,0.0,0.0,6526.0,6683.0,0,0
2023-02-02,CRUDEOIL,2023-02-17,6310.0,6337.0,6181.0,6317.0,6281.0,29794,7516
2023-02-02,CRUDEOIL,2023-03-20,6380.0,6384.0,6238.0,6365.0,6331.0,1328,753
2023-02-02,CRUDEOIL,2023-04-19,6386.0,6386.0,6386.0,6386.0,6379.0,1,1
2023-02-02,CRUDEOIL,2023-05-19,0.0,0.0,0.0,6457.0,6427.0,0,0
2023-02-02,CRUDEOIL,2023-06-16,0.0,0.0,0.0,6501.0,6472.0,0,0
2023-02-02,CRUDEOIL,2023-07-19,0.0,0.0,0.0,6552.0,6526.0,0,0
2023-02-03,CRUDEOIL,2023-02-17,6259.0,6418.0,6075.0,6097.0,6317.0,53877,10072
2023-02-03,CRUDEOIL,2023-03-20,6323.0,6469.0,6149.0,6159.0,6365.0,2388,1026
2023-02-03,CRUDEOIL,2023-04-19,0.0,0.0,0.0,6219.0,6386.0,0,1
2023-02-03,CRUDEOIL,2023-05-19,0.0,0.0,0.0,6279.0,6457.0,0,0
2023-02-03,CRUDEOIL,2023-06-16,0.0,0.0,0.0,6335.0,6501.0,0,0
2023-02-03,CRUDEOIL,2023-07-19,0.0,0.0,0.0,6401.0,6552.0,0,0
2023-02-06,CRUDEOIL,2023-02-17,6096.0,6168.0,6007.0,6131.0,6097.0,40649,8905
2023-02-06,CRUDEOIL,2023-03-20,6145.0,6220.0,6070.0,6185.0,6159.0,2509,1205
2023-02-06,CRUDEOIL,2023-04-19,6204.0,6204.0,6135.0,6170.0,6219.0,2,1
2023-02-06,CRUDEOIL,2023-05-19,0.0,0.0,0.0,6289.0,6279.0,0,0
2023-02-06,CRUDEOIL,2023-06-16,0.0,0.0,0.0,6338.0,6335.0,0,0
2023-02-06,CRUDEOIL,2023-07-19,0.0,0.0,0.0,6395.0,6401.0,0,0
2023-02-07,CRUDEOIL,2023-02-17,6169.0,6383.0,6169.0,6363.0,6131.0,47860,6713
2023-02-07,CRUDEOIL,2023-03-20,6250.0,6425.0,6249.0,6411.0,6185.0,2693,995
2023-02-07,CRUDEOIL,2023-04-19,0.0,0.0,0.0,6457.0,6170.0,0,1
2023-02-07,CRUDEOIL,2023-05-19,0.0,0.0,0.0,6503.0,6289.0,0,0
2023-02-07,CRUDEOIL,2023-06-16,0.0,0.0,0.0,6547.0,6338.0,0,0
2023-02-07,CRUDEOIL,2023-07-19,0.0,0.0,0.0,6598.0,6395.0,0,0
2023-02-08,CRUDEOIL,2023-02-17,6389.0,6483.0,6382.0,6472.0,6363.0,35903,6237
2023-02-08,CRUDEOIL,2023-03-20,6427.0,6517.0,6425.0,6505.0,6411.0,2235,1043
2023-02-08,CRUDEOIL,2023-04-19,0.0,0.0,0.0,6536.0,6457.0,0,1
2023-02-08,CRUDEOIL,2023-05-19,6503.0,6503.0,6503.0,6503.0,6503.0,1,1
2023-02-08,CRUDEOIL,2023-06-16,0.0,0.0,0.0,6598.0,6547.0,0,0
2023-02-08,CRUDEOIL,2023-07-19,0.0,0.0,0.0,6633.0,6598.0,0,0
2023-02-09,CRUDEOIL,2023-02-17,6481.0,6508.0,6324.0,6422.0,6472.0,37115,4936
2023-02-09,CRUDEOIL,2023-03-20,6510.0,6545.0,6375.0,6467.0,6505.0,2533,1026
2023-02-09,CRUDEOIL,2023-04-19,0.0,0.0,0.0,6510.0,6536.0,0,1
2023-02-09,CRUDEOIL,2023-05-19,6503.0,6503.0,6503.0,6503.0,6503.0,1,0
2023-02-09,CRUDEOIL,2023-06-16,0.0,0.0,0.0,6594.0,6598.0,0,0
2023-02-09,CRUDEOIL,2023-07-19,0.0,0.0,0.0,6642.0,6633.0,0,0
2023-02-10,CRUDEOIL,2023-02-17,6436.0,6625.0,6400.0,6556.0,6422.0,47951,6086
2023-02-10,CRUDEOIL,2023-03-20,6380.0,6651.0,6380.0,6585.0,6467.0,4679,1239
2023-02-10,CRUDEOIL,2023-04-19,6638.0,6638.0,6617.0,6628.0,6510.0,2,3
2023-02-10,CRUDEOIL,2023-05-19,0.0,0.0,0.0,6641.0,6503.0,0,0
2023-02-10,CRUDEOIL,2023-06-16,0.0,0.0,0.0,6667.0,6594.0,0,0
2023-02-10,CRUDEOIL,2023-07-19,0.0,0.0,0.0,6698.0,6642.0,0,0
2023-02-13,CRUDEOIL,2023-02-17,6525.0,6657.0,6495.0,6646.0,6556.0,36575,6548
2023-02-13,CRUDEOIL,2023-03-20,6559.0,6695.0,6535.0,6682.0,6585.0,6727,2868
2023-02-13,CRUDEOIL,2023-04-19,6611.0,6720.0,6580.0,6676.0,6628.0,17,9
2023-02-13,CRUDEOIL,2023-05-19,0.0,0.0,0.0,6751.0,6641.0,0,0
2023-02-13,CRUDEOIL,2023-06-16,0.0,0.0,0.0,6784.0,6667.0,0,0
2023-02-13,CRUDEOIL,2023-07-19,0.0,0.0,0.0,6822.0,6698.0,0,0
2023-02-14,CRUDEOIL,2023-02-17,6544.0,6591.0,6441.0,6566.0,6646.0,40389,4219
2023-02-14,CRUDEOIL,2023-03-20,6579.0,6629.0,6484.0,6604.0,6682.0,11127,3243
2023-02-14,CRUDEOIL,2023-04-19,6635.0,6653.0,6525.0,6628.0,6676.0,69,15
2023-02-14,CRUDEOIL,2023-05-19,0.0,0.0,0.0,6677.0,6751.0,0,0
2023-02-14,CRUDEOIL,2023-06-16,0.0,0.0,0.0,6711.0,6784.0,0,0
2023-02-14,CRUDEOIL,2023-07-19,0.0,0.0,0.0,6752.0,6822.0,0,0
2023-02-15,CRUDEOIL,2023-02-17,6528.0,6534.0,6406.0,6485.0,6566.0,25356,3056
2023-02-15,CRUDEOIL,2023-03-20,6568.0,6572.0,6454.0,6526.0,6604.0,20327,3845
2023-02-15,CRUDEOIL,2023-04-19,6610.0,6610.0,6500.0,6570.0,6628.0,123,29
2023-02-15,CRUDEOIL,2023-05-19,0.0,0.0,0.0,6605.0,6677.0,0,0
2023-02-15,CRUDEOIL,2023-06-16,0.0,0.0,0.0,6642.0,6711.0,0,0
2023-02-15,CRUDEOIL,2023-07-19,0.0,0.0,0.0,6686.0,6752.0,0,0
2023-02-16,CRUDEOIL,2023-02-17,6530.0,6577.0,6460.0,6500.0,6485.0,7104,1402
2023-02-16,CRUDEOIL,2023-03-20,6560.0,6612.0,6501.0,6539.0,6526.0,21074,4073
2023-02-16,CRUDEOIL,2023-04-19,6627.0,6650.0,6550.0,6579.0,6570.0,228,72
2023-02-16,CRUDEOIL,2023-05-19,0.0,0.0,0.0,6614.0,6605.0,0,0
2023-02-16,CRUDEOIL,2023-06-16,0.0,0.0,0.0,6649.0,6642.0,0,0
2023-02-16,CRUDEOIL,2023-07-19,0.0,0.0,0.0,6691.0,6686.0,0,0
2023-02-17,CRUDEOIL,2023-02-17,6474.0,6474.0,6213.0,6322.0,6500.0,3415,215
2023-02-17,CRUDEOIL,2023-03-20,6503.0,6503.0,6272.0,6317.0,6539.0,32094,8229
2023-02-17,CRUDEOIL,2023-04-19,6530.0,6530.0,6322.0,6364.0,6579.0,475,105
2023-02-17,CRUDEOIL,2023-05-19,0.0,0.0,0.0,6411.0,6614.0,0,0
2023-02-17,CRUDEOIL,2023-06-16,0.0,0.0,0.0,6454.0,6649.0,0,0
2023-02-17,CRUDEOIL,2023-07-19,0.0,0.0,0.0,6506.0,6691.0,0,0
2023-02-20,CRUDEOIL,2023-03-20,6390.0,6448.0,6358.0,6426.0,6317.0,21623,5877
2023-02-20,CRUDEOIL,2023-04-19,6438.0,6489.0,6410.0,6465.0,6364.0,570,142
2023-02-20,CRUDEOIL,2023-05-19,0.0,0.0,0.0,6504.0,6411.0,0,0
2023-02-20,CRUDEOIL,2023-06-16,0.0,0.0,0.0,6540.0,6454.0,0,0
2023-02-20,CRUDEOIL,2023-07-19,0.0,0.0,0.0,6583.0,6506.0,0,0
2023-02-20,CRUDEOIL,2023-08-21,0.0,0.0,0.0,6626.0,6359.0,0,0
2023-02-21,CRUDEOIL,2023-03-20,6371.0,6446.0,6314.0,6385.0,6426.0,36218,6326
2023-02-21,CRUDEOIL,2023-04-19,6420.0,6485.0,6364.0,6422.0,6465.0,996,190
2023-02-21,CRUDEOIL,2023-05-19,0.0,0.0,0.0,6459.0,6504.0,0,0
2023-02-21,CRUDEOIL,2023-06-16,0.0,0.0,0.0,6493.0,6540.0,0,0
2023-02-21,CRUDEOIL,2023-07-19,0.0,0.0,0.0,6534.0,6583.0,0,0
2023-02-21,CRUDEOIL,2023-08-21,0.0,0.0,0.0,6574.0,6626.0,0,0
2023-02-22,CRUDEOIL,2023-03-20,6370.0,6370.0,6162.0,6174.0,6385.0,34023,11008
2023-02-22,CRUDEOIL,2023-04-19,6395.0,6395.0,6211.0,6217.0,6422.0,1045,319
2023-02-22,CRUDEOIL,2023-05-19,0.0,0.0,0.0,6260.0,6459.0,0,0
2023-02-22,CRUDEOIL,2023-06-16,0.0,0.0,0.0,6300.0,6493.0,0,0
2023-02-22,CRUDEOIL,2023-07-19,0.0,0.0,0.0,6347.0,6534.0,0,0
2023-02-22,CRUDEOIL,2023-08-21,0.0,0.0,0.0,6394.0,6574.0,0,0
2023-02-23,CRUDEOIL,2023-03-20,6176.0,6299.0,6147.0,6257.0,6174.0,28113,9080
2023-02-23,CRUDEOIL,2023-04-19,6233.0,6344.0,6197.0,6302.0,6217.0,599,345
2023-02-23,CRUDEOIL,2023-05-19,0.0,0.0,0.0,6347.0,6260.0,0,0
2023-02-23,CRUDEOIL,2023-06-16,0.0,0.0,0.0,6389.0,6300.0,0,0
2023-02-23,CRUDEOIL,2023-07-19,0.0,0.0,0.0,6438.0,6347.0,0,0
2023-02-23,CRUDEOIL,2023-08-21,0.0,0.0,0.0,6488.0,6394.0,0,0
2023-02-24,CRUDEOIL,2023-03-20,6286.0,6364.0,6168.0,6342.0,6257.0,44719,6326
2023-02-24,CRUDEOIL,2023-04-19,6339.0,6408.0,6214.0,6384.0,6302.0,1018,345
2023-02-24,CRUDEOIL,2023-05-19,0.0,0.0,0.0,6426.0,6347.0,0,0
2023-02-24,CRUDEOIL,2023-06-16,0.0,0.0,0.0,6465.0,6389.0,0,0
2023-02-24,CRUDEOIL,2023-07-19,0.0,0.0,0.0,6511.0,6438.0,0,0
2023-02-24,CRUDEOIL,2023-08-21,0.0,0.0,0.0,6557.0,6488.0,0,0
2023-02-27,CRUDEOIL,2023-03-20,6333.0,6382.0,6227.0,6273.0,6342.0,34875,9429
2023-02-27,CRUDEOIL,2023-04-19,6367.0,6420.0,6277.0,6317.0,6384.0,1022,366
2023-02-27,CRUDEOIL,2023-05-19,0.0,0.0,0.0,6361.0,6426.0,0,0
2023-02-27,CRUDEOIL,2023-06-16,0.0,0.0,0.0,6402.0,6465.0,0,0
2023-02-27,CRUDEOIL,2023-07-19,0.0,0.0,0.0,6450.0,6511.0,0,0
2023-02-27,CRUDEOIL,2023-08-21,0.0,0.0,0.0,6498.0,6557.0,0,0
2023-02-28,CRUDEOIL,2023-03-20,6288.0,6442.0,6288.0,6404.0,6273.0,35869,5979
2023-02-28,CRUDEOIL,2023-04-19,6336.0,6467.0,6332.0,6433.0,6317.0,914,409
2023-02-28,CRUDEOIL,2023-05-19,0.0,0.0,0.0,6462.0,6361.0,0,0
2023-02-28,CRUDEOIL,2023-06-16,0.0,0.0,0.0,6489.0,6402.0,0,0
2023-02-28,CRUDEOIL,2023-07-19,0.0,0.0,0.0,6520.0,6450.0,0,0
2023-02-28,CRUDEOIL,2023-08-21,0.0,0.0,0.0,6552.0,6498.0,0,0
2023-03-01,CRUDEOIL,2023-03-20,6407.0,6431.0,6302.0,6359.0,6404.0,47449,7093
2023-03-01,CRUDEOIL,2023-04-19,6437.0,6470.0,6345.0,6397.0,6433.0,1319,379
2023-03-01,CRUDEOIL,2023-05-19,0.0,0.0,0.0,6435.0,6462.0,0,0
2023-03-01,CRUDEOIL,2023-06-16,0.0,0.0,0.0,6470.0,6489.0,0,0
2023-03-01,CRUDEOIL,2023-07-19,0.0,0.0,0.0,6512.0,6520.0,0,0
2023-03-01,CRUDEOIL,2023-08-21,0.0,0.0,0.0,6554.0,6552.0,0,0
2023-03-02,CRUDEOIL,2023-03-20,6380.0,6484.0,6380.0,6437.0,6359.0,37721,5584
2023-03-02,CRUDEOIL,2023-04-19,6469.0,6513.0,6435.0,6471.0,6397.0,1119,414
2023-03-02,CRUDEOIL,2023-05-19,0.0,0.0,0.0,6505.0,6435.0,0,0
2023-03-02,CRUDEOIL,2023-06-16,0.0,0.0,0.0,6536.0,6470.0,0,0
2023-03-02,CRUDEOIL,2023-07-19,0.0,0.0,0.0,6574.0,6512.0,0,0
2023-03-02,CRUDEOIL,2023-08-21,0.0,0.0,0.0,6611.0,6554.0,0,0
2023-03-03,CRUDEOIL,2023-03-20,6426.0,6510.0,6227.0,6503.0,6437.0,66574,6277
2023-03-03,CRUDEOIL,2023-04-19,6453.0,6538.0,6273.0,6532.0,6471.0,3080,616
2023-03-03,CRUDEOIL,2023-05-19,0.0,0.0,0.0,6561.0,6505.0,0,0
2023-03-03,CRUDEOIL,2023-06-16,0.0,0.0,0.0,6588.0,6536.0,0,0
2023-03-03,CRUDEOIL,2023-07-19,0.0,0.0,0.0,6619.0,6574.0,0,0
2023-03-03,CRUDEOIL,2023-08-21,0.0,0.0,0.0,6651.0,6611.0,0,0
2023-03-03,CRUDEOILM,2023-04-19,6454.0,6538.0,6277.0,6531.0,6446.0,17398,1527
2023-03-03,CRUDEOILM,2023-05-19,6411.0,6568.0,6330.0,6523.0,6368.0,37,11
2023-03-03,CRUDEOILM,2023-06-16,0.0,0.0,0.0,6515.0,6491.0,0,0
2023-03-03,CRUDEOILM,2023-07-19,0.0,0.0,0.0,6506.0,6483.0,0,0
2023-03-03,CRUDEOILM,2023-08-21,0.0,0.0,0.0,6497.0,6475.0,0,0
2023-03-06,CRUDEOIL,2023-03-20,6488.0,6583.0,6428.0,6558.0,6503.0,36139,8276
2023-03-06,CRUDEOIL,2023-04-19,6502.0,6610.0,6465.0,6588.0,6532.0,1968,783
2023-03-06,CRUDEOIL,2023-05-19,0.0,0.0,0.0,6618.0,6561.0,0,0
2023-03-06,CRUDEOIL,2023-06-16,0.0,0.0,0.0,6646.0,6588.0,0,0
2023-03-06,CRUDEOIL,2023-07-19,0.0,0.0,0.0,6679.0,6619.0,0,0
2023-03-06,CRUDEOIL,2023-08-21,0.0,0.0,0.0,6712.0,6651.0,0,0
2023-03-06,CRUDEOILM,2023-04-19,6532.0,6607.0,6466.0,6588.0,6531.0,15213,2470
2023-03-06,CRUDEOILM,2023-05-19,6779.0,6779.0,6500.0,6617.0,6523.0,80,25
2023-03-06,CRUDEOILM,2023-06-16,0.0,0.0,0.0,6644.0,6515.0,0,0
2023-03-06,CRUDEOILM,2023-07-19,0.0,0.0,0.0,6675.0,6506.0,0,0
2023-03-06,CRUDEOILM,2023-08-21,0.0,0.0,0.0,6707.0,6497.0,0,0
2023-03-07,CRUDEOIL,2023-03-20,6544.0,6570.0,6393.0,6409.0,6558.0,30177,6076
2023-03-07,CRUDEOIL,2023-04-19,6574.0,6599.0,6433.0,6446.0,6588.0,1604,711
2023-03-07,CRUDEOIL,2023-05-19,0.0,0.0,0.0,6483.0,6618.0,0,0
2023-03-07,CRUDEOIL,2023-06-16,0.0,0.0,0.0,6517.0,6646.0,0,0
2023-03-07,CRUDEOIL,2023-07-19,0.0,0.0,0.0,6558.0,6679.0,0,0
2023-03-07,CRUDEOIL,2023-08-21,0.0,0.0,0.0,6598.0,6712.0,0,0
2023-03-07,CRUDEOILM,2023-04-19,6538.0,6597.0,6439.0,6449.0,6588.0,13667,2177
2023-03-07,CRUDEOILM,2023-05-19,6600.0,6612.0,6470.0,6493.0,6617.0,53,21
2023-03-07,CRUDEOILM,2023-06-16,0.0,0.0,0.0,6534.0,6644.0,0,0
2023-03-07,CRUDEOILM,2023-07-19,0.0,0.0,0.0,6582.0,6675.0,0,0
2023-03-07,CRUDEOILM,2023-08-21,0.0,0.0,0.0,6630.0,6707.0,0,0
2023-03-08,CRUDEOIL,2023-03-20,6405.0,6405.0,6256.0,6305.0,6409.0,42690,10467
2023-03-08,CRUDEOIL,2023-04-19,6420.0,6436.0,6300.0,6336.0,6446.0,2174,798
2023-03-08,CRUDEOIL,2023-05-19,0.0,0.0,0.0,6367.0,6483.0,0,0
2023-03-08,CRUDEOIL,2023-06-16,0.0,0.0,0.0,6395.0,6517.0,0,0
2023-03-08,CRUDEOIL,2023-07-19,0.0,0.0,0.0,6430.0,6558.0,0,0
2023-03-08,CRUDEOIL,2023-08-21,0.0,0.0,0.0,6464.0,6598.0,0,0
2023-03-08,CRUDEOILM,2023-04-19,6424.0,6446.0,6302.0,6342.0,6449.0,18428,3069
2023-03-08,CRUDEOILM,2023-05-19,6469.0,6471.0,6350.0,6384.0,6493.0,116,59
2023-03-08,CRUDEOILM,2023-06-16,0.0,0.0,0.0,6423.0,6534.0,0,0
2023-03-08,CRUDEOILM,2023-07-19,0.0,0.0,0.0,6469.0,6582.0,0,0
2023-03-08,CRUDEOILM,2023-08-21,0.0,0.0,0.0,6515.0,6630.0,0,0
2023-03-09,CRUDEOIL,2023-03-20,6285.0,6403.0,6256.0,6277.0,6305.0,41765,9703
2023-03-09,CRUDEOIL,2023-04-19,6329.0,6438.0,6298.0,6318.0,6336.0,2052,820
2023-03-09,CRUDEOIL,2023-05-19,0.0,0.0,0.0,6359.0,6367.0,0,0
2023-03-09,CRUDEOIL,2023-06-16,0.0,0.0,0.0,6397.0,6395.0,0,0
2023-03-09,CRUDEOIL,2023-07-19,0.0,0.0,0.0,6442.0,6430.0,0,0
2023-03-09,CRUDEOIL,2023-08-21,0.0,0.0,0.0,6487.0,6464.0,0,0
2023-03-09,CRUDEOILM,2023-04-19,6333.0,6435.0,6300.0,6321.0,6342.0,16603,2530
2023-03-09,CRUDEOILM,2023-05-19,6377.0,6465.0,6354.0,6365.0,6384.0,167,52
2023-03-09,CRUDEOILM,2023-06-16,0.0,0.0,0.0,6406.0,6423.0,0,0
2023-03-09,CRUDEOILM,2023-07-19,0.0,0.0,0.0,6454.0,6469.0,0,0
2023-03-09,CRUDEOILM,2023-08-21,0.0,0.0,0.0,6502.0,6515.0,0,0
2023-03-10,CRUDEOIL,2023-03-20,6264.0,6322.0,6151.0,6299.0,6277.0,56109,7290
2023-03-10,CRUDEOIL,2023-04-19,6225.0,6359.0,6201.0,6339.0,6318.0,3255,987
2023-03-10,CRUDEOIL,2023-05-19,6292.0,6297.0,6272.0,6283.0,6359.0,5,3
2023-03-10,CRUDEOIL,2023-06-16,0.0,0.0,0.0,6416.0,6397.0,0,0
2023-03-10,CRUDEOIL,2023-07-19,0.0,0.0,0.0,6460.0,6442.0,0,0
2023-03-10,CRUDEOIL,2023-08-21,0.0,0.0,0.0,6504.0,6487.0,0,0
2023-03-10,CRUDEOILM,2023-04-19,6300.0,6360.0,6203.0,6339.0,6321.0,23571,2206
2023-03-10,CRUDEOILM,2023-05-19,6278.0,6398.0,6258.0,6382.0,6365.0,229,50
2023-03-10,CRUDEOILM,2023-06-16,0.0,0.0,0.0,6422.0,6406.0,0,0
2023-03-10,CRUDEOILM,2023-07-19,0.0,0.0,0.0,6469.0,6454.0,0,0
2023-03-10,CRUDEOILM,2023-08-21,0.0,0.0,0.0,6516.0,6502.0,0,0
2023-03-13,CRUDEOIL,2023-03-20,6300.0,6333.0,5965.0,6167.0,6299.0,74608,8131
2023-03-13,CRUDEOIL,2023-04-19,6333.0,6372.0,6019.0,6215.0,6339.0,6728,1584
2023-03-13,CRUDEOIL,2023-05-19,6262.0,6320.0,6117.0,6203.0,6283.0,27,15
2023-03-13,CRUDEOIL,2023-06-16,0.0,0.0,0.0,6307.0,6416.0,0,0
2023-03-13,CRUDEOIL,2023-07-19,0.0,0.0,0.0,6360.0,6460.0,0,0
2023-03-13,CRUDEOIL,2023-08-21,0.0,0.0,0.0,6413.0,6504.0,0,0
2023-03-13,CRUDEOILM,2023-04-19,6341.0,6372.0,6024.0,6219.0,6339.0,32586,3197
2023-03-13,CRUDEOILM,2023-05-19,6378.0,6409.0,6100.0,6279.0,6382.0,347,107
2023-03-13,CRUDEOILM,2023-06-16,0.0,0.0,0.0,6335.0,6422.0,0,0
2023-03-13,CRUDEOILM,2023-07-19,0.0,0.0,0.0,6401.0,6469.0,0,0
2023-03-13,CRUDEOILM,2023-08-21,0.0,0.0,0.0,6467.0,6516.0,0,0
2023-03-14,CRUDEOIL,2023-03-20,6095.0,6130.0,5965.0,5983.0,6167.0,49071,10848
2023-03-14,CRUDEOIL,2023-04-19,6138.0,6169.0,6011.0,6029.0,6215.0,10726,3794
2023-03-14,CRUDEOIL,2023-05-19,6203.0,6203.0,6062.0,6095.0,6203.0,19,28
2023-03-14,CRUDEOIL,2023-06-16,0.0,0.0,0.0,6117.0,6307.0,0,0
2023-03-14,CRUDEOIL,2023-07-19,0.0,0.0,0.0,6168.0,6360.0,0,0
2023-03-14,CRUDEOIL,2023-08-21,0.0,0.0,0.0,6219.0,6413.0,0,0
2023-03-14,CRUDEOILM,2023-04-19,6200.0,6200.0,6012.0,6033.0,6219.0,27522,6617
2023-03-14,CRUDEOILM,2023-05-19,6205.0,6229.0,6070.0,6091.0,6279.0,521,196
2023-03-14,CRUDEOILM,2023-06-16,0.0,0.0,0.0,6145.0,6335.0,0,0
2023-03-14,CRUDEOILM,2023-07-19,0.0,0.0,0.0,6208.0,6401.0,0,0
2023-03-14,CRUDEOILM,2023-08-21,0.0,0.0,0.0,6272.0,6467.0,0,0
2023-03-15,CRUDEOIL,2023-03-20,5968.0,5993.0,5445.0,5564.0,5983.0,67036,8401
2023-03-15,CRUDEOIL,2023-04-19,6015.0,6043.0,5513.0,5614.0,6029.0,25318,8623
2023-03-15,CRUDEOIL,2023-05-19,6070.0,6077.0,5569.0,5678.0,6095.0,350,120
2023-03-15,CRUDEOIL,2023-06-16,0.0,0.0,0.0,5710.0,6117.0,0,0
2023-03-15,CRUDEOIL,2023-07-19,0.0,0.0,0.0,5765.0,6168.0,0,0
2023-03-15,CRUDEOIL,2023-08-21,0.0,0.0,0.0,5820.0,6219.0,0,0
2023-03-15,CRUDEOILM,2023-04-19,6020.0,6046.0,5522.0,5624.0,6033.0,43371,11345
2023-03-15,CRUDEOILM,2023-05-19,6084.0,6095.0,5583.0,5674.0,6091.0,1514,412
2023-03-15,CRUDEOILM,2023-06-16,6145.0,6145.0,6145.0,6145.0,6145.0,1,1
2023-03-15,CRUDEOILM,2023-07-19,0.0,0.0,0.0,5775.0,6208.0,0,0
2023-03-15,CRUDEOILM,2023-08-21,0.0,0.0,0.0,5830.0,6272.0,0,0
2023-03-16,CRUDEOIL,2023-03-20,5628.0,5728.0,5447.0,5695.0,5564.0,41486,7247
2023-03-16,CRUDEOIL,2023-04-19,5664.0,5784.0,5506.0,5748.0,5614.0,32935,9085
2023-03-16,CRUDEOIL,2023-05-19,5723.0,5824.0,5548.0,5787.0,5678.0,359,151
2023-03-16,CRUDEOIL,2023-06-16,0.0,0.0,0.0,5850.0,5710.0,0,0
2023-03-16,CRUDEOIL,2023-07-19,0.0,0.0,0.0,5908.0,5765.0,0,0
2023-03-16,CRUDEOIL,2023-08-21,0.0,0.0,0.0,5967.0,5820.0,0,0
2023-03-16,CRUDEOILM,2023-04-19,5664.0,5786.0,5514.0,5752.0,5624.0,56614,9702
2023-03-16,CRUDEOILM,2023-05-19,5710.0,5825.0,5554.0,5793.0,5674.0,1757,398
2023-03-16,CRUDEOILM,2023-06-16,5900.0,6390.0,5777.0,5984.0,6145.0,5,4
2023-03-16,CRUDEOILM,2023-07-19,0.0,0.0,0.0,5876.0,5775.0,0,0
2023-03-16,CRUDEOILM,2023-08-21,0.0,0.0,0.0,5921.0,5830.0,0,0
2023-03-17,CRUDEOIL,2023-03-20,5700.0,5752.0,5393.0,5529.0,5695.0,14321,2363
2023-03-17,CRUDEOIL,2023-04-19,5761.0,5806.0,5456.0,5584.0,5748.0,41159,12489
2023-03-17,CRUDEOIL,2023-05-19,5803.0,5841.0,5509.0,5628.0,5787.0,429,181
2023-03-17,CRUDEOIL,2023-06-16,0.0,0.0,0.0,5690.0,5850.0,0,0
2023-03-17,CRUDEOIL,2023-07-19,0.0,0.0,0.0,5750.0,5908.0,0,0
2023-03-17,CRUDEOIL,2023-08-21,0.0,0.0,0.0,5811.0,5967.0,0,0
2023-03-17,CRUDEOILM,2023-04-19,5777.0,5807.0,5463.0,5588.0,5752.0,54509,11714
2023-03-17,CRUDEOILM,2023-05-19,5800.0,5848.0,5518.0,5631.0,5793.0,1576,510
2023-03-17,CRUDEOILM,2023-06-16,5979.0,5979.0,5745.0,5862.0,5984.0,2,5
2023-03-17,CRUDEOILM,2023-07-19,0.0,0.0,0.0,5718.0,5876.0,0,0
2023-03-17,CRUDEOILM,2023-08-21,0.0,0.0,0.0,5765.0,5921.0,0,0
2023-03-20,CRUDEOIL,2023-03-20,5484.0,5513.0,5290.0,5581.0,5529.0,6590,448
2023-03-20,CRUDEOIL,2023-04-19,5557.0,5583.0,5359.0,5532.0,5584.0,43394,13721
2023-03-20,CRUDEOIL,2023-05-19,5617.0,5628.0,5414.0,5569.0,5628.0,861,249
2023-03-20,CRUDEOIL,2023-06-16,0.0,0.0,0.0,5603.0,5690.0,0,0
2023-03-20,CRUDEOIL,2023-07-19,0.0,0.0,0.0,5644.0,5750.0,0,0
2023-03-20,CRUDEOIL,2023-08-21,0.0,0.0,0.0,5684.0,5811.0,0,0
2023-03-20,CRUDEOILM,2023-04-19,5594.0,5594.0,5366.0,5537.0,5588.0,46056,11761
2023-03-20,CRUDEOILM,2023-05-19,5520.0,5629.0,5414.0,5577.0,5631.0,2920,545
2023-03-20,CRUDEOILM,2023-06-16,5789.0,5789.0,5789.0,5789.0,5862.0,1,6
2023-03-20,CRUDEOILM,2023-07-19,0.0,0.0,0.0,5658.0,5718.0,0,0
2023-03-20,CRUDEOILM,2023-08-21,0.0,0.0,0.0,5702.0,5765.0,0,0
2023-03-21,CRUDEOIL,2023-04-19,5566.0,5790.0,5566.0,5775.0,5532.0,44240,10217
2023-03-21,CRUDEOIL,2023-05-19,5614.0,5822.0,5609.0,5810.0,5569.0,1045,335
2023-03-21,CRUDEOIL,2023-06-16,0.0,0.0,0.0,5842.0,5603.0,0,0
2023-03-21,CRUDEOIL,2023-07-19,0.0,0.0,0.0,5881.0,5644.0,0,0
2023-03-21,CRUDEOIL,2023-08-21,0.0,0.0,0.0,5919.0,5684.0,0,0
2023-03-21,CRUDEOIL,2023-09-19,0.0,0.0,0.0,5953.0,5566.0,0,0
2023-03-21,CRUDEOILM,2023-04-19,5597.0,5790.0,5568.0,5777.0,5537.0,42763,8169
2023-03-21,CRUDEOILM,2023-05-19,5605.0,5825.0,5605.0,5811.0,5577.0,2562,459
2023-03-21,CRUDEOILM,2023-06-16,0.0,0.0,0.0,5842.0,5789.0,0,6
2023-03-21,CRUDEOILM,2023-07-19,0.0,0.0,0.0,5880.0,5658.0,0,0
2023-03-21,CRUDEOILM,2023-08-21,0.0,0.0,0.0,5917.0,5702.0,0,0
2023-03-21,CRUDEOILM,2023-09-19,0.0,0.0,0.0,5950.0,5566.0,0,0
2023-03-22,CRUDEOIL,2023-04-19,5745.0,5876.0,5722.0,5839.0,5775.0,33621,8845
2023-03-22,CRUDEOIL,2023-05-19,5789.0,5914.0,5764.0,5881.0,5810.0,838,381
2023-03-22,CRUDEOIL,2023-06-16,0.0,0.0,0.0,5920.0,5842.0,0,0
2023-03-22,CRUDEOIL,2023-07-19,0.0,0.0,0.0,5966.0,5881.0,0,0
2023-03-22,CRUDEOIL,2023-08-21,0.0,0.0,0.0,6012.0,5919.0,0,0
2023-03-22,CRUDEOIL,2023-09-19,0.0,0.0,0.0,6053.0,5953.0,0,0
2023-03-22,CRUDEOILM,2023-04-19,5769.0,5877.0,5728.0,5842.0,5777.0,32248,6837
2023-03-22,CRUDEOILM,2023-05-19,5780.0,5914.0,5767.0,5884.0,5811.0,1563,523
2023-03-22,CRUDEOILM,2023-06-16,5790.0,5790.0,5790.0,5790.0,5842.0,1,5
2023-03-22,CRUDEOILM,2023-07-19,0.0,0.0,0.0,5969.0,5880.0,0,0
2023-03-22,CRUDEOILM,2023-08-21,0.0,0.0,0.0,6015.0,5917.0,0,0
2023-03-22,CRUDEOILM,2023-09-19,0.0,0.0,0.0,6056.0,5950.0,0,0
2023-03-23,CRUDEOIL,2023-04-19,5804.0,5903.0,5767.0,5790.0,5839.0,30671,8625
2023-03-23,CRUDEOIL,2023-05-19,5840.0,5942.0,5817.0,5835.0,5881.0,587,428
2023-03-23,CRUDEOIL,2023-06-16,0.0,0.0,0.0,5877.0,5920.0,0,0
2023-03-23,CRUDEOIL,2023-07-19,0.0,0.0,0.0,5926.0,5966.0,0,0
2023-03-23,CRUDEOIL,2023-08-21,0.0,0.0,0.0,5976.0,6012.0,0,0
2023-03-23,CRUDEOIL,2023-09-19,0.0,0.0,0.0,6019.0,6053.0,0,0
2023-03-23,CRUDEOILM,2023-04-19,5808.0,5906.0,5770.0,5792.0,5842.0,32308,6940
2023-03-23,CRUDEOILM,2023-05-19,5850.0,5946.0,5820.0,5838.0,5884.0,1467,496
2023-03-23,CRUDEOILM,2023-06-16,0.0,0.0,0.0,5880.0,5790.0,0,5
2023-03-23,CRUDEOILM,2023-07-19,0.0,0.0,0.0,5931.0,5969.0,0,0
2023-03-23,CRUDEOILM,2023-08-21,0.0,0.0,0.0,5982.0,6015.0,0,0
2023-03-23,CRUDEOILM,2023-09-19,0.0,0.0,0.0,6026.0,6056.0,0,0
2023-03-24,CRUDEOIL,2023-04-19,5755.0,5812.0,5537.0,5728.0,5790.0,51232,8542
2023-03-24,CRUDEOIL,2023-05-19,5818.0,5856.0,5590.0,5772.0,5835.0,1487,520
2023-03-24,CRUDEOIL,2023-06-16,0.0,0.0,0.0,5813.0,5877.0,0,0
2023-03-24,CRUDEOIL,2023-07-19,0.0,0.0,0.0,5861.0,5926.0,0,0
2023-03-24,CRUDEOIL,2023-08-21,0.0,0.0,0.0,5909.0,5976.0,0,0
2023-03-24,CRUDEOIL,2023-09-19,0.0,0.0,0.0,5952.0,6019.0,0,0
2023-03-24,CRUDEOILM,2023-04-19,5777.0,5815.0,5542.0,5729.0,5792.0,45170,7175
2023-03-24,CRUDEOILM,2023-05-19,5823.0,5863.0,5599.0,5778.0,5838.0,2675,582
2023-03-24,CRUDEOILM,2023-06-16,0.0,0.0,0.0,5823.0,5880.0,0,5
2023-03-24,CRUDEOILM,2023-07-19,0.0,0.0,0.0,5877.0,5931.0,0,0
2023-03-24,CRUDEOILM,2023-08-21,0.0,0.0,0.0,5931.0,5982.0,0,0
2023-03-24,CRUDEOILM,2023-09-19,0.0,0.0,0.0,5978.0,6026.0,0,0
2023-03-27,CRUDEOIL,2023-04-19,5727.0,5999.0,5710.0,5978.0,5728.0,44080,7592
2023-03-27,CRUDEOIL,2023-05-19,5767.0,6032.0,5767.0,6008.0,5772.0,904,584
2023-03-27,CRUDEOIL,2023-06-16,0.0,0.0,0.0,6036.0,5813.0,0,0
2023-03-27,CRUDEOIL,2023-07-19,0.0,0.0,0.0,6069.0,5861.0,0,0
2023-03-27,CRUDEOIL,2023-08-21,0.0,0.0,0.0,6102.0,5909.0,0,0
2023-03-27,CRUDEOIL,2023-09-19,0.0,0.0,0.0,6131.0,5952.0,0,0
2023-03-27,CRUDEOILM,2023-04-19,5713.0,5998.0,5713.0,5976.0,5729.0,34745,4916
2023-03-27,CRUDEOILM,2023-05-19,5760.0,6029.0,5760.0,6006.0,5778.0,2154,654
2023-03-27,CRUDEOILM,2023-06-16,0.0,0.0,0.0,6034.0,5823.0,0,5
2023-03-27,CRUDEOILM,2023-07-19,0.0,0.0,0.0,6067.0,5877.0,0,0
2023-03-27,CRUDEOILM,2023-08-21,0.0,0.0,0.0,6100.0,5931.0,0,0
2023-03-27,CRUDEOILM,2023-09-19,0.0,0.0,0.0,6129.0,5978.0,0,0
2023-03-28,CRUDEOIL,2023-04-19,5988.0,6084.0,5949.0,6058.0,5978.0,32862,7210
2023-03-28,CRUDEOIL,2023-05-19,6024.0,6118.0,5984.0,6091.0,6008.0,981,418
2023-03-28,CRUDEOIL,2023-06-16,0.0,0.0,0.0,6121.0,6036.0,0,0
2023-03-28,CRUDEOIL,2023-07-19,0.0,0.0,0.0,6158.0,6069.0,0,0
2023-03-28,CRUDEOIL,2023-08-21,0.0,0.0,0.0,6194.0,6102.0,0,0
2023-03-28,CRUDEOIL,2023-09-19,0.0,0.0,0.0,6226.0,6131.0,0,0
2023-03-28,CRUDEOILM,2023-04-19,5962.0,6085.0,5948.0,6058.0,5976.0,29692,4535
2023-03-28,CRUDEOILM,2023-05-19,6020.0,6111.0,5985.0,6092.0,6006.0,1720,864
2023-03-28,CRUDEOILM,2023-06-16,6034.0,6264.0,6034.0,6086.0,6034.0,5,3
2023-03-28,CRUDEOILM,2023-07-19,0.0,0.0,0.0,6161.0,6067.0,0,0
2023-03-28,CRUDEOILM,2023-08-21,0.0,0.0,0.0,6198.0,6100.0,0,0
2023-03-28,CRUDEOILM,2023-09-19,0.0,0.0,0.0,6231.0,6129.0,0,0
2023-03-29,CRUDEOIL,2023-04-19,6061.0,6129.0,5998.0,6017.0,6058.0,31107,6531
2023-03-29,CRUDEOIL,2023-05-19,6092.0,6165.0,6049.0,6062.0,6091.0,1145,589
2023-03-29,CRUDEOIL,2023-06-16,0.0,0.0,0.0,6104.0,6121.0,0,0
2023-03-29,CRUDEOIL,2023-07-19,0.0,0.0,0.0,6153.0,6158.0,0,0
2023-03-29,CRUDEOIL,2023-08-21,0.0,0.0,0.0,6203.0,6194.0,0,0
2023-03-29,CRUDEOIL,2023-09-19,0.0,0.0,0.0,6246.0,6226.0,0,0
2023-03-29,CRUDEOILM,2023-04-19,6074.0,6127.0,6000.0,6019.0,6058.0,27012,5184
2023-03-29,CRUDEOILM,2023-05-19,6082.0,6170.0,6049.0,6066.0,6092.0,1911,912
2023-03-29,CRUDEOILM,2023-06-16,6128.0,6150.0,6128.0,6139.0,6086.0,2,1
2023-03-29,CRUDEOILM,2023-07-19,0.0,0.0,0.0,6161.0,6161.0,0,0
2023-03-29,CRUDEOILM,2023-08-21,0.0,0.0,0.0,6213.0,6198.0,0,0
2023-03-29,CRUDEOILM,2023-09-19,0.0,0.0,0.0,6258.0,6231.0,0,0
2023-03-30,CRUDEOIL,2023-04-19,6044.0,6115.0,6006.0,6093.0,6017.0,20631,6656
2023-03-30,CRUDEOIL,2023-05-19,6077.0,6159.0,6060.0,6136.0,6062.0,755,717
2023-03-30,CRUDEOIL,2023-06-16,0.0,0.0,0.0,6176.0,6104.0,0,0
2023-03-30,CRUDEOIL,2023-07-19,0.0,0.0,0.0,6223.0,6153.0,0,0
2023-03-30,CRUDEOIL,2023-08-21,0.0,0.0,0.0,6270.0,6203.0,0,0
2023-03-30,CRUDEOIL,2023-09-19,0.0,0.0,0.0,6312.0,6246.0,0,0
2023-03-30,CRUDEOILM,2023-04-19,6017.0,6119.0,6005.0,6097.0,6019.0,16970,4607
2023-03-30,CRUDEOILM,2023-05-19,6093.0,6159.0,6054.0,6137.0,6066.0,1053,959
2023-03-30,CRUDEOILM,2023-06-16,0.0,0.0,0.0,6174.0,6139.0,0,1
2023-03-30,CRUDEOILM,2023-07-19,0.0,0.0,0.0,6218.0,6161.0,0,0
2023-03-30,CRUDEOILM,2023-08-21,0.0,0.0,0.0,6262.0,6213.0,0,0
2023-03-30,CRUDEOILM,2023-09-19,0.0,0.0,0.0,6301.0,6258.0,0,0
2023-03-31,CRUDEOIL,2023-04-19,6108.0,6218.0,6078.0,6199.0,6093.0,32715,8057
2023-03-31,CRUDEOIL,2023-05-19,6161.0,6257.0,6125.0,6245.0,6136.0,1000,743
2023-03-31,CRUDEOIL,2023-06-16,0.0,0.0,0.0,6287.0,6176.0,0,0
2023-03-31,CRUDEOIL,2023-07-19,0.0,0.0,0.0,6338.0,6223.0,0,0
2023-03-31,CRUDEOIL,2023-08-21,0.0,0.0,0.0,6389.0,6270.0,0,0
2023-03-31,CRUDEOIL,2023-09-19,0.0,0.0,0.0,6433.0,6312.0,0,0
2023-03-31,CRUDEOILM,2023-04-19,6102.0,6215.0,6078.0,6198.0,6097.0,25254,4390
2023-03-31,CRUDEOILM,2023-05-19,6154.0,6249.0,6121.0,6237.0,6137.0,1810,1099
2023-03-31,CRUDEOILM,2023-06-16,6399.0,6399.0,6175.0,6285.0,6174.0,3,2
2023-03-31,CRUDEOILM,2023-07-19,0.0,0.0,0.0,6316.0,6218.0,0,0
2023-03-31,CRUDEOILM,2023-08-21,0.0,0.0,0.0,6359.0,6262.0,0,0
2023-03-31,CRUDEOILM,2023-09-19,0.0,0.0,0.0,6396.0,6301.0,0,0
2023-04-03,CRUDEOIL,2023-04-19,6220.0,6655.0,6220.0,6612.0,6199.0,41675,7854
2023-04-03,CRUDEOIL,2023-05-19,6494.0,6678.0,6494.0,6632.0,6245.0,1587,743
2023-04-03,CRUDEOIL,2023-06-16,6538.0,6538.0,6538.0,6538.0,6287.0,1,1
2023-04-03,CRUDEOIL,2023-07-19,0.0,0.0,0.0,6672.0,6338.0,0,0
2023-04-03,CRUDEOIL,2023-08-21,0.0,0.0,0.0,6694.0,6389.0,0,0
2023-04-03,CRUDEOIL,2023-09-19,0.0,0.0,0.0,6714.0,6433.0,0,0
2023-04-03,CRUDEOILM,2023-04-19,6271.0,6655.0,6271.0,6611.0,6198.0,30914,4511
2023-04-03,CRUDEOILM,2023-05-19,6250.0,6675.0,6250.0,6629.0,6237.0,3420,1477
2023-04-03,CRUDEOILM,2023-06-16,0.0,0.0,0.0,6645.0,6285.0,0,2
2023-04-03,CRUDEOILM,2023-07-19,0.0,0.0,0.0,6665.0,6316.0,0,0
2023-04-03,CRUDEOILM,2023-08-21,0.0,0.0,0.0,6685.0,6359.0,0,0
2023-04-03,CRUDEOILM,2023-09-19,0.0,0.0,0.0,6702.0,6396.0,0,0
2023-04-04,CRUDEOIL,2023-04-19,6661.0,6717.0,6548.0,6619.0,6612.0,27780,7129
2023-04-04,CRUDEOIL,2023-05-19,6707.0,6740.0,6574.0,6646.0,6632.0,928,748
2023-04-04,CRUDEOIL,2023-06-16,0.0,0.0,0.0,6671.0,6538.0,0,1
2023-04-04,CRUDEOIL,2023-07-19,0.0,0.0,0.0,6700.0,6672.0,0,0
2023-04-04,CRUDEOIL,2023-08-21,0.0,0.0,0.0,6730.0,6694.0,0,0
2023-04-04,CRUDEOIL,2023-09-19,0.0,0.0,0.0,6756.0,6714.0,0,0
2023-04-04,CRUDEOILM,2023-04-19,6650.0,6717.0,6545.0,6616.0,6611.0,22675,4085
2023-04-04,CRUDEOILM,2023-05-19,6688.0,6734.0,6571.0,6636.0,6629.0,1992,1485
2023-04-04,CRUDEOILM,2023-06-16,6563.0,6650.0,6420.0,6501.0,6645.0,10,7
2023-04-04,CRUDEOILM,2023-07-19,0.0,0.0,0.0,6676.0,6665.0,0,0
2023-04-04,CRUDEOILM,2023-08-21,0.0,0.0,0.0,6698.0,6685.0,0,0
2023-04-04,CRUDEOILM,2023-09-19,0.0,0.0,0.0,6718.0,6702.0,0,0
2023-04-05,CRUDEOIL,2023-04-19,6667.0,6673.0,6540.0,6605.0,6619.0,29541,6660
2023-04-05,CRUDEOIL,2023-05-19,6683.0,6691.0,6575.0,6632.0,6646.0,827,797
2023-04-05,CRUDEOIL,2023-06-16,6580.0,6580.0,6580.0,6580.0,6671.0,1,2
2023-04-05,CRUDEOIL,2023-07-19,0.0,0.0,0.0,6686.0,6700.0,0,0
2023-04-05,CRUDEOIL,2023-08-21,0.0,0.0,0.0,6716.0,6730.0,0,0
2023-04-05,CRUDEOIL,2023-09-19,0.0,0.0,0.0,6742.0,6756.0,0,0
2023-04-05,CRUDEOILM,2023-04-19,6654.0,6674.0,6537.0,6604.0,6616.0,21577,4078
2023-04-05,CRUDEOILM,2023-05-19,6600.0,6691.0,6566.0,6631.0,6636.0,2537,1666
2023-04-05,CRUDEOILM,2023-06-16,6747.0,6747.0,6549.0,6634.0,6501.0,10,8
2023-04-05,CRUDEOILM,2023-07-19,0.0,0.0,0.0,6685.0,6676.0,0,0
2023-04-05,CRUDEOILM,2023-08-21,0.0,0.0,0.0,6715.0,6698.0,0,0
2023-04-05,CRUDEOILM,2023-09-19,0.0,0.0,0.0,6741.0,6718.0,0,0
2023-04-06,CRUDEOIL,2023-04-19,6551.0,6627.0,6527.0,6593.0,6605.0,28640,6090
2023-04-06,CRUDEOIL,2023-05-19,6580.0,6648.0,6562.0,6614.0,6632.0,888,831
2023-04-06,CRUDEOIL,2023-06-16,0.0,0.0,0.0,6633.0,6580.0,0,2
2023-04-06,CRUDEOIL,2023-07-19,0.0,0.0,0.0,6656.0,6686.0,0,0
2023-04-06,CRUDEOIL,2023-08-21,0.0,0.0,0.0,6679.0,6716.0,0,0
2023-04-06,CRUDEOIL,2023-09-19,0.0,0.0,0.0,6700.0,6742.0,0,0
2023-04-06,CRUDEOILM,2023-04-19,6552.0,6627.0,6527.0,6593.0,6604.0,21229,3983
2023-04-06,CRUDEOILM,2023-05-19,6582.0,6644.0,6555.0,6607.0,6631.0,2805,1784
2023-04-06,CRUDEOILM,2023-06-16,6693.0,6693.0,6593.0,6643.0,6634.0,2,8
2023-04-06,CRUDEOILM,2023-07-19,0.0,0.0,0.0,6635.0,6685.0,0,0
2023-04-06,CRUDEOILM,2023-08-21,0.0,0.0,0.0,6650.0,6715.0,0,0
2023-04-06,CRUDEOILM,2023-09-19,0.0,0.0,0.0,6664.0,6741.0,0,0
2023-04-10,CRUDEOIL,2023-04-19,6600.0,6649.0,6545.0,6568.0,6593.0,36675,6346
2023-04-10,CRUDEOIL,2023-05-19,6620.0,6672.0,6573.0,6595.0,6614.0,1226,950
2023-04-10,CRUDEOIL,2023-06-16,0.0,0.0,0.0,6620.0,6633.0,0,2
2023-04-10,CRUDEOIL,2023-07-19,0.0,0.0,0.0,6649.0,6656.0,0,0
2023-04-10,CRUDEOIL,2023-08-21,0.0,0.0,0.0,6679.0,6679.0,0,0
2023-04-10,CRUDEOIL,2023-09-19,0.0,0.0,0.0,6705.0,6700.0,0,0
2023-04-10,CRUDEOILM,2023-04-19,6603.0,6648.0,6542.0,6565.0,6593.0,20890,3431
2023-04-10,CRUDEOILM,2023-05-19,6604.0,6666.0,6567.0,6593.0,6607.0,3126,1931
2023-04-10,CRUDEOILM,2023-06-16,6770.0,6770.0,6562.0,6706.0,6643.0,6,11
2023-04-10,CRUDEOILM,2023-07-19,0.0,0.0,0.0,6649.0,6635.0,0,0
2023-04-10,CRUDEOILM,2023-08-21,0.0,0.0,0.0,6680.0,6650.0,0,0
2023-04-10,CRUDEOILM,2023-09-19,0.0,0.0,0.0,6707.0,6664.0,0,0
2023-04-11,CRUDEOIL,2023-04-19,6591.0,6688.0,6525.0,6682.0,6568.0,39302,9094
2023-04-11,CRUDEOIL,2023-05-19,6612.0,6700.0,6551.0,6697.0,6595.0,1709,1046
2023-04-11,CRUDEOIL,2023-06-16,0.0,0.0,0.0,6711.0,6620.0,0,2
2023-04-11,CRUDEOIL,2023-07-19,0.0,0.0,0.0,6727.0,6649.0,0,0
2023-04-11,CRUDEOIL,2023-08-21,0.0,0.0,0.0,6744.0,6679.0,0,0
2023-04-11,CRUDEOIL,2023-09-19,0.0,0.0,0.0,6758.0,6705.0,0,0
2023-04-11,CRUDEOILM,2023-04-19,6565.0,6685.0,6522.0,6679.0,6565.0,21720,4227
2023-04-11,CRUDEOILM,2023-05-19,6608.0,6700.0,6551.0,6693.0,6593.0,4128,2097
2023-04-11,CRUDEOILM,2023-06-16,6449.0,6650.0,6449.0,6574.0,6706.0,5,11
2023-04-11,CRUDEOILM,2023-07-19,0.0,0.0,0.0,6721.0,6649.0,0,0
2023-04-11,CRUDEOILM,2023-08-21,0.0,0.0,0.0,6736.0,6680.0,0,0
2023-04-11,CRUDEOILM,2023-09-19,0.0,0.0,0.0,6750.0,6707.0,0,0
2023-04-12,CRUDEOIL,2023-04-19,6684.0,6843.0,6667.0,6815.0,6682.0,37240,8253
2023-04-12,CRUDEOIL,2023-05-19,6701.0,6841.0,6682.0,6817.0,6697.0,1903,1331
2023-04-12,CRUDEOIL,2023-06-16,0.0,0.0,0.0,6818.0,6711.0,0,2
2023-04-12,CRUDEOIL,2023-07-19,0.0,0.0,0.0,6821.0,6727.0,0,0
2023-04-12,CRUDEOIL,2023-08-21,0.0,0.0,0.0,6823.0,6744.0,0,0
2023-04-12,CRUDEOIL,2023-09-19,0.0,0.0,0.0,6825.0,6758.0,0,0
2023-04-12,CRUDEOILM,2023-04-19,6691.0,6843.0,6664.0,6811.0,6679.0,20538,4433
2023-04-12,CRUDEOILM,2023-05-19,6699.0,6835.0,6678.0,6811.0,6693.0,5272,2570
2023-04-12,CRUDEOILM,2023-06-16,6720.0,6836.0,6713.0,6824.0,6574.0,19,16
2023-04-12,CRUDEOILM,2023-07-19,0.0,0.0,0.0,6811.0,6721.0,0,0
2023-04-12,CRUDEOILM,2023-08-21,0.0,0.0,0.0,6811.0,6736.0,0,0
2023-04-12,CRUDEOILM,2023-09-19,0.0,0.0,0.0,6811.0,6750.0,0,0
2023-04-13,CRUDEOIL,2023-04-19,6797.0,6830.0,6720.0,6735.0,6815.0,24457,5271
2023-04-13,CRUDEOIL,2023-05-19,6810.0,6823.0,6726.0,6738.0,6817.0,4432,2445
2023-04-13,CRUDEOIL,2023-06-16,6812.0,6812.0,6810.0,6812.0,6818.0,4,4
2023-04-13,CRUDEOIL,2023-07-19,0.0,0.0,0.0,6744.0,6821.0,0,0
2023-04-13,CRUDEOIL,2023-08-21,0.0,0.0,0.0,6747.0,6823.0,0,0
2023-04-13,CRUDEOIL,2023-09-19,0.0,0.0,0.0,6750.0,6825.0,0,0
2023-04-13,CRUDEOILM,2023-04-19,6811.0,6829.0,6718.0,6735.0,6811.0,16527,2959
2023-04-13,CRUDEOILM,2023-05-19,6807.0,6822.0,6720.0,6734.0,6811.0,6315,2782
2023-04-13,CRUDEOILM,2023-06-16,6832.0,6832.0,6759.0,6795.0,6824.0,15,19
2023-04-13,CRUDEOILM,2023-07-19,0.0,0.0,0.0,6731.0,6811.0,0,0
2023-04-13,CRUDEOILM,2023-08-21,0.0,0.0,0.0,6730.0,6811.0,0,0
2023-04-13,CRUDEOILM,2023-09-19,0.0,0.0,0.0,6729.0,6811.0,0,0
2023-04-14,CRUDEOIL,2023-04-19,6736.0,6790.0,6694.0,6767.0,6735.0,21574,5492
2023-04-14,CRUDEOIL,2023-05-19,6729.0,6796.0,6701.0,6770.0,6738.0,3851,2461
2023-04-14,CRUDEOIL,2023-06-16,6755.0,6811.0,6750.0,6789.0,6812.0,54,18
2023-04-14,CRUDEOIL,2023-07-19,0.0,0.0,0.0,6776.0,6744.0,0,0
2023-04-14,CRUDEOIL,2023-08-21,0.0,0.0,0.0,6779.0,6747.0,0,0
2023-04-14,CRUDEOIL,2023-09-19,0.0,0.0,0.0,6782.0,6750.0,0,0
2023-04-14,CRUDEOILM,2023-04-19,6727.0,6791.0,6693.0,6764.0,6735.0,11578,2832
2023-04-14,CRUDEOILM,2023-05-19,6734.0,6793.0,6698.0,6768.0,6734.0,5759,2705
2023-04-14,CRUDEOILM,2023-06-16,6750.0,6800.0,6733.0,6786.0,6795.0,35,33
2023-04-14,CRUDEOILM,2023-07-19,0.0,0.0,0.0,6776.0,6731.0,0,0
2023-04-14,CRUDEOILM,2023-08-21,0.0,0.0,0.0,6780.0,6730.0,0,0
2023-04-14,CRUDEOILM,2023-09-19,0.0,0.0,0.0,6784.0,6729.0,0,0
2023-04-17,CRUDEOIL,2023-04-19,6760.0,6770.0,6613.0,6632.0,6767.0,18246,3938
2023-04-17,CRUDEOIL,2023-05-19,6770.0,6778.0,6629.0,6646.0,6770.0,11069,3635
2023-04-17,CRUDEOIL,2023-06-16,6787.0,6789.0,6645.0,6648.0,6789.0,113,52
2023-04-17,CRUDEOIL,2023-07-19,0.0,0.0,0.0,6674.0,6776.0,0,0
2023-04-17,CRUDEOIL,2023-08-21,0.0,0.0,0.0,6689.0,6779.0,0,0
2023-04-17,CRUDEOIL,2023-09-19,0.0,0.0,0.0,6703.0,6782.0,0,0
2023-04-17,CRUDEOILM,2023-04-19,6752.0,6771.0,6613.0,6632.0,6764.0,11863,1612
2023-04-17,CRUDEOILM,2023-05-19,6767.0,6775.0,6626.0,6647.0,6768.0,10173,3413
2023-04-17,CRUDEOILM,2023-06-16,6787.0,6791.0,6649.0,6668.0,6786.0,204,74
2023-04-17,CRUDEOILM,2023-07-19,0.0,0.0,0.0,6677.0,6776.0,0,0
2023-04-17,CRUDEOILM,2023-08-21,0.0,0.0,0.0,6694.0,6780.0,0,0
2023-04-17,CRUDEOILM,2023-09-19,0.0,0.0,0.0,6708.0,6784.0,0,0
2023-04-18,CRUDEOIL,2023-04-19,6654.0,6690.0,6554.0,6679.0,6632.0,6137,720
2023-04-18,CRUDEOIL,2023-05-19,6666.0,6701.0,6575.0,6690.0,6646.0,17515,3442
2023-04-18,CRUDEOIL,2023-06-16,6704.0,6704.0,6590.0,6695.0,6648.0,167,67
2023-04-18,CRUDEOIL,2023-07-19,0.0,0.0,0.0,6712.0,6674.0,0,0
2023-04-18,CRUDEOIL,2023-08-21,0.0,0.0,0.0,6724.0,6689.0,0,0
2023-04-18,CRUDEOIL,2023-09-19,0.0,0.0,0.0,6735.0,6703.0,0,0
2023-04-18,CRUDEOILM,2023-04-19,6652.0,6687.0,6555.0,6676.0,6632.0,7276,1132
2023-04-18,CRUDEOILM,2023-05-19,6659.0,6699.0,6574.0,6687.0,6647.0,14346,3257
2023-04-18,CRUDEOILM,2023-06-16,6685.0,6723.0,6595.0,6699.0,6668.0,442,213
2023-04-18,CRUDEOILM,2023-07-19,0.0,0.0,0.0,6709.0,6677.0,0,0
2023-04-18,CRUDEOILM,2023-08-21,0.0,0.0,0.0,6721.0,6694.0,0,0
2023-04-18,CRUDEOILM,2023-09-19,0.0,0.0,0.0,6732.0,6708.0,0,0
2023-04-19,CRUDEOIL,2023-04-19,6633.0,6639.0,6444.0,6501.0,6679.0,2301,184
2023-04-19,CRUDEOIL,2023-05-19,6670.0,6670.0,6473.0,6566.0,6690.0,27727,3833
2023-04-19,CRUDEOIL,2023-06-16,6649.0,6658.0,6484.0,6566.0,6695.0,474,178
2023-04-19,CRUDEOIL,2023-07-19,0.0,0.0,0.0,6566.0,6712.0,0,0
2023-04-19,CRUDEOIL,2023-08-21,0.0,0.0,0.0,6566.0,6724.0,0,0
2023-04-19,CRUDEOIL,2023-09-19,0.0,0.0,0.0,6566.0,6735.0,0,0
2023-04-19,CRUDEOILM,2023-04-19,6642.0,6642.0,6445.0,6501.0,6676.0,3969,414
2023-04-19,CRUDEOILM,2023-05-19,6650.0,6652.0,6475.0,6566.0,6687.0,22111,3219
2023-04-19,CRUDEOILM,2023-06-16,6660.0,6664.0,6488.0,6571.0,6699.0,811,355
2023-04-19,CRUDEOILM,2023-07-19,6685.0,6685.0,6685.0,6685.0,6709.0,1,1
2023-04-19,CRUDEOILM,2023-08-21,0.0,0.0,0.0,6582.0,6721.0,0,0
2023-04-19,CRUDEOILM,2023-09-19,0.0,0.0,0.0,6587.0,6732.0,0,0
2023-04-20,CRUDEOIL,2023-05-19,6500.0,6500.0,6340.0,6386.0,6566.0,28567,6176
2023-04-20,CRUDEOIL,2023-06-16,6471.0,6481.0,6351.0,6399.0,6566.0,608,293
2023-04-20,CRUDEOIL,2023-07-19,0.0,0.0,0.0,6414.0,6566.0,0,0
2023-04-20,CRUDEOIL,2023-08-21,0.0,0.0,0.0,6429.0,6566.0,0,0
2023-04-20,CRUDEOIL,2023-09-19,0.0,0.0,0.0,6443.0,6566.0,0,0
2023-04-20,CRUDEOIL,2023-10-19,0.0,0.0,0.0,6457.0,6449.0,0,0
2023-04-20,CRUDEOILM,2023-05-19,6500.0,6500.0,6343.0,6387.0,6566.0,23150,4845
2023-04-20,CRUDEOILM,2023-06-16,6474.0,6480.0,6360.0,6408.0,6571.0,1266,497
2023-04-20,CRUDEOILM,2023-07-19,0.0,0.0,0.0,6432.0,6685.0,0,1
2023-04-20,CRUDEOILM,2023-08-21,0.0,0.0,0.0,6457.0,6582.0,0,0
2023-04-20,CRUDEOILM,2023-09-19,0.0,0.0,0.0,6479.0,6587.0,0,0
2023-04-20,CRUDEOILM,2023-10-19,0.0,0.0,0.0,6501.0,6449.0,0,0
2023-04-21,CRUDEOIL,2023-05-19,6367.0,6443.0,6322.0,6398.0,6386.0,23294,5935
2023-04-21,CRUDEOIL,2023-06-16,6369.0,6452.0,6334.0,6410.0,6399.0,406,366
2023-04-21,CRUDEOIL,2023-07-19,0.0,0.0,0.0,6424.0,6414.0,0,0
2023-04-21,CRUDEOIL,2023-08-21,0.0,0.0,0.0,6438.0,6429.0,0,0
2023-04-21,CRUDEOIL,2023-09-19,0.0,0.0,0.0,6450.0,6443.0,0,0
2023-04-21,CRUDEOIL,2023-10-19,0.0,0.0,0.0,6463.0,6457.0,0,0
2023-04-21,CRUDEOILM,2023-05-19,6362.0,6442.0,6322.0,6395.0,6387.0,19105,4523
2023-04-21,CRUDEOILM,2023-06-16,6390.0,6458.0,6343.0,6415.0,6408.0,1551,539
2023-04-21,CRUDEOILM,2023-07-19,0.0,0.0,0.0,6438.0,6432.0,0,1
2023-04-21,CRUDEOILM,2023-08-21,0.0,0.0,0.0,6462.0,6457.0,0,0
2023-04-21,CRUDEOILM,2023-09-19,0.0,0.0,0.0,6482.0,6479.0,0,0
2023-04-21,CRUDEOILM,2023-10-19,0.0,0.0,0.0,6504.0,6501.0,0,0
2023-04-24,CRUDEOIL,2023-05-19,6356.0,6499.0,6314.0,6487.0,6398.0,26513,5009
2023-04-24,CRUDEOIL,2023-06-16,6370.0,6513.0,6331.0,6503.0,6410.0,667,320
2023-04-24,CRUDEOIL,2023-07-19,0.0,0.0,0.0,6521.0,6424.0,0,0
2023-04-24,CRUDEOIL,2023-08-21,0.0,0.0,0.0,6540.0,6438.0,0,0
2023-04-24,CRUDEOIL,2023-09-19,0.0,0.0,0.0,6557.0,6450.0,0,0
2023-04-24,CRUDEOIL,2023-10-19,0.0,0.0,0.0,6574.0,6463.0,0,0
2023-04-24,CRUDEOILM,2023-05-19,6363.0,6497.0,6314.0,6485.0,6395.0,23644,3514
2023-04-24,CRUDEOILM,2023-06-16,6373.0,6509.0,6337.0,6498.0,6415.0,1543,500
2023-04-24,CRUDEOILM,2023-07-19,6502.0,6502.0,6502.0,6502.0,6438.0,1,2
2023-04-24,CRUDEOILM,2023-08-21,0.0,0.0,0.0,6528.0,6462.0,0,0
2023-04-24,CRUDEOILM,2023-09-19,0.0,0.0,0.0,6542.0,6482.0,0,0
2023-04-24,CRUDEOILM,2023-10-19,0.0,0.0,0.0,6556.0,6504.0,0,0
2023-04-25,CRUDEOIL,2023-05-19,6473.0,6493.0,6292.0,6335.0,6487.0,28014,6350
2023-04-25,CRUDEOIL,2023-06-16,6489.0,6504.0,6301.0,6356.0,6503.0,942,483
2023-04-25,CRUDEOIL,2023-07-19,0.0,0.0,0.0,6380.0,6521.0,0,0
2023-04-25,CRUDEOIL,2023-08-21,0.0,0.0,0.0,6405.0,6540.0,0,0
2023-04-25,CRUDEOIL,2023-09-19,0.0,0.0,0.0,6427.0,6557.0,0,0
2023-04-25,CRUDEOIL,2023-10-19,0.0,0.0,0.0,6449.0,6574.0,0,0
2023-04-25,CRUDEOILM,2023-05-19,6477.0,6492.0,6296.0,6336.0,6485.0,25177,5336
2023-04-25,CRUDEOILM,2023-06-16,6479.0,6501.0,6319.0,6355.0,6498.0,1640,630
2023-04-25,CRUDEOILM,2023-07-19,6580.0,6665.0,6259.0,6405.0,6502.0,25,2
2023-04-25,CRUDEOILM,2023-08-21,0.0,0.0,0.0,6399.0,6528.0,0,0
2023-04-25,CRUDEOILM,2023-09-19,0.0,0.0,0.0,6419.0,6542.0,0,0
2023-04-25,CRUDEOILM,2023-10-19,0.0,0.0,0.0,6439.0,6556.0,0,0
2023-04-26,CRUDEOIL,2023-05-19,6362.0,6390.0,6207.0,6235.0,6335.0,36963,9373
2023-04-26,CRUDEOIL,2023-06-16,6384.0,6401.0,6222.0,6246.0,6356.0,939,591
2023-04-26,CRUDEOIL,2023-07-19,0.0,0.0,0.0,6258.0,6380.0,0,0
2023-04-26,CRUDEOIL,2023-08-21,0.0,0.0,0.0,6271.0,6405.0,0,0
2023-04-26,CRUDEOIL,2023-09-19,0.0,0.0,0.0,6283.0,6427.0,0,0
2023-04-26,CRUDEOIL,2023-10-19,0.0,0.0,0.0,6295.0,6449.0,0,0
2023-04-26,CRUDEOILM,2023-05-19,6302.0,6389.0,6208.0,6233.0,6336.0,34180,8673
2023-04-26,CRUDEOILM,2023-06-16,6384.0,6403.0,6230.0,6263.0,6355.0,2237,784
2023-04-26,CRUDEOILM,2023-07-19,6333.0,6357.0,6333.0,6345.0,6405.0,4,4
2023-04-26,CRUDEOILM,2023-08-21,0.0,0.0,0.0,6333.0,6399.0,0,0
2023-04-26,CRUDEOILM,2023-09-19,0.0,0.0,0.0,6364.0,6419.0,0,0
2023-04-26,CRUDEOILM,2023-10-19,0.0,0.0,0.0,6396.0,6439.0,0,0
2023-04-27,CRUDEOIL,2023-05-19,6169.0,6175.0,6073.0,6140.0,6235.0,30212,9994
2023-04-27,CRUDEOIL,2023-06-16,6146.0,6188.0,6100.0,6155.0,6246.0,694,712
2023-04-27,CRUDEOIL,2023-07-19,0.0,0.0,0.0,6172.0,6258.0,0,0
2023-04-27,CRUDEOIL,2023-08-21,0.0,0.0,0.0,6190.0,6271.0,0,0
2023-04-27,CRUDEOIL,2023-09-19,0.0,0.0,0.0,6205.0,6283.0,0,0
2023-04-27,CRUDEOIL,2023-10-19,0.0,0.0,0.0,6221.0,6295.0,0,0
2023-04-27,CRUDEOILM,2023-05-19,6210.0,6210.0,6075.0,6141.0,6233.0,26220,9676
2023-04-27,CRUDEOILM,2023-06-16,6222.0,6222.0,6105.0,6156.0,6263.0,1596,1004
2023-04-27,CRUDEOILM,2023-07-19,0.0,0.0,0.0,6173.0,6345.0,0,4
2023-04-27,CRUDEOILM,2023-08-21,0.0,0.0,0.0,6191.0,6333.0,0,0
2023-04-27,CRUDEOILM,2023-09-19,0.0,0.0,0.0,6206.0,6364.0,0,0
2023-04-27,CRUDEOILM,2023-10-19,0.0,0.0,0.0,6222.0,6396.0,0,0
2023-04-28,CRUDEOIL,2023-05-19,6083.0,6301.0,6070.0,6286.0,6140.0,38682,8214
2023-04-28,CRUDEOIL,2023-06-16,6167.0,6312.0,6098.0,6302.0,6155.0,1039,678
2023-04-28,CRUDEOIL,2023-07-19,0.0,0.0,0.0,6320.0,6172.0,0,0
2023-04-28,CRUDEOIL,2023-08-21,0.0,0.0,0.0,6339.0,6190.0,0,0
2023-04-28,CRUDEOIL,2023-09-19,0.0,0.0,0.0,6356.0,6205.0,0,0
2023-04-28,CRUDEOIL,2023-10-19,0.0,0.0,0.0,6373.0,6221.0,0,0
2023-04-28,CRUDEOILM,2023-05-19,6137.0,6300.0,6073.0,6286.0,6141.0,34006,7398
2023-04-28,CRUDEOILM,2023-06-16,6164.0,6316.0,6100.0,6301.0,6156.0,2298,801
2023-04-28,CRUDEOILM,2023-07-19,6173.0,6200.0,6173.0,6195.0,6173.0,5,5
2023-04-28,CRUDEOILM,2023-08-21,0.0,0.0,0.0,6336.0,6191.0,0,0
2023-04-28,CRUDEOILM,2023-09-19,0.0,0.0,0.0,6351.0,6206.0,0,0
2023-04-28,CRUDEOILM,2023-10-19,0.0,0.0,0.0,6367.0,6222.0,0,0
2023-05-01,CRUDEOIL,2023-05-19,6163.0,6231.0,6115.0,6152.0,6286.0,23890,8723
2023-05-01,CRUDEOIL,2023-06-16,6179.0,6244.0,6135.0,6169.0,6302.0,758,807
2023-05-01,CRUDEOIL,2023-07-19,0.0,0.0,0.0,6189.0,6320.0,0,0
2023-05-01,CRUDEOIL,2023-08-21,0.0,0.0,0.0,6209.0,6339.0,0,0
2023-05-01,CRUDEOIL,2023-09-19,0.0,0.0,0.0,6226.0,6356.0,0,0
2023-05-01,CRUDEOIL,2023-10-19,0.0,0.0,0.0,6244.0,6373.0,0,0
2023-05-01,CRUDEOILM,2023-05-19,6200.0,6232.0,6115.0,6152.0,6286.0,19232,8773
2023-05-01,CRUDEOILM,2023-06-16,6220.0,6250.0,6142.0,6171.0,6301.0,1492,984
2023-05-01,CRUDEOILM,2023-07-19,0.0,0.0,0.0,6193.0,6195.0,0,5
2023-05-01,CRUDEOILM,2023-08-21,0.0,0.0,0.0,6215.0,6336.0,0,0
2023-05-01,CRUDEOILM,2023-09-19,0.0,0.0,0.0,6235.0,6351.0,0,0
2023-05-01,CRUDEOILM,2023-10-19,0.0,0.0,0.0,6255.0,6367.0,0,0
2023-05-02,CRUDEOIL,2023-05-19,6278.0,6278.0,5879.0,5905.0,6152.0,49392,18377
2023-05-02,CRUDEOIL,2023-06-16,6223.0,6250.0,5901.0,5920.0,6169.0,1942,1294
2023-05-02,CRUDEOIL,2023-07-19,6000.0,6000.0,5942.0,5986.0,6189.0,4,3
2023-05-02,CRUDEOIL,2023-08-21,0.0,0.0,0.0,5955.0,6209.0,0,0
2023-05-02,CRUDEOIL,2023-09-19,0.0,0.0,0.0,5970.0,6226.0,0,0
2023-05-02,CRUDEOIL,2023-10-19,0.0,0.0,0.0,5986.0,6244.0,0,0
2023-05-02,CRUDEOILM,2023-05-19,6204.0,6239.0,5885.0,5906.0,6152.0,36423,13606
2023-05-02,CRUDEOILM,2023-06-16,6230.0,6253.0,5908.0,5927.0,6171.0,4542,1810
2023-05-02,CRUDEOILM,2023-07-19,6205.0,6255.0,5981.0,6010.0,6193.0,31,14
2023-05-02,CRUDEOILM,2023-08-21,0.0,0.0,0.0,5976.0,6215.0,0,0
2023-05-02,CRUDEOILM,2023-09-19,0.0,0.0,0.0,5998.0,6235.0,0,0
2023-05-02,CRUDEOILM,2023-10-19,0.0,0.0,0.0,6020.0,6255.0,0,0
2023-05-03,CRUDEOIL,2023-05-19,5889.0,5899.0,5582.0,5647.0,5905.0,53281,20099
2023-05-03,CRUDEOIL,2023-06-16,5907.0,5914.0,5615.0,5676.0,5920.0,2376,1855
2023-05-03,CRUDEOIL,2023-07-19,5747.0,5747.0,5747.0,5747.0,5986.0,1,4
2023-05-03,CRUDEOIL,2023-08-21,0.0,0.0,0.0,5744.0,5955.0,0,0
2023-05-03,CRUDEOIL,2023-09-19,0.0,0.0,0.0,5774.0,5970.0,0,0
2023-05-03,CRUDEOIL,2023-10-19,0.0,0.0,0.0,5805.0,5986.0,0,0
2023-05-03,CRUDEOILM,2023-05-19,5891.0,5900.0,5586.0,5651.0,5906.0,41580,16967
2023-05-03,CRUDEOILM,2023-06-16,5900.0,5922.0,5619.0,5685.0,5927.0,6551,3348
2023-05-03,CRUDEOILM,2023-07-19,5916.0,5960.0,5700.0,5738.0,6010.0,31,29
2023-05-03,CRUDEOILM,2023-08-21,0.0,0.0,0.0,5765.0,5976.0,0,0
2023-05-03,CRUDEOILM,2023-09-19,0.0,0.0,0.0,5800.0,5998.0,0,0
2023-05-03,CRUDEOILM,2023-10-19,0.0,0.0,0.0,5836.0,6020.0,0,0
2023-05-04,CRUDEOIL,2023-05-19,5637.0,5728.0,5545.0,5689.0,5647.0,43991,19840
2023-05-04,CRUDEOIL,2023-06-16,5663.0,5745.0,5574.0,5713.0,5676.0,3296,2114
2023-05-04,CRUDEOIL,2023-07-19,5690.0,5690.0,5690.0,5690.0,5747.0,1,3
2023-05-04,CRUDEOIL,2023-08-21,0.0,0.0,0.0,5769.0,5744.0,0,0
2023-05-04,CRUDEOIL,2023-09-19,0.0,0.0,0.0,5794.0,5774.0,0,0
2023-05-04,CRUDEOIL,2023-10-19,0.0,0.0,0.0,5820.0,5805.0,0,0
2023-05-04,CRUDEOILM,2023-05-19,5649.0,5730.0,5542.0,5693.0,5651.0,36312,16039
2023-05-04,CRUDEOILM,2023-06-16,5671.0,5754.0,5581.0,5716.0,5685.0,5842,3503
2023-05-04,CRUDEOILM,2023-07-19,5805.0,5805.0,5663.0,5705.0,5738.0,29,36
2023-05-04,CRUDEOILM,2023-08-21,0.0,0.0,0.0,5770.0,5765.0,0,0
2023-05-04,CRUDEOILM,2023-09-19,0.0,0.0,0.0,5794.0,5800.0,0,0
2023-05-04,CRUDEOILM,2023-10-19,0.0,0.0,0.0,5818.0,5836.0,0,0
2023-05-05,CRUDEOIL,2023-05-19,5662.0,5885.0,5653.0,5841.0,5689.0,34276,16725
2023-05-05,CRUDEOIL,2023-06-16,5688.0,5900.0,5686.0,5862.0,5713.0,1848,1865
2023-05-05,CRUDEOIL,2023-07-19,0.0,0.0,0.0,5886.0,5690.0,0,3
2023-05-05,CRUDEOIL,2023-08-21,0.0,0.0,0.0,5911.0,5769.0,0,0
2023-05-05,CRUDEOIL,2023-09-19,0.0,0.0,0.0,5933.0,5794.0,0,0
2023-05-05,CRUDEOIL,2023-10-19,0.0,0.0,0.0,5955.0,5820.0,0,0
2023-05-05,CRUDEOILM,2023-05-19,5666.0,5885.0,5653.0,5842.0,5693.0,28491,12384
2023-05-05,CRUDEOILM,2023-06-16,5680.0,5903.0,5680.0,5863.0,5716.0,5732,2855
2023-05-05,CRUDEOILM,2023-07-19,5727.0,5918.0,5700.0,5903.0,5705.0,38,24
2023-05-05,CRUDEOILM,2023-08-21,0.0,0.0,0.0,5912.0,5770.0,0,0
2023-05-05,CRUDEOILM,2023-09-19,0.0,0.0,0.0,5934.0,5794.0,0,0
2023-05-05,CRUDEOILM,2023-10-19,0.0,0.0,0.0,5956.0,5818.0,0,0
2023-05-08,CRUDEOIL,2023-05-19,5892.0,6039.0,5850.0,6009.0,5841.0,30417,14013
2023-05-08,CRUDEOIL,2023-06-16,5884.0,6052.0,5872.0,6028.0,5862.0,1510,1731
2023-05-08,CRUDEOIL,2023-07-19,6000.0,6000.0,6000.0,6000.0,5886.0,1,4
2023-05-08,CRUDEOIL,2023-08-21,0.0,0.0,0.0,6072.0,5911.0,0,0
2023-05-08,CRUDEOIL,2023-09-19,0.0,0.0,0.0,6092.0,5933.0,0,0
2023-05-08,CRUDEOIL,2023-10-19,0.0,0.0,0.0,6112.0,5955.0,0,0
2023-05-08,CRUDEOILM,2023-05-19,5848.0,6040.0,5848.0,6010.0,5842.0,26907,9724
2023-05-08,CRUDEOILM,2023-06-16,5877.0,6051.0,5870.0,6025.0,5863.0,5877,3081
2023-05-08,CRUDEOILM,2023-07-19,5895.0,6060.0,5871.0,6041.0,5903.0,39,28
2023-05-08,CRUDEOILM,2023-08-21,0.0,0.0,0.0,6060.0,5912.0,0,0
2023-05-08,CRUDEOILM,2023-09-19,0.0,0.0,0.0,6075.0,5934.0,0,0
2023-05-08,CRUDEOILM,2023-10-19,0.0,0.0,0.0,6091.0,5956.0,0,0
2023-05-09,CRUDEOIL,2023-05-19,5979.0,6060.0,5877.0,6039.0,6009.0,41219,12194
2023-05-09,CRUDEOIL,2023-06-16,5998.0,6075.0,5900.0,6057.0,6028.0,2096,1750
2023-05-09,CRUDEOIL,2023-07-19,0.0,0.0,0.0,6078.0,6000.0,0,4
2023-05-09,CRUDEOIL,2023-08-21,0.0,0.0,0.0,6099.0,6072.0,0,0
2023-05-09,CRUDEOIL,2023-09-19,0.0,0.0,0.0,6118.0,6092.0,0,0
2023-05-09,CRUDEOIL,2023-10-19,0.0,0.0,0.0,6137.0,6112.0,0,0
2023-05-09,CRUDEOILM,2023-05-19,5983.0,6057.0,5880.0,6038.0,6010.0,29287,8555
2023-05-09,CRUDEOILM,2023-06-16,5995.0,6075.0,5901.0,6056.0,6025.0,5736,3282
2023-05-09,CRUDEOILM,2023-07-19,6012.0,6092.0,5941.0,6074.0,6041.0,32,31
2023-05-09,CRUDEOILM,2023-08-21,0.0,0.0,0.0,6098.0,6060.0,0,0
2023-05-09,CRUDEOILM,2023-09-19,0.0,0.0,0.0,6117.0,6075.0,0,0
2023-05-09,CRUDEOILM,2023-10-19,0.0,0.0,0.0,6136.0,6091.0,0,0
2023-05-10,CRUDEOIL,2023-05-19,6016.0,6060.0,5908.0,5931.0,6039.0,41721,14069
2023-05-10,CRUDEOIL,2023-06-16,6038.0,6079.0,5935.0,5954.0,6057.0,2762,2131
2023-05-10,CRUDEOIL,2023-07-19,0.0,0.0,0.0,5981.0,6078.0,0,4
2023-05-10,CRUDEOIL,2023-08-21,0.0,0.0,0.0,6008.0,6099.0,0,0
2023-05-10,CRUDEOIL,2023-09-19,0.0,0.0,0.0,6032.0,6118.0,0,0
2023-05-10,CRUDEOIL,2023-10-19,0.0,0.0,0.0,6056.0,6137.0,0,0
2023-05-10,CRUDEOILM,2023-05-19,6040.0,6059.0,5907.0,5929.0,6038.0,31593,8675
2023-05-10,CRUDEOILM,2023-06-16,6038.0,6080.0,5940.0,5957.0,6056.0,6815,4110
2023-05-10,CRUDEOILM,2023-07-19,6050.0,6058.0,5977.0,6013.0,6074.0,40,39
2023-05-10,CRUDEOILM,2023-08-21,0.0,0.0,0.0,6023.0,6098.0,0,0
2023-05-10,CRUDEOILM,2023-09-19,0.0,0.0,0.0,6052.0,6117.0,0,0
2023-05-10,CRUDEOILM,2023-10-19,0.0,0.0,0.0,6082.0,6136.0,0,0
2023-05-11,CRUDEOIL,2023-05-19,6001.0,6042.0,5825.0,5843.0,5931.0,51273,16829
2023-05-11,CRUDEOIL,2023-06-16,6027.0,6063.0,5860.0,5876.0,5954.0,3794,2479
2023-05-11,CRUDEOIL,2023-07-19,6022.0,6022.0,5902.0,5929.0,5981.0,29,19
2023-05-11,CRUDEOIL,2023-08-21,0.0,0.0,0.0,5953.0,6008.0,0,0
2023-05-11,CRUDEOIL,2023-09-19,0.0,0.0,0.0,5987.0,6032.0,0,0
2023-05-11,CRUDEOIL,2023-10-19,0.0,0.0,0.0,6023.0,6056.0,0,0
2023-05-11,CRUDEOILM,2023-05-19,5984.0,6040.0,5826.0,5847.0,5929.0,33111,8792
2023-05-11,CRUDEOILM,2023-06-16,5990.0,6063.0,5864.0,5882.0,5957.0,8821,5607
2023-05-11,CRUDEOILM,2023-07-19,6039.0,6065.0,5900.0,5922.0,6013.0,67,48
2023-05-11,CRUDEOILM,2023-08-21,0.0,0.0,0.0,5964.0,6023.0,0,0
2023-05-11,CRUDEOILM,2023-09-19,0.0,0.0,0.0,6000.0,6052.0,0,0
2023-05-11,CRUDEOILM,2023-10-19,0.0,0.0,0.0,6038.0,6082.0,0,0
2023-05-12,CRUDEOIL,2023-05-19,5831.0,5906.0,5763.0,5773.0,5843.0,49750,15906
2023-05-12,CRUDEOIL,2023-06-16,5868.0,5945.0,5794.0,5805.0,5876.0,3535,3099
2023-05-12,CRUDEOIL,2023-07-19,5892.0,5892.0,5822.0,5835.0,5929.0,38,37
2023-05-12,CRUDEOIL,2023-08-21,0.0,0.0,0.0,5880.0,5953.0,0,0
2023-05-12,CRUDEOIL,2023-09-19,0.0,0.0,0.0,5913.0,5987.0,0,0
2023-05-12,CRUDEOIL,2023-10-19,0.0,0.0,0.0,5947.0,6023.0,0,0
2023-05-12,CRUDEOILM,2023-05-19,5817.0,5907.0,5767.0,5777.0,5847.0,31227,8503
2023-05-12,CRUDEOILM,2023-06-16,5865.0,5940.0,5801.0,5812.0,5882.0,8843,7201
2023-05-12,CRUDEOILM,2023-07-19,5870.0,5948.0,5839.0,5844.0,5922.0,81,55
2023-05-12,CRUDEOILM,2023-08-21,0.0,0.0,0.0,5894.0,5964.0,0,0
2023-05-12,CRUDEOILM,2023-09-19,0.0,0.0,0.0,5930.0,6000.0,0,0
2023-05-12,CRUDEOILM,2023-10-19,0.0,0.0,0.0,5968.0,6038.0,0,0
2023-05-15,CRUDEOIL,2023-05-19,5736.0,5899.0,5714.0,5863.0,5773.0,41022,9606
2023-05-15,CRUDEOIL,2023-06-16,5767.0,5921.0,5734.0,5884.0,5805.0,9340,5159
2023-05-15,CRUDEOIL,2023-07-19,5812.0,5940.0,5762.0,5928.0,5835.0,184,119
2023-05-15,CRUDEOIL,2023-08-21,0.0,0.0,0.0,5933.0,5880.0,0,0
2023-05-15,CRUDEOIL,2023-09-19,0.0,0.0,0.0,5955.0,5913.0,0,0
2023-05-15,CRUDEOIL,2023-10-19,0.0,0.0,0.0,5977.0,5947.0,0,0
2023-05-15,CRUDEOILM,2023-05-19,5842.0,5898.0,5715.0,5863.0,5777.0,22440,6813
2023-05-15,CRUDEOILM,2023-06-16,5800.0,5921.0,5740.0,5885.0,5812.0,11662,7214
2023-05-15,CRUDEOILM,2023-07-19,5785.0,5938.0,5768.0,5925.0,5844.0,177,73
2023-05-15,CRUDEOILM,2023-08-21,0.0,0.0,0.0,5936.0,5894.0,0,0
2023-05-15,CRUDEOILM,2023-09-19,0.0,0.0,0.0,5959.0,5930.0,0,0
2023-05-15,CRUDEOILM,2023-10-19,0.0,0.0,0.0,5983.0,5968.0,0,0
2023-05-16,CRUDEOIL,2023-05-19,5874.0,5902.0,5808.0,5834.0,5863.0,31197,10244
2023-05-16,CRUDEOIL,2023-06-16,5898.0,5927.0,5827.0,5859.0,5884.0,10114,6641
2023-05-16,CRUDEOIL,2023-07-19,5927.0,5941.0,5850.0,5878.0,5928.0,220,177
2023-05-16,CRUDEOIL,2023-08-21,0.0,0.0,0.0,5917.0,5933.0,0,0
2023-05-16,CRUDEOIL,2023-09-19,0.0,0.0,0.0,5943.0,5955.0,0,0
2023-05-16,CRUDEOIL,2023-10-19,0.0,0.0,0.0,5970.0,5977.0,0,0
2023-05-16,CRUDEOILM,2023-05-19,5876.0,5905.0,5810.0,5837.0,5863.0,17461,6101
2023-05-16,CRUDEOILM,2023-06-16,5853.0,5927.0,5830.0,5861.0,5885.0,12867,8457
2023-05-16,CRUDEOILM,2023-07-19,5929.0,5950.0,5861.0,5893.0,5925.0,334,156
2023-05-16,CRUDEOILM,2023-08-21,0.0,0.0,0.0,5917.0,5936.0,0,0
2023-05-16,CRUDEOILM,2023-09-19,0.0,0.0,0.0,5942.0,5959.0,0,0
2023-05-16,CRUDEOILM,2023-10-19,0.0,0.0,0.0,5968.0,5983.0,0,0
2023-05-17,CRUDEOIL,2023-05-19,5840.0,6037.0,5774.0,6014.0,5834.0,37886,6335
2023-05-17,CRUDEOIL,2023-06-16,5868.0,6059.0,5802.0,6035.0,5859.0,25662,6945
2023-05-17,CRUDEOIL,2023-07-19,5895.0,6074.0,5831.0,6049.0,5878.0,336,198
2023-05-17,CRUDEOIL,2023-08-21,0.0,0.0,0.0,6084.0,5917.0,0,0
2023-05-17,CRUDEOIL,2023-09-19,0.0,0.0,0.0,6106.0,5943.0,0,0
2023-05-17,CRUDEOIL,2023-10-19,0.0,0.0,0.0,6128.0,5970.0,0,0
2023-05-17,CRUDEOILM,2023-05-19,5846.0,6035.0,5775.0,6014.0,5837.0,21853,3746
2023-05-17,CRUDEOILM,2023-06-16,5871.0,6055.0,5805.0,6033.0,5861.0,22801,7542
2023-05-17,CRUDEOILM,2023-07-19,5900.0,6065.0,5838.0,6053.0,5893.0,596,214
2023-05-17,CRUDEOILM,2023-08-21,0.0,0.0,0.0,6077.0,5917.0,0,0
2023-05-17,CRUDEOILM,2023-09-19,0.0,0.0,0.0,6097.0,5942.0,0,0
2023-05-17,CRUDEOILM,2023-10-19,0.0,0.0,0.0,6117.0,5968.0,0,0
2023-05-18,CRUDEOIL,2023-05-19,5993.0,6020.0,5921.0,5930.0,6014.0,5996,2674
2023-05-18,CRUDEOIL,2023-06-16,6016.0,6044.0,5946.0,5957.0,6035.0,18196,8282
2023-05-18,CRUDEOIL,2023-07-19,6029.0,6047.0,5965.0,5977.0,6049.0,237,245
2023-05-18,CRUDEOIL,2023-08-21,0.0,0.0,0.0,6020.0,6084.0,0,0
2023-05-18,CRUDEOIL,2023-09-19,0.0,0.0,0.0,6048.0,6106.0,0,0
2023-05-18,CRUDEOIL,2023-10-19,0.0,0.0,0.0,6077.0,6128.0,0,0
2023-05-18,CRUDEOILM,2023-05-19,5994.0,6020.0,5923.0,5934.0,6014.0,10126,2999
2023-05-18,CRUDEOILM,2023-06-16,6066.0,6080.0,5948.0,5958.0,6033.0,16927,8976
2023-05-18,CRUDEOILM,2023-07-19,6065.0,6065.0,5972.0,5981.0,6053.0,949,345
2023-05-18,CRUDEOILM,2023-08-21,6007.0,6007.0,6007.0,6007.0,6077.0,1,1
2023-05-18,CRUDEOILM,2023-09-19,0.0,0.0,0.0,6039.0,6097.0,0,0
2023-05-18,CRUDEOILM,2023-10-19,0.0,0.0,0.0,6065.0,6117.0,0,0
2023-05-19,CRUDEOIL,2023-05-19,5999.0,6066.0,5866.0,5917.0,5930.0,4910,745
2023-05-19,CRUDEOIL,2023-06-16,6023.0,6100.0,5920.0,5929.0,5957.0,29533,10292
2023-05-19,CRUDEOIL,2023-07-19,6034.0,6116.0,5942.0,5948.0,5977.0,590,294
2023-05-19,CRUDEOIL,2023-08-21,0.0,0.0,0.0,5967.0,6020.0,0,0
2023-05-19,CRUDEOIL,2023-09-19,0.0,0.0,0.0,5983.0,6048.0,0,0
2023-05-19,CRUDEOIL,2023-10-19,0.0,0.0,0.0,6000.0,6077.0,0,0
2023-05-19,CRUDEOILM,2023-05-19,5986.0,6069.0,5862.0,5917.0,5934.0,6974,1072
2023-05-19,CRUDEOILM,2023-06-16,5997.0,6100.0,5924.0,5932.0,5958.0,35249,10537
2023-05-19,CRUDEOILM,2023-07-19,6027.0,6117.0,5948.0,5956.0,5981.0,1841,496
2023-05-19,CRUDEOILM,2023-08-21,6047.0,6047.0,6000.0,6024.0,6007.0,2,2
2023-05-19,CRUDEOILM,2023-09-19,0.0,0.0,0.0,6001.0,6039.0,0,0
2023-05-19,CRUDEOILM,2023-10-19,0.0,0.0,0.0,6022.0,6065.0,0,0
2023-05-22,CRUDEOIL,2023-06-16,5910.0,6029.0,5873.0,6017.0,5929.0,27691,8686
2023-05-22,CRUDEOIL,2023-07-19,5935.0,6038.0,5890.0,6034.0,5948.0,764,343
2023-05-22,CRUDEOIL,2023-08-21,0.0,0.0,0.0,6051.0,5967.0,0,0
2023-05-22,CRUDEOIL,2023-09-19,0.0,0.0,0.0,6065.0,5983.0,0,0
2023-05-22,CRUDEOIL,2023-10-19,0.0,0.0,0.0,6081.0,6000.0,0,0
2023-05-22,CRUDEOIL,2023-11-17,0.0,0.0,0.0,6096.0,5864.0,0,0
2023-05-22,CRUDEOILM,2023-06-16,5922.0,6025.0,5876.0,6014.0,5932.0,34397,10014
2023-05-22,CRUDEOILM,2023-07-19,5934.0,6037.0,5895.0,6028.0,5956.0,1938,668
2023-05-22,CRUDEOILM,2023-08-21,0.0,0.0,0.0,6042.0,6024.0,0,2
2023-05-22,CRUDEOILM,2023-09-19,0.0,0.0,0.0,6054.0,6001.0,0,0
2023-05-22,CRUDEOILM,2023-10-19,0.0,0.0,0.0,6067.0,6022.0,0,0
2023-05-22,CRUDEOILM,2023-11-17,0.0,0.0,0.0,6079.0,5864.0,0,0
2023-05-23,CRUDEOIL,2023-06-16,6027.0,6120.0,5961.0,6092.0,6017.0,26501,8069
2023-05-23,CRUDEOIL,2023-07-19,6032.0,6134.0,5976.0,6113.0,6034.0,677,375
2023-05-23,CRUDEOIL,2023-08-21,0.0,0.0,0.0,6134.0,6051.0,0,0
2023-05-23,CRUDEOIL,2023-09-19,0.0,0.0,0.0,6152.0,6065.0,0,0
2023-05-23,CRUDEOIL,2023-10-19,0.0,0.0,0.0,6171.0,6081.0,0,0
2023-05-23,CRUDEOIL,2023-11-17,0.0,0.0,0.0,6190.0,6096.0,0,0
2023-05-23,CRUDEOILM,2023-06-16,6011.0,6120.0,5962.0,6092.0,6014.0,29325,8844
2023-05-23,CRUDEOILM,2023-07-19,6028.0,6134.0,5984.0,6111.0,6028.0,1938,615
2023-05-23,CRUDEOILM,2023-08-21,6141.0,6141.0,6085.0,6113.0,6042.0,2,2
2023-05-23,CRUDEOILM,2023-09-19,5858.0,6296.0,5800.0,6060.0,6054.0,4,0
2023-05-23,CRUDEOILM,2023-10-19,0.0,0.0,0.0,6163.0,6067.0,0,0
2023-05-23,CRUDEOILM,2023-11-17,0.0,0.0,0.0,6180.0,6079.0,0,0
2023-05-24,CRUDEOIL,2023-06-16,6095.0,6190.0,6065.0,6111.0,6092.0,28221,7608
2023-05-24,CRUDEOIL,2023-07-19,6140.0,6202.0,6088.0,6134.0,6113.0,638,398
2023-05-24,CRUDEOIL,2023-08-21,0.0,0.0,0.0,6157.0,6134.0,0,0
2023-05-24,CRUDEOIL,2023-09-19,0.0,0.0,0.0,6177.0,6152.0,0,0
2023-05-24,CRUDEOIL,2023-10-19,0.0,0.0,0.0,6198.0,6171.0,0,0
2023-05-24,CRUDEOIL,2023-11-17,0.0,0.0,0.0,6218.0,6190.0,0,0
2023-05-24,CRUDEOILM,2023-06-16,6104.0,6190.0,6067.0,6113.0,6092.0,33351,8609
2023-05-24,CRUDEOILM,2023-07-19,6135.0,6201.0,6089.0,6134.0,6111.0,1836,626
2023-05-24,CRUDEOILM,2023-08-21,6200.0,6294.0,6152.0,6200.0,6113.0,5,3
2023-05-24,CRUDEOILM,2023-09-19,0.0,0.0,0.0,6173.0,6060.0,0,0
2023-05-24,CRUDEOILM,2023-10-19,0.0,0.0,0.0,6192.0,6163.0,0,0
2023-05-24,CRUDEOILM,2023-11-17,0.0,0.0,0.0,6211.0,6180.0,0,0
2023-05-25,CRUDEOIL,2023-06-16,6152.0,6159.0,5900.0,5946.0,6111.0,41117,11200
2023-05-25,CRUDEOIL,2023-07-19,6170.0,6177.0,5930.0,5977.0,6134.0,964,527
2023-05-25,CRUDEOIL,2023-08-21,0.0,0.0,0.0,6008.0,6157.0,0,0
2023-05-25,CRUDEOIL,2023-09-19,0.0,0.0,0.0,6035.0,6177.0,0,0
2023-05-25,CRUDEOIL,2023-10-19,0.0,0.0,0.0,6063.0,6198.0,0,0
2023-05-25,CRUDEOIL,2023-11-17,0.0,0.0,0.0,6090.0,6218.0,0,0
2023-05-25,CRUDEOILM,2023-06-16,6062.0,6163.0,5900.0,5950.0,6113.0,38902,10416
2023-05-25,CRUDEOILM,2023-07-19,6175.0,6176.0,5933.0,5985.0,6134.0,2946,870
2023-05-25,CRUDEOILM,2023-08-21,6023.0,6023.0,6023.0,6023.0,6200.0,1,3
2023-05-25,CRUDEOILM,2023-09-19,0.0,0.0,0.0,6050.0,6173.0,0,0
2023-05-25,CRUDEOILM,2023-10-19,0.0,0.0,0.0,6082.0,6192.0,0,0
2023-05-25,CRUDEOILM,2023-11-17,0.0,0.0,0.0,6113.0,6211.0,0,0
2023-05-26,CRUDEOIL,2023-06-16,5952.0,6049.0,5940.0,6004.0,5946.0,21642,10567
2023-05-26,CRUDEOIL,2023-07-19,5985.0,6073.0,5971.0,6030.0,5977.0,689,515
2023-05-26,CRUDEOIL,2023-08-21,0.0,0.0,0.0,6056.0,6008.0,0,0
2023-05-26,CRUDEOIL,2023-09-19,0.0,0.0,0.0,6078.0,6035.0,0,0
2023-05-26,CRUDEOIL,2023-10-19,0.0,0.0,0.0,6102.0,6063.0,0,0
2023-05-26,CRUDEOIL,2023-11-17,0.0,0.0,0.0,6125.0,6090.0,0,0
2023-05-26,CRUDEOILM,2023-06-16,5959.0,6055.0,5941.0,6005.0,5950.0,29353,9492
2023-05-26,CRUDEOILM,2023-07-19,5993.0,6075.0,5973.0,6029.0,5985.0,1787,849
2023-05-26,CRUDEOILM,2023-08-21,6020.0,6083.0,6020.0,6061.0,6023.0,6,6
2023-05-26,CRUDEOILM,2023-09-19,0.0,0.0,0.0,6074.0,6050.0,0,0
2023-05-26,CRUDEOILM,2023-10-19,0.0,0.0,0.0,6095.0,6082.0,0,0
2023-05-26,CRUDEOILM,2023-11-17,0.0,0.0,0.0,6117.0,6113.0,0,0
2023-05-29,CRUDEOIL,2023-06-16,6054.0,6076.0,5970.0,6036.0,6004.0,16333,10231
2023-05-29,CRUDEOIL,2023-07-19,6092.0,6102.0,5996.0,6064.0,6030.0,488,558
2023-05-29,CRUDEOIL,2023-08-21,0.0,0.0,0.0,6092.0,6056.0,0,0
2023-05-29,CRUDEOIL,2023-09-19,0.0,0.0,0.0,6116.0,6078.0,0,0
2023-05-29,CRUDEOIL,2023-10-19,0.0,0.0,0.0,6142.0,6102.0,0,0
2023-05-29,CRUDEOIL,2023-11-17,0.0,0.0,0.0,6166.0,6125.0,0,0
2023-05-29,CRUDEOILM,2023-06-16,6040.0,6078.0,5972.0,6036.0,6005.0,18818,9270
2023-05-29,CRUDEOILM,2023-07-19,6092.0,6100.0,5999.0,6067.0,6029.0,1338,892
2023-05-29,CRUDEOILM,2023-08-21,6080.0,6080.0,6080.0,6080.0,6061.0,1,6
2023-05-29,CRUDEOILM,2023-09-19,0.0,0.0,0.0,6125.0,6074.0,0,0
2023-05-29,CRUDEOILM,2023-10-19,0.0,0.0,0.0,6153.0,6095.0,0,0
2023-05-29,CRUDEOILM,2023-11-17,0.0,0.0,0.0,6180.0,6117.0,0,0
2023-05-30,CRUDEOIL,2023-06-16,6004.0,6021.0,5734.0,5756.0,6036.0,49254,16908
2023-05-30,CRUDEOIL,2023-07-19,6032.0,6049.0,5767.0,5785.0,6064.0,2370,1126
2023-05-30,CRUDEOIL,2023-08-21,0.0,0.0,0.0,5814.0,6092.0,0,0
2023-05-30,CRUDEOIL,2023-09-19,0.0,0.0,0.0,5839.0,6116.0,0,0
2023-05-30,CRUDEOIL,2023-10-19,0.0,0.0,0.0,5865.0,6142.0,0,0
2023-05-30,CRUDEOIL,2023-11-17,0.0,0.0,0.0,5891.0,6166.0,0,0
2023-05-30,CRUDEOILM,2023-06-16,6008.0,6022.0,5737.0,5761.0,6036.0,47941,15519
2023-05-30,CRUDEOILM,2023-07-19,6032.0,6050.0,5773.0,5794.0,6067.0,4729,2035
2023-05-30,CRUDEOILM,2023-08-21,5886.0,5929.0,5820.0,5834.0,6080.0,45,29
2023-05-30,CRUDEOILM,2023-09-19,0.0,0.0,0.0,5856.0,6125.0,0,0
2023-05-30,CRUDEOILM,2023-10-19,0.0,0.0,0.0,5886.0,6153.0,0,0
2023-05-30,CRUDEOILM,2023-11-17,0.0,0.0,0.0,5915.0,6180.0,0,0
2023-05-31,CRUDEOIL,2023-06-16,5755.0,5779.0,5567.0,5690.0,5756.0,47668,17273
2023-05-31,CRUDEOIL,2023-07-19,5781.0,5809.0,5609.0,5726.0,5785.0,1980,1421
2023-05-31,CRUDEOIL,2023-08-21,0.0,0.0,0.0,5762.0,5814.0,0,0
2023-05-31,CRUDEOIL,2023-09-19,0.0,0.0,0.0,5793.0,5839.0,0,0
2023-05-31,CRUDEOIL,2023-10-19,0.0,0.0,0.0,5826.0,5865.0,0,0
2023-05-31,CRUDEOIL,2023-11-17,0.0,0.0,0.0,5858.0,5891.0,0,0
2023-05-31,CRUDEOILM,2023-06-16,5753.0,5783.0,5571.0,5693.0,5761.0,56853,16568
2023-05-31,CRUDEOILM,2023-07-19,5790.0,5815.0,5614.0,5732.0,5794.0,5971,2817
2023-05-31,CRUDEOILM,2023-08-21,5612.0,5987.0,5612.0,5770.0,5834.0,22,31
2023-05-31,CRUDEOILM,2023-09-19,0.0,0.0,0.0,5805.0,5856.0,0,0
2023-05-31,CRUDEOILM,2023-10-19,0.0,0.0,0.0,5840.0,5886.0,0,0
2023-05-31,CRUDEOILM,2023-11-17,0.0,0.0,0.0,5875.0,5915.0,0,0
2023-06-01,CRUDEOIL,2023-06-16,5683.0,5861.0,5589.0,5828.0,5690.0,51730,14674
2023-06-01,CRUDEOIL,2023-07-19,5609.0,5896.0,5609.0,5866.0,5726.0,3135,1443
2023-06-01,CRUDEOIL,2023-08-21,5702.0,5907.0,5688.0,5757.0,5762.0,14,7
2023-06-01,CRUDEOIL,2023-09-19,0.0,0.0,0.0,5937.0,5793.0,0,0
2023-06-01,CRUDEOIL,2023-10-19,0.0,0.0,0.0,5971.0,5826.0,0,0
2023-06-01,CRUDEOIL,2023-11-17,0.0,0.0,0.0,6005.0,5858.0,0,0
2023-06-01,CRUDEOILM,2023-06-16,5682.0,5859.0,5593.0,5832.0,5693.0,49786,12585
2023-06-01,CRUDEOILM,2023-07-19,5721.0,5898.0,5636.0,5869.0,5732.0,6809,3228
2023-06-01,CRUDEOILM,2023-08-21,5736.0,5903.0,5688.0,5893.0,5770.0,43,31
2023-06-01,CRUDEOILM,2023-09-19,0.0,0.0,0.0,5938.0,5805.0,0,0
2023-06-01,CRUDEOILM,2023-10-19,0.0,0.0,0.0,5972.0,5840.0,0,0
2023-06-01,CRUDEOILM,2023-11-17,0.0,0.0,0.0,6004.0,5875.0,0,0
2023-06-02,CRUDEOIL,2023-06-16,5817.0,5952.0,5804.0,5916.0,5828.0,34167,11426
2023-06-02,CRUDEOIL,2023-07-19,5859.0,5980.0,5845.0,5941.0,5866.0,1764,1310
2023-06-02,CRUDEOIL,2023-08-21,5922.0,6006.0,5911.0,5962.0,5757.0,19,6
2023-06-02,CRUDEOIL,2023-09-19,0.0,0.0,0.0,5987.0,5937.0,0,0
2023-06-02,CRUDEOIL,2023-10-19,0.0,0.0,0.0,6010.0,5971.0,0,0
2023-06-02,CRUDEOIL,2023-11-17,0.0,0.0,0.0,6032.0,6005.0,0,0
2023-06-02,CRUDEOILM,2023-06-16,5850.0,5955.0,5806.0,5917.0,5832.0,38542,9975
2023-06-02,CRUDEOILM,2023-07-19,5858.0,5984.0,5844.0,5941.0,5869.0,5167,3007
2023-06-02,CRUDEOILM,2023-08-21,5870.0,6005.0,5855.0,5948.0,5893.0,42,39
2023-06-02,CRUDEOILM,2023-09-19,5707.0,6174.0,5707.0,5941.0,5938.0,2,0
2023-06-02,CRUDEOILM,2023-10-19,0.0,0.0,0.0,6007.0,5972.0,0,0
2023-06-02,CRUDEOILM,2023-11-17,0.0,0.0,0.0,6029.0,6004.0,0,0
2023-06-05,CRUDEOIL,2023-06-16,5957.0,6107.0,5957.0,6004.0,5916.0,49074,10261
2023-06-05,CRUDEOIL,2023-07-19,6011.0,6138.0,5990.0,6036.0,5941.0,2366,1161
2023-06-05,CRUDEOIL,2023-08-21,6084.0,6120.0,6030.0,6074.0,5962.0,19,16
2023-06-05,CRUDEOIL,2023-09-19,0.0,0.0,0.0,6096.0,5987.0,0,0
2023-06-05,CRUDEOIL,2023-10-19,0.0,0.0,0.0,6125.0,6010.0,0,0
2023-06-05,CRUDEOIL,2023-11-17,0.0,0.0,0.0,6153.0,6032.0,0,0
2023-06-05,CRUDEOILM,2023-06-16,5968.0,6108.0,5962.0,6004.0,5917.0,43885,7490
2023-06-05,CRUDEOILM,2023-07-19,5999.0,6135.0,5991.0,6034.0,5941.0,9432,3605
2023-06-05,CRUDEOILM,2023-08-21,6039.0,6137.0,6029.0,6066.0,5948.0,59,62
2023-06-05,CRUDEOILM,2023-09-19,0.0,0.0,0.0,6090.0,5941.0,0,0
2023-06-05,CRUDEOILM,2023-10-19,0.0,0.0,0.0,6117.0,6007.0,0,0
2023-06-05,CRUDEOILM,2023-11-17,0.0,0.0,0.0,6144.0,6029.0,0,0
2023-06-06,CRUDEOIL,2023-06-16,5955.0,5978.0,5811.0,5939.0,6004.0,53573,11218
2023-06-06,CRUDEOIL,2023-07-19,5985.0,6009.0,5848.0,5966.0,6036.0,2845,1477
2023-06-06,CRUDEOIL,2023-08-21,5983.0,5983.0,5863.0,5931.0,6074.0,30,31
2023-06-06,CRUDEOIL,2023-09-19,0.0,0.0,0.0,6016.0,6096.0,0,0
2023-06-06,CRUDEOIL,2023-10-19,0.0,0.0,0.0,6041.0,6125.0,0,0
2023-06-06,CRUDEOIL,2023-11-17,0.0,0.0,0.0,6065.0,6153.0,0,0
2023-06-06,CRUDEOILM,2023-06-16,5956.0,5980.0,5811.0,5938.0,6004.0,45684,7173
2023-06-06,CRUDEOILM,2023-07-19,6022.0,6022.0,5852.0,5970.0,6034.0,8531,4888
2023-06-06,CRUDEOILM,2023-08-21,6010.0,6022.0,5862.0,5990.0,6066.0,316,145
2023-06-06,CRUDEOILM,2023-09-19,0.0,0.0,0.0,6030.0,6090.0,0,0
2023-06-06,CRUDEOILM,2023-10-19,0.0,0.0,0.0,6059.0,6117.0,0,0
2023-06-06,CRUDEOILM,2023-11-17,0.0,0.0,0.0,6087.0,6144.0,0,0
2023-06-07,CRUDEOIL,2023-06-16,5918.0,6046.0,5871.0,6004.0,5939.0,44920,9833
2023-06-07,CRUDEOIL,2023-07-19,5938.0,6078.0,5905.0,6033.0,5966.0,2779,1394
2023-06-07,CRUDEOIL,2023-08-21,5971.0,6067.0,5933.0,5998.0,5931.0,4,32
2023-06-07,CRUDEOIL,2023-09-19,0.0,0.0,0.0,6087.0,6016.0,0,0
2023-06-07,CRUDEOIL,2023-10-19,0.0,0.0,0.0,6113.0,6041.0,0,0
2023-06-07,CRUDEOIL,2023-11-17,0.0,0.0,0.0,6139.0,6065.0,0,0
2023-06-07,CRUDEOILM,2023-06-16,5913.0,6045.0,5869.0,6003.0,5938.0,39985,6364
2023-06-07,CRUDEOILM,2023-07-19,5952.0,6077.0,5908.0,6035.0,5970.0,7740,4966
2023-06-07,CRUDEOILM,2023-08-21,5972.0,6085.0,5912.0,6043.0,5990.0,232,164
2023-06-07,CRUDEOILM,2023-09-19,0.0,0.0,0.0,6095.0,6030.0,0,0
2023-06-07,CRUDEOILM,2023-10-19,0.0,0.0,0.0,6124.0,6059.0,0,0
2023-06-07,CRUDEOILM,2023-11-17,0.0,0.0,0.0,6152.0,6087.0,0,0
2023-06-08,CRUDEOIL,2023-06-16,5986.0,6053.0,5714.0,5903.0,6004.0,99890,15239
2023-06-08,CRUDEOIL,2023-07-19,6015.0,6080.0,5760.0,5934.0,6033.0,6729,2029
2023-06-08,CRUDEOIL,2023-08-21,6067.0,6067.0,5841.0,5929.0,5998.0,18,35
2023-06-08,CRUDEOIL,2023-09-19,0.0,0.0,0.0,5992.0,6087.0,0,0
2023-06-08,CRUDEOIL,2023-10-19,0.0,0.0,0.0,6020.0,6113.0,0,0
2023-06-08,CRUDEOIL,2023-11-17,0.0,0.0,0.0,6047.0,6139.0,0,0
2023-06-08,CRUDEOILM,2023-06-16,5997.0,6053.0,5721.0,5901.0,6003.0,56860,6732
2023-06-08,CRUDEOILM,2023-07-19,6005.0,6083.0,5781.0,5934.0,6035.0,13178,6850
2023-06-08,CRUDEOILM,2023-08-21,6034.0,6089.0,5802.0,5953.0,6043.0,321,166
2023-06-08,CRUDEOILM,2023-09-19,6336.0,6336.0,5937.0,6075.0,6095.0,3,1
2023-06-08,CRUDEOILM,2023-10-19,0.0,0.0,0.0,6026.0,6124.0,0,0
2023-06-08,CRUDEOILM,2023-11-17,0.0,0.0,0.0,6055.0,6152.0,0,0
2023-06-09,CRUDEOIL,2023-06-16,5863.0,5926.0,5809.0,5824.0,5903.0,44618,15562
2023-06-09,CRUDEOIL,2023-07-19,5898.0,5958.0,5855.0,5866.0,5934.0,3406,2360
2023-06-09,CRUDEOIL,2023-08-21,5908.0,5952.0,5893.0,5923.0,5929.0,11,39
2023-06-09,CRUDEOIL,2023-09-19,0.0,0.0,0.0,5944.0,5992.0,0,0
2023-06-09,CRUDEOIL,2023-10-19,0.0,0.0,0.0,5983.0,6020.0,0,0
2023-06-09,CRUDEOIL,2023-11-17,0.0,0.0,0.0,6020.0,6047.0,0,0
2023-06-09,CRUDEOILM,2023-06-16,5886.0,5930.0,5811.0,5828.0,5901.0,32109,7463
2023-06-09,CRUDEOILM,2023-07-19,5895.0,5961.0,5859.0,5872.0,5934.0,9431,7705
2023-06-09,CRUDEOILM,2023-08-21,5907.0,5986.0,5883.0,5901.0,5953.0,207,163
2023-06-09,CRUDEOILM,2023-09-19,0.0,0.0,0.0,5954.0,6075.0,0,1
2023-06-09,CRUDEOILM,2023-10-19,0.0,0.0,0.0,5994.0,6026.0,0,0
2023-06-09,CRUDEOILM,2023-11-17,0.0,0.0,0.0,6033.0,6055.0,0,0
2023-06-12,CRUDEOIL,2023-06-16,5750.0,5750.0,5524.0,5569.0,5824.0,67050,18231
2023-06-12,CRUDEOIL,2023-07-19,5804.0,5825.0,5577.0,5617.0,5866.0,19867,8899
2023-06-12,CRUDEOIL,2023-08-21,5802.0,5804.0,5620.0,5657.0,5923.0,312,136
2023-06-12,CRUDEOIL,2023-09-19,0.0,0.0,0.0,5707.0,5944.0,0,0
2023-06-12,CRUDEOIL,2023-10-19,0.0,0.0,0.0,5750.0,5983.0,0,0
2023-06-12,CRUDEOIL,2023-11-17,0.0,0.0,0.0,5793.0,6020.0,0,0
2023-06-12,CRUDEOILM,2023-06-16,5750.0,5750.0,5531.0,5573.0,5828.0,36938,10044
2023-06-12,CRUDEOILM,2023-07-19,5858.0,5858.0,5590.0,5625.0,5872.0,21990,16569
2023-06-12,CRUDEOILM,2023-08-21,5810.0,5818.0,5626.0,5667.0,5901.0,823,447
2023-06-12,CRUDEOILM,2023-09-19,5815.0,5815.0,5798.0,5802.0,5954.0,4,5
2023-06-12,CRUDEOILM,2023-10-19,0.0,0.0,0.0,5769.0,5994.0,0,0
2023-06-12,CRUDEOILM,2023-11-17,0.0,0.0,0.0,5815.0,6033.0,0,0
2023-06-13,CRUDEOIL,2023-06-16,5575.0,5754.0,5549.0,5729.0,5569.0,50781,7656
2023-06-13,CRUDEOIL,2023-07-19,5620.0,5788.0,5602.0,5769.0,5617.0,18844,9376
2023-06-13,CRUDEOIL,2023-08-21,5657.0,5817.0,5640.0,5796.0,5657.0,193,139
2023-06-13,CRUDEOIL,2023-09-19,0.0,0.0,0.0,5844.0,5707.0,0,0
2023-06-13,CRUDEOIL,2023-10-19,0.0,0.0,0.0,5880.0,5750.0,0,0
2023-06-13,CRUDEOIL,2023-11-17,0.0,0.0,0.0,5915.0,5793.0,0,0
2023-06-13,CRUDEOILM,2023-06-16,5569.0,5754.0,5552.0,5728.0,5573.0,28885,5855
2023-06-13,CRUDEOILM,2023-07-19,5625.0,5790.0,5610.0,5770.0,5625.0,21255,13355
2023-06-13,CRUDEOILM,2023-08-21,5665.0,5824.0,5653.0,5798.0,5667.0,901,386
2023-06-13,CRUDEOILM,2023-09-19,5855.0,5855.0,5855.0,5855.0,5802.0,1,4
2023-06-13,CRUDEOILM,2023-10-19,0.0,0.0,0.0,5887.0,5769.0,0,0
2023-06-13,CRUDEOILM,2023-11-17,0.0,0.0,0.0,5924.0,5815.0,0,0
2023-06-14,CRUDEOIL,2023-06-16,5722.0,5789.0,5630.0,5664.0,5729.0,32357,6865
2023-06-14,CRUDEOIL,2023-07-19,5757.0,5828.0,5670.0,5701.0,5769.0,25047,12890
2023-06-14,CRUDEOIL,2023-08-21,5788.0,5852.0,5705.0,5732.0,5796.0,245,158
2023-06-14,CRUDEOIL,2023-09-19,0.0,0.0,0.0,5770.0,5844.0,0,0
2023-06-14,CRUDEOIL,2023-10-19,0.0,0.0,0.0,5804.0,5880.0,0,0
2023-06-14,CRUDEOIL,2023-11-17,0.0,0.0,0.0,5836.0,5915.0,0,0
2023-06-14,CRUDEOILM,2023-06-16,5717.0,5790.0,5633.0,5663.0,5728.0,24338,5384
2023-06-14,CRUDEOILM,2023-07-19,5764.0,5829.0,5678.0,5707.0,5770.0,23230,15395
2023-06-14,CRUDEOILM,2023-08-21,5789.0,5854.0,5716.0,5746.0,5798.0,934,448
2023-06-14,CRUDEOILM,2023-09-19,5866.0,5866.0,5775.0,5818.0,5855.0,9,7
2023-06-14,CRUDEOILM,2023-10-19,0.0,0.0,0.0,5829.0,5887.0,0,0
2023-06-14,CRUDEOILM,2023-11-17,0.0,0.0,0.0,5868.0,5924.0,0,0
2023-06-15,CRUDEOIL,2023-06-16,5609.0,5814.0,5592.0,5796.0,5664.0,12902,2677
2023-06-15,CRUDEOIL,2023-07-19,5671.0,5849.0,5637.0,5835.0,5701.0,30903,10602
2023-06-15,CRUDEOIL,2023-08-21,5700.0,5868.0,5669.0,5856.0,5732.0,512,194
2023-06-15,CRUDEOIL,2023-09-19,0.0,0.0,0.0,5908.0,5770.0,0,0
2023-06-15,CRUDEOIL,2023-10-19,0.0,0.0,0.0,5943.0,5804.0,0,0
2023-06-15,CRUDEOIL,2023-11-17,0.0,0.0,0.0,5978.0,5836.0,0,0
2023-06-15,CRUDEOILM,2023-06-16,5587.0,5811.0,5587.0,5795.0,5663.0,15960,3331
2023-06-15,CRUDEOILM,2023-07-19,5685.0,5849.0,5640.0,5834.0,5707.0,28838,13046
2023-06-15,CRUDEOILM,2023-08-21,5693.0,5869.0,5679.0,5854.0,5746.0,1434,451
2023-06-15,CRUDEOILM,2023-09-19,5880.0,5880.0,5880.0,5880.0,5818.0,6,1
2023-06-15,CRUDEOILM,2023-10-19,0.0,0.0,0.0,5942.0,5829.0,0,0
2023-06-15,CRUDEOILM,2023-11-17,0.0,0.0,0.0,5977.0,5868.0,0,0
2023-06-16,CRUDEOIL,2023-06-16,5768.0,5849.0,5724.0,5878.0,5796.0,4273,1383
2023-06-16,CRUDEOIL,2023-07-19,5814.0,5884.0,5775.0,5877.0,5835.0,22585,9188
2023-06-16,CRUDEOIL,2023-08-21,5847.0,5908.0,5800.0,5902.0,5856.0,682,187
2023-06-16,CRUDEOIL,2023-09-19,0.0,0.0,0.0,5923.0,5908.0,0,0
2023-06-16,CRUDEOIL,2023-10-19,0.0,0.0,0.0,5946.0,5943.0,0,0
2023-06-16,CRUDEOIL,2023-11-17,0.0,0.0,0.0,5968.0,5978.0,0,0
2023-06-16,CRUDEOILM,2023-06-16,5758.0,5847.0,5723.0,5878.0,5795.0,6760,1353
2023-06-16,CRUDEOILM,2023-07-19,5814.0,5888.0,5778.0,5880.0,5834.0,27269,11874
2023-06-16,CRUDEOILM,2023-08-21,5846.0,5914.0,5806.0,5900.0,5854.0,1392,509
2023-06-16,CRUDEOILM,2023-09-19,5867.0,5946.0,5867.0,5900.0,5880.0,3,2
2023-06-16,CRUDEOILM,2023-10-19,0.0,0.0,0.0,5935.0,5942.0,0,0
2023-06-16,CRUDEOILM,2023-11-17,0.0,0.0,0.0,5953.0,5977.0,0,0
2023-06-19,CRUDEOIL,2023-07-19,5834.0,5938.0,5830.0,5865.0,5877.0,17072,9731
2023-06-19,CRUDEOIL,2023-08-21,5854.0,5962.0,5854.0,5892.0,5902.0,475,258
2023-06-19,CRUDEOIL,2023-09-19,0.0,0.0,0.0,5915.0,5923.0,0,0
2023-06-19,CRUDEOIL,2023-10-19,0.0,0.0,0.0,5940.0,5946.0,0,0
2023-06-19,CRUDEOIL,2023-11-17,0.0,0.0,0.0,5964.0,5968.0,0,0
2023-06-19,CRUDEOIL,2023-12-18,0.0,0.0,0.0,5989.0,5862.0,0,0
2023-06-19,CRUDEOILM,2023-07-19,5840.0,5940.0,5832.0,5867.0,5880.0,26130,12427
2023-06-19,CRUDEOILM,2023-08-21,5860.0,5966.0,5860.0,5899.0,5900.0,1306,693
2023-06-19,CRUDEOILM,2023-09-19,5975.0,5975.0,5946.0,5962.0,5900.0,3,4
2023-06-19,CRUDEOILM,2023-10-19,0.0,0.0,0.0,5956.0,5935.0,0,0
2023-06-19,CRUDEOILM,2023-11-17,0.0,0.0,0.0,5984.0,5953.0,0,0
2023-06-19,CRUDEOILM,2023-12-18,0.0,0.0,0.0,6014.0,5862.0,0,0
2023-06-20,CRUDEOIL,2023-07-19,5853.0,5955.0,5747.0,5821.0,5865.0,35024,10613
2023-06-20,CRUDEOIL,2023-08-21,5884.0,5980.0,5774.0,5850.0,5892.0,971,322
2023-06-20,CRUDEOIL,2023-09-19,0.0,0.0,0.0,5875.0,5915.0,0,0
2023-06-20,CRUDEOIL,2023-10-19,0.0,0.0,0.0,5901.0,5940.0,0,0
2023-06-20,CRUDEOIL,2023-11-17,0.0,0.0,0.0,5927.0,5964.0,0,0
2023-06-20,CRUDEOIL,2023-12-18,0.0,0.0,0.0,5954.0,5989.0,0,0
2023-06-20,CRUDEOILM,2023-07-19,5850.0,5954.0,5751.0,5823.0,5867.0,39745,12740
2023-06-20,CRUDEOILM,2023-08-21,5888.0,5984.0,5777.0,5849.0,5899.0,2551,841
2023-06-20,CRUDEOILM,2023-09-19,6006.0,6006.0,5850.0,5890.0,5962.0,11,9
2023-06-20,CRUDEOILM,2023-10-19,0.0,0.0,0.0,5895.0,5956.0,0,0
2023-06-20,CRUDEOILM,2023-11-17,0.0,0.0,0.0,5918.0,5984.0,0,0
2023-06-20,CRUDEOILM,2023-12-18,0.0,0.0,0.0,5942.0,6014.0,0,0
2023-06-21,CRUDEOIL,2023-07-19,5835.0,5975.0,5827.0,5953.0,5821.0,28408,7998
2023-06-21,CRUDEOIL,2023-08-21,5897.0,5995.0,5853.0,5975.0,5850.0,704,346
2023-06-21,CRUDEOIL,2023-09-19,0.0,0.0,0.0,5994.0,5875.0,0,0
2023-06-21,CRUDEOIL,2023-10-19,0.0,0.0,0.0,6014.0,5901.0,0,0
2023-06-21,CRUDEOIL,2023-11-17,0.0,0.0,0.0,6033.0,5927.0,0,0
2023-06-21,CRUDEOIL,2023-12-18,0.0,0.0,0.0,6054.0,5954.0,0,0
2023-06-21,CRUDEOILM,2023-07-19,5848.0,5973.0,5828.0,5955.0,5823.0,37472,8979
2023-06-21,CRUDEOILM,2023-08-21,5900.0,5998.0,5858.0,5981.0,5849.0,2296,800
2023-06-21,CRUDEOILM,2023-09-19,5937.0,6023.0,5937.0,5988.0,5890.0,9,6
2023-06-21,CRUDEOILM,2023-10-19,0.0,0.0,0.0,6027.0,5895.0,0,0
2023-06-21,CRUDEOILM,2023-11-17,0.0,0.0,0.0,6050.0,5918.0,0,0
2023-06-21,CRUDEOILM,2023-12-18,0.0,0.0,0.0,6074.0,5942.0,0,0
2023-06-22,CRUDEOIL,2023-07-19,5940.0,5966.0,5675.0,5705.0,5953.0,47042,16559
2023-06-22,CRUDEOIL,2023-08-21,5958.0,5985.0,5710.0,5740.0,5975.0,1147,473
2023-06-22,CRUDEOIL,2023-09-19,0.0,0.0,0.0,5770.0,5994.0,0,0
2023-06-22,CRUDEOIL,2023-10-19,0.0,0.0,0.0,5802.0,6014.0,0,0
2023-06-22,CRUDEOIL,2023-11-17,0.0,0.0,0.0,5833.0,6033.0,0,0
2023-06-22,CRUDEOIL,2023-12-18,0.0,0.0,0.0,5866.0,6054.0,0,0
2023-06-22,CRUDEOILM,2023-07-19,5943.0,5968.0,5683.0,5712.0,5955.0,47054,16352
2023-06-22,CRUDEOILM,2023-08-21,5957.0,5991.0,5721.0,5753.0,5981.0,4079,1438
2023-06-22,CRUDEOILM,2023-09-19,5939.0,5939.0,5800.0,5821.0,5988.0,19,19
2023-06-22,CRUDEOILM,2023-10-19,0.0,0.0,0.0,5826.0,6027.0,0,0
2023-06-22,CRUDEOILM,2023-11-17,0.0,0.0,0.0,5862.0,6050.0,0,0
2023-06-22,CRUDEOILM,2023-12-18,0.0,0.0,0.0,5900.0,6074.0,0,0
2023-06-23,CRUDEOIL,2023-07-19,5678.0,5690.0,5546.0,5675.0,5705.0,36092,17254
2023-06-23,CRUDEOIL,2023-08-21,5724.0,5726.0,5597.0,5713.0,5740.0,1402,691
2023-06-23,CRUDEOIL,2023-09-19,5768.0,5768.0,5735.0,5752.0,5770.0,2,0
2023-06-23,CRUDEOIL,2023-10-19,0.0,0.0,0.0,5780.0,5802.0,0,0
2023-06-23,CRUDEOIL,2023-11-17,0.0,0.0,0.0,5814.0,5833.0,0,0
2023-06-23,CRUDEOIL,2023-12-18,0.0,0.0,0.0,5850.0,5866.0,0,0
2023-06-23,CRUDEOILM,2023-07-19,5740.0,5740.0,5556.0,5678.0,5712.0,45344,18853
2023-06-23,CRUDEOILM,2023-08-21,5727.0,5740.0,5604.0,5722.0,5753.0,2978,1815
2023-06-23,CRUDEOILM,2023-09-19,5764.0,5775.0,5700.0,5743.0,5821.0,21,27
2023-06-23,CRUDEOILM,2023-10-19,0.0,0.0,0.0,5800.0,5826.0,0,0
2023-06-23,CRUDEOILM,2023-11-17,0.0,0.0,0.0,5839.0,5862.0,0,0
2023-06-23,CRUDEOILM,2023-12-18,0.0,0.0,0.0,5880.0,5900.0,0,0
2023-06-26,CRUDEOIL,2023-07-19,5686.0,5760.0,5654.0,5737.0,5675.0,31085,14947
2023-06-26,CRUDEOIL,2023-08-21,5725.0,5797.0,5698.0,5774.0,5713.0,823,673
2023-06-26,CRUDEOIL,2023-09-19,0.0,0.0,0.0,5806.0,5752.0,0,0
2023-06-26,CRUDEOIL,2023-10-19,0.0,0.0,0.0,5840.0,5780.0,0,0
2023-06-26,CRUDEOIL,2023-11-17,0.0,0.0,0.0,5872.0,5814.0,0,0
2023-06-26,CRUDEOIL,2023-12-18,0.0,0.0,0.0,5907.0,5850.0,0,0
2023-06-26,CRUDEOILM,2023-07-19,5699.0,5763.0,5658.0,5739.0,5678.0,42980,16772
2023-06-26,CRUDEOILM,2023-08-21,5734.0,5808.0,5705.0,5784.0,5722.0,2596,1680
2023-06-26,CRUDEOILM,2023-09-19,5800.0,5829.0,5761.0,5809.0,5743.0,25,27
2023-06-26,CRUDEOILM,2023-10-19,0.0,0.0,0.0,5864.0,5800.0,0,0
2023-06-26,CRUDEOILM,2023-11-17,0.0,0.0,0.0,5904.0,5839.0,0,0
2023-06-26,CRUDEOILM,2023-12-18,0.0,0.0,0.0,5946.0,5880.0,0,0
2023-06-27,CRUDEOIL,2023-07-19,5744.0,5766.0,5582.0,5617.0,5737.0,52225,19230
2023-06-27,CRUDEOIL,2023-08-21,5780.0,5800.0,5627.0,5658.0,5774.0,1758,909
2023-06-27,CRUDEOIL,2023-09-19,5700.0,5762.0,5700.0,5749.0,5806.0,18,13
2023-06-27,CRUDEOIL,2023-10-19,0.0,0.0,0.0,5731.0,5840.0,0,0
2023-06-27,CRUDEOIL,2023-11-17,0.0,0.0,0.0,5767.0,5872.0,0,0
2023-06-27,CRUDEOIL,2023-12-18,0.0,0.0,0.0,5805.0,5907.0,0,0
2023-06-27,CRUDEOILM,2023-07-19,5744.0,5769.0,5590.0,5624.0,5739.0,55986,21683
2023-06-27,CRUDEOILM,2023-08-21,5787.0,5810.0,5638.0,5672.0,5784.0,4314,2484
2023-06-27,CRUDEOILM,2023-09-19,5841.0,5850.0,5668.0,5691.0,5809.0,119,78
2023-06-27,CRUDEOILM,2023-10-19,0.0,0.0,0.0,5757.0,5864.0,0,0
2023-06-27,CRUDEOILM,2023-11-17,0.0,0.0,0.0,5800.0,5904.0,0,0
2023-06-27,CRUDEOILM,2023-12-18,0.0,0.0,0.0,5845.0,5946.0,0,0
2023-06-28,CRUDEOIL,2023-07-19,5615.0,5737.0,5529.0,5726.0,5617.0,54201,14974
2023-06-28,CRUDEOIL,2023-08-21,5656.0,5769.0,5574.0,5760.0,5658.0,1770,835
2023-06-28,CRUDEOIL,2023-09-19,5670.0,5773.0,5630.0,5698.0,5749.0,6,14
2023-06-28,CRUDEOIL,2023-10-19,0.0,0.0,0.0,5820.0,5731.0,0,0
2023-06-28,CRUDEOIL,2023-11-17,0.0,0.0,0.0,5850.0,5767.0,0,0
2023-06-28,CRUDEOIL,2023-12-18,0.0,0.0,0.0,5882.0,5805.0,0,0
2023-06-28,CRUDEOILM,2023-07-19,5604.0,5740.0,5538.0,5728.0,5624.0,61123,17332
2023-06-28,CRUDEOILM,2023-08-21,5673.0,5775.0,5586.0,5768.0,5672.0,5114,2179
2023-06-28,CRUDEOILM,2023-09-19,5708.0,5795.0,5613.0,5773.0,5691.0,90,84
2023-06-28,CRUDEOILM,2023-10-19,0.0,0.0,0.0,5839.0,5757.0,0,0
2023-06-28,CRUDEOILM,2023-11-17,0.0,0.0,0.0,5874.0,5800.0,0,0
2023-06-28,CRUDEOILM,2023-12-18,0.0,0.0,0.0,5912.0,5845.0,0,0
2023-06-29,CRUDEOIL,2023-07-19,5750.0,5809.0,5677.0,5738.0,5726.0,24075,13341
2023-06-29,CRUDEOIL,2023-08-21,5774.0,5837.0,5715.0,5770.0,5760.0,909,865
2023-06-29,CRUDEOIL,2023-09-19,5757.0,5850.0,5756.0,5812.0,5698.0,9,14
2023-06-29,CRUDEOIL,2023-10-19,0.0,0.0,0.0,5827.0,5820.0,0,0
2023-06-29,CRUDEOIL,2023-11-17,0.0,0.0,0.0,5855.0,5850.0,0,0
2023-06-29,CRUDEOIL,2023-12-18,0.0,0.0,0.0,5885.0,5882.0,0,0
2023-06-29,CRUDEOILM,2023-07-19,5734.0,5811.0,5683.0,5742.0,5728.0,33388,15671
2023-06-29,CRUDEOILM,2023-08-21,5707.0,5845.0,5707.0,5776.0,5768.0,2706,2018
2023-06-29,CRUDEOILM,2023-09-19,5800.0,5850.0,5759.0,5794.0,5773.0,25,85
2023-06-29,CRUDEOILM,2023-10-19,0.0,0.0,0.0,5836.0,5839.0,0,0
2023-06-29,CRUDEOILM,2023-11-17,0.0,0.0,0.0,5866.0,5874.0,0,0
2023-06-29,CRUDEOILM,2023-12-18,0.0,0.0,0.0,5898.0,5912.0,0,0
2023-06-30,CRUDEOIL,2023-07-19,5752.0,5841.0,5728.0,5799.0,5738.0,45545,10749
2023-06-30,CRUDEOIL,2023-08-21,5786.0,5867.0,5762.0,5827.0,5770.0,2781,867
2023-06-30,CRUDEOIL,2023-09-19,0.0,0.0,0.0,5851.0,5812.0,0,14
2023-06-30,CRUDEOIL,2023-10-19,0.0,0.0,0.0,5877.0,5827.0,0,0
2023-06-30,CRUDEOIL,2023-11-17,0.0,0.0,0.0,5901.0,5855.0,0,0
2023-06-30,CRUDEOIL,2023-12-18,0.0,0.0,0.0,5927.0,5885.0,0,0
2023-06-30,CRUDEOILM,2023-07-19,5757.0,5843.0,5731.0,5800.0,5742.0,43525,12351
2023-06-30,CRUDEOILM,2023-08-21,5797.0,5871.0,5769.0,5833.0,5776.0,5106,1932
2023-06-30,CRUDEOILM,2023-09-19,5821.0,5885.0,5800.0,5871.0,5794.0,42,86
2023-06-30,CRUDEOILM,2023-10-19,0.0,0.0,0.0,5892.0,5836.0,0,0
2023-06-30,CRUDEOILM,2023-11-17,0.0,0.0,0.0,5921.0,5866.0,0,0
2023-06-30,CRUDEOILM,2023-12-18,0.0,0.0,0.0,5952.0,5898.0,0,0
2023-07-03,CRUDEOIL,2023-07-19,5809.0,5890.0,5734.0,5753.0,5799.0,42100,13291
2023-07-03,CRUDEOIL,2023-08-21,5833.0,5916.0,5771.0,5787.0,5827.0,1687,942
2023-07-03,CRUDEOIL,2023-09-19,5857.0,5861.0,5842.0,5855.0,5851.0,4,15
2023-07-03,CRUDEOIL,2023-10-19,0.0,0.0,0.0,5847.0,5877.0,0,0
2023-07-03,CRUDEOIL,2023-11-17,0.0,0.0,0.0,5877.0,5901.0,0,0
2023-07-03,CRUDEOIL,2023-12-18,0.0,0.0,0.0,5909.0,5927.0,0,0
2023-07-03,CRUDEOILM,2023-07-19,5814.0,5893.0,5736.0,5759.0,5800.0,45851,14012
2023-07-03,CRUDEOILM,2023-08-21,5831.0,5921.0,5780.0,5797.0,5833.0,5127,1963
2023-07-03,CRUDEOILM,2023-09-19,5834.0,5925.0,5814.0,5828.0,5871.0,62,90
2023-07-03,CRUDEOILM,2023-10-19,0.0,0.0,0.0,5864.0,5892.0,0,0
2023-07-03,CRUDEOILM,2023-11-17,0.0,0.0,0.0,5898.0,5921.0,0,0
2023-07-03,CRUDEOILM,2023-12-18,0.0,0.0,0.0,5934.0,5952.0,0,0
2023-07-04,CRUDEOIL,2023-07-19,5760.0,5859.0,5748.0,5850.0,5753.0,23413,10438
2023-07-04,CRUDEOIL,2023-08-21,5797.0,5890.0,5780.0,5880.0,5787.0,1250,864
2023-07-04,CRUDEOIL,2023-09-19,5838.0,5885.0,5838.0,5849.0,5855.0,5,14
2023-07-04,CRUDEOIL,2023-10-19,0.0,0.0,0.0,5933.0,5847.0,0,0
2023-07-04,CRUDEOIL,2023-11-17,0.0,0.0,0.0,5960.0,5877.0,0,0
2023-07-04,CRUDEOIL,2023-12-18,0.0,0.0,0.0,5988.0,5909.0,0,0
2023-07-04,CRUDEOILM,2023-07-19,5764.0,5863.0,5751.0,5854.0,5759.0,26465,12012
2023-07-04,CRUDEOILM,2023-08-21,5812.0,5899.0,5787.0,5882.0,5797.0,3534,1853
2023-07-04,CRUDEOILM,2023-09-19,5844.0,5905.0,5825.0,5903.0,5828.0,51,88
2023-07-04,CRUDEOILM,2023-10-19,5999.0,5999.0,5820.0,5910.0,5864.0,2,0
2023-07-04,CRUDEOILM,2023-11-17,0.0,0.0,0.0,5956.0,5898.0,0,0
2023-07-04,CRUDEOILM,2023-12-18,0.0,0.0,0.0,5982.0,5934.0,0,0
2023-07-05,CRUDEOIL,2023-07-19,5833.0,5940.0,5795.0,5932.0,5850.0,42387,10749
2023-07-05,CRUDEOIL,2023-08-21,5859.0,5968.0,5835.0,5960.0,5880.0,1609,845
2023-07-05,CRUDEOIL,2023-09-19,5887.0,5976.0,5883.0,5925.0,5849.0,7,17
2023-07-05,CRUDEOIL,2023-10-19,0.0,0.0,0.0,6010.0,5933.0,0,0
2023-07-05,CRUDEOIL,2023-11-17,0.0,0.0,0.0,6034.0,5960.0,0,0
2023-07-05,CRUDEOIL,2023-12-18,0.0,0.0,0.0,6060.0,5988.0,0,0
2023-07-05,CRUDEOILM,2023-07-19,5837.0,5946.0,5800.0,5935.0,5854.0,39945,10389
2023-07-05,CRUDEOILM,2023-08-21,5858.0,5972.0,5840.0,5964.0,5882.0,4212,1878
2023-07-05,CRUDEOILM,2023-09-19,5872.0,5990.0,5872.0,5984.0,5903.0,72,91
2023-07-05,CRUDEOILM,2023-10-19,0.0,0.0,0.0,6015.0,5910.0,0,0
2023-07-05,CRUDEOILM,2023-11-17,0.0,0.0,0.0,6041.0,5956.0,0,0
2023-07-05,CRUDEOILM,2023-12-18,0.0,0.0,0.0,6068.0,5982.0,0,0
2023-07-06,CRUDEOIL,2023-07-19,5920.0,5973.0,5822.0,5941.0,5932.0,43210,8483
2023-07-06,CRUDEOIL,2023-08-21,5955.0,6000.0,5855.0,5964.0,5960.0,2399,1222
2023-07-06,CRUDEOIL,2023-09-19,5975.0,5975.0,5895.0,5932.0,5925.0,4,15
2023-07-06,CRUDEOIL,2023-10-19,0.0,0.0,0.0,6005.0,6010.0,0,0
2023-07-06,CRUDEOIL,2023-11-17,0.0,0.0,0.0,6025.0,6034.0,0,0
2023-07-06,CRUDEOIL,2023-12-18,0.0,0.0,0.0,6046.0,6060.0,0,0
2023-07-06,CRUDEOILM,2023-07-19,5915.0,5975.0,5825.0,5941.0,5935.0,44568,10039
2023-07-06,CRUDEOILM,2023-08-21,5948.0,6002.0,5860.0,5970.0,5964.0,5760,1773
2023-07-06,CRUDEOILM,2023-09-19,5975.0,6010.0,5897.0,5998.0,5984.0,88,94
2023-07-06,CRUDEOILM,2023-10-19,0.0,0.0,0.0,6021.0,6015.0,0,0
2023-07-06,CRUDEOILM,2023-11-17,0.0,0.0,0.0,6047.0,6041.0,0,0
2023-07-06,CRUDEOILM,2023-12-18,0.0,0.0,0.0,6074.0,6068.0,0,0
2023-07-07,CRUDEOIL,2023-07-19,5885.0,6078.0,5864.0,6063.0,5941.0,40834,9898
2023-07-07,CRUDEOIL,2023-08-21,5985.0,6088.0,5935.0,6082.0,5964.0,3391,2363
2023-07-07,CRUDEOIL,2023-09-19,6016.0,6084.0,6005.0,6030.0,5932.0,26,39
2023-07-07,CRUDEOIL,2023-10-19,0.0,0.0,0.0,6115.0,6005.0,0,0
2023-07-07,CRUDEOIL,2023-11-17,0.0,0.0,0.0,6132.0,6025.0,0,0
2023-07-07,CRUDEOIL,2023-12-18,0.0,0.0,0.0,6150.0,6046.0,0,0
2023-07-07,CRUDEOILM,2023-07-19,5944.0,6072.0,5900.0,6062.0,5941.0,36143,8407
2023-07-07,CRUDEOILM,2023-08-21,5981.0,6085.0,5935.0,6080.0,5970.0,5494,2554
2023-07-07,CRUDEOILM,2023-09-19,6000.0,6100.0,5980.0,6094.0,5998.0,118,133
2023-07-07,CRUDEOILM,2023-10-19,0.0,0.0,0.0,6112.0,6021.0,0,0
2023-07-07,CRUDEOILM,2023-11-17,0.0,0.0,0.0,6128.0,6047.0,0,0
2023-07-07,CRUDEOILM,2023-12-18,0.0,0.0,0.0,6144.0,6074.0,0,0
2023-07-10,CRUDEOIL,2023-07-19,6055.0,6124.0,6007.0,6024.0,6063.0,31580,7098
2023-07-10,CRUDEOIL,2023-08-21,6087.0,6145.0,6040.0,6048.0,6082.0,3257,3341
2023-07-10,CRUDEOIL,2023-09-19,6100.0,6132.0,6051.0,6108.0,6030.0,11,44
2023-07-10,CRUDEOIL,2023-10-19,0.0,0.0,0.0,6090.0,6115.0,0,0
2023-07-10,CRUDEOIL,2023-11-17,0.0,0.0,0.0,6112.0,6132.0,0,0
2023-07-10,CRUDEOIL,2023-12-18,0.0,0.0,0.0,6134.0,6150.0,0,0
2023-07-10,CRUDEOILM,2023-07-19,6054.0,6124.0,6010.0,6024.0,6062.0,26675,8158
2023-07-10,CRUDEOILM,2023-08-21,6095.0,6145.0,6040.0,6053.0,6080.0,6331,3324
2023-07-10,CRUDEOILM,2023-09-19,6087.0,6138.0,6050.0,6052.0,6094.0,172,234
2023-07-10,CRUDEOILM,2023-10-19,0.0,0.0,0.0,6104.0,6112.0,0,0
2023-07-10,CRUDEOILM,2023-11-17,0.0,0.0,0.0,6130.0,6128.0,0,0
2023-07-10,CRUDEOILM,2023-12-18,0.0,0.0,0.0,6157.0,6144.0,0,0
2023-07-11,CRUDEOIL,2023-07-19,6051.0,6173.0,6020.0,6158.0,6024.0,32686,9306
2023-07-11,CRUDEOIL,2023-08-21,6076.0,6183.0,6044.0,6171.0,6048.0,5025,4602
2023-07-11,CRUDEOIL,2023-09-19,6087.0,6186.0,6083.0,6165.0,6108.0,33,51
2023-07-11,CRUDEOIL,2023-10-19,0.0,0.0,0.0,6194.0,6090.0,0,0
2023-07-11,CRUDEOIL,2023-11-17,0.0,0.0,0.0,6205.0,6112.0,0,0
2023-07-11,CRUDEOIL,2023-12-18,0.0,0.0,0.0,6217.0,6134.0,0,0
2023-07-11,CRUDEOILM,2023-07-19,6067.0,6170.0,6021.0,6158.0,6024.0,25985,8033
2023-07-11,CRUDEOILM,2023-08-21,6065.0,6179.0,6045.0,6165.0,6053.0,7099,4509
2023-07-11,CRUDEOILM,2023-09-19,6074.0,6185.0,6065.0,6174.0,6052.0,208,259
2023-07-11,CRUDEOILM,2023-10-19,0.0,0.0,0.0,6177.0,6104.0,0,0
2023-07-11,CRUDEOILM,2023-11-17,0.0,0.0,0.0,6183.0,6130.0,0,0
2023-07-11,CRUDEOILM,2023-12-18,0.0,0.0,0.0,6190.0,6157.0,0,0
2023-07-12,CRUDEOIL,2023-07-19,6165.0,6240.0,6146.0,6213.0,6158.0,35930,6913
2023-07-12,CRUDEOIL,2023-08-21,6185.0,6248.0,6158.0,6220.0,6171.0,2986,4815
2023-07-12,CRUDEOIL,2023-09-19,6201.0,6265.0,6182.0,6237.0,6165.0,43,66
2023-07-12,CRUDEOIL,2023-10-19,0.0,0.0,0.0,6232.0,6194.0,0,0
2023-07-12,CRUDEOIL,2023-11-17,0.0,0.0,0.0,6238.0,6205.0,0,0
2023-07-12,CRUDEOIL,2023-12-18,0.0,0.0,0.0,6245.0,6217.0,0,0
2023-07-12,CRUDEOILM,2023-07-19,6165.0,6240.0,6146.0,6215.0,6158.0,24219,7889
2023-07-12,CRUDEOILM,2023-08-21,6185.0,6241.0,6153.0,6214.0,6165.0,6633,5290
2023-07-12,CRUDEOILM,2023-09-19,6179.0,6259.0,6174.0,6219.0,6174.0,205,298
2023-07-12,CRUDEOILM,2023-10-19,0.0,0.0,0.0,6212.0,6177.0,0,0
2023-07-12,CRUDEOILM,2023-11-17,0.0,0.0,0.0,6211.0,6183.0,0,0
2023-07-12,CRUDEOILM,2023-12-18,0.0,0.0,0.0,6210.0,6190.0,0,0
2023-07-13,CRUDEOIL,2023-07-19,6220.0,6299.0,6185.0,6246.0,6213.0,37330,6046
2023-07-13,CRUDEOIL,2023-08-21,6234.0,6315.0,6200.0,6257.0,6220.0,3755,4862
2023-07-13,CRUDEOIL,2023-09-19,6260.0,6310.0,6220.0,6294.0,6237.0,31,81
2023-07-13,CRUDEOIL,2023-10-19,0.0,0.0,0.0,6276.0,6232.0,0,0
2023-07-13,CRUDEOIL,2023-11-17,0.0,0.0,0.0,6286.0,6238.0,0,0
2023-07-13,CRUDEOIL,2023-12-18,0.0,0.0,0.0,6296.0,6245.0,0,0
2023-07-13,CRUDEOILM,2023-07-19,6229.0,6300.0,6181.0,6245.0,6215.0,25406,5454
2023-07-13,CRUDEOILM,2023-08-21,6230.0,6305.0,6194.0,6251.0,6214.0,7985,5225
2023-07-13,CRUDEOILM,2023-09-19,6249.0,6314.0,6216.0,6266.0,6219.0,172,322
2023-07-13,CRUDEOILM,2023-10-19,0.0,0.0,0.0,6261.0,6212.0,0,0
2023-07-13,CRUDEOILM,2023-11-17,0.0,0.0,0.0,6267.0,6211.0,0,0
2023-07-13,CRUDEOILM,2023-12-18,0.0,0.0,0.0,6272.0,6210.0,0,0
2023-07-14,CRUDEOIL,2023-07-19,6301.0,6321.0,6175.0,6199.0,6246.0,35618,4088
2023-07-14,CRUDEOIL,2023-08-21,6309.0,6334.0,6192.0,6212.0,6257.0,5503,5186
2023-07-14,CRUDEOIL,2023-09-19,6314.0,6350.0,6213.0,6239.0,6294.0,80,90
2023-07-14,CRUDEOIL,2023-10-19,0.0,0.0,0.0,6235.0,6276.0,0,0
2023-07-14,CRUDEOIL,2023-11-17,0.0,0.0,0.0,6246.0,6286.0,0,0
2023-07-14,CRUDEOIL,2023-12-18,0.0,0.0,0.0,6258.0,6296.0,0,0
2023-07-14,CRUDEOILM,2023-07-19,6294.0,6323.0,6172.0,6193.0,6245.0,21029,3951
2023-07-14,CRUDEOILM,2023-08-21,6310.0,6326.0,6185.0,6205.0,6251.0,10489,5651
2023-07-14,CRUDEOILM,2023-09-19,6319.0,6343.0,6206.0,6222.0,6266.0,316,322
2023-07-14,CRUDEOILM,2023-10-19,0.0,0.0,0.0,6226.0,6261.0,0,0
2023-07-14,CRUDEOILM,2023-11-17,0.0,0.0,0.0,6237.0,6267.0,0,0
2023-07-14,CRUDEOILM,2023-12-18,0.0,0.0,0.0,6248.0,6272.0,0,0
2023-07-17,CRUDEOIL,2023-07-19,6161.0,6236.0,6011.0,6088.0,6199.0,31656,2419
2023-07-17,CRUDEOIL,2023-08-21,6157.0,6250.0,6076.0,6098.0,6212.0,15671,6052
2023-07-17,CRUDEOIL,2023-09-19,6177.0,6260.0,6104.0,6130.0,6239.0,185,102
2023-07-17,CRUDEOIL,2023-10-19,0.0,0.0,0.0,6115.0,6235.0,0,0
2023-07-17,CRUDEOIL,2023-11-17,0.0,0.0,0.0,6124.0,6246.0,0,0
2023-07-17,CRUDEOIL,2023-12-18,0.0,0.0,0.0,6134.0,6258.0,0,0
2023-07-17,CRUDEOILM,2023-07-19,6167.0,6240.0,6063.0,6088.0,6193.0,19256,2523
2023-07-17,CRUDEOILM,2023-08-21,6179.0,6249.0,6075.0,6101.0,6205.0,16457,5525
2023-07-17,CRUDEOILM,2023-09-19,6173.0,6262.0,6102.0,6122.0,6222.0,834,362
2023-07-17,CRUDEOILM,2023-10-19,0.0,0.0,0.0,6124.0,6226.0,0,0
2023-07-17,CRUDEOILM,2023-11-17,0.0,0.0,0.0,6135.0,6237.0,0,0
2023-07-17,CRUDEOILM,2023-12-18,0.0,0.0,0.0,6147.0,6248.0,0,0
2023-07-18,CRUDEOIL,2023-07-19,6105.0,6232.0,6064.0,6221.0,6088.0,4897,770
2023-07-18,CRUDEOIL,2023-08-21,6116.0,6232.0,6073.0,6224.0,6098.0,13673,6378
2023-07-18,CRUDEOIL,2023-09-19,6149.0,6234.0,6098.0,6230.0,6130.0,227,138
2023-07-18,CRUDEOIL,2023-10-19,0.0,0.0,0.0,6229.0,6115.0,0,0
2023-07-18,CRUDEOIL,2023-11-17,0.0,0.0,0.0,6232.0,6124.0,0,0
2023-07-18,CRUDEOIL,2023-12-18,0.0,0.0,0.0,6234.0,6134.0,0,0
2023-07-18,CRUDEOILM,2023-07-19,6102.0,6234.0,6063.0,6226.0,6088.0,8107,2045
2023-07-18,CRUDEOILM,2023-08-21,6113.0,6233.0,6072.0,6222.0,6101.0,14497,5293
2023-07-18,CRUDEOILM,2023-09-19,6144.0,6232.0,6096.0,6222.0,6122.0,857,366
2023-07-18,CRUDEOILM,2023-10-19,0.0,0.0,0.0,6214.0,6124.0,0,0
2023-07-18,CRUDEOILM,2023-11-17,0.0,0.0,0.0,6211.0,6135.0,0,0
2023-07-18,CRUDEOILM,2023-12-18,0.0,0.0,0.0,6207.0,6147.0,0,0
2023-07-19,CRUDEOIL,2023-07-19,6210.0,6315.0,6176.0,6186.0,6221.0,1937,285
2023-07-19,CRUDEOIL,2023-08-21,6209.0,6314.0,6185.0,6206.0,6224.0,23055,6916
2023-07-19,CRUDEOIL,2023-09-19,6216.0,6315.0,6202.0,6224.0,6230.0,342,162
2023-07-19,CRUDEOIL,2023-10-19,0.0,0.0,0.0,6242.0,6229.0,0,0
2023-07-19,CRUDEOIL,2023-11-17,0.0,0.0,0.0,6260.0,6232.0,0,0
2023-07-19,CRUDEOIL,2023-12-18,0.0,0.0,0.0,6279.0,6234.0,0,0
2023-07-19,CRUDEOILM,2023-07-19,6203.0,6318.0,6170.0,6186.0,6226.0,4212,1116
2023-07-19,CRUDEOILM,2023-08-21,6250.0,6309.0,6181.0,6204.0,6222.0,23714,5880
2023-07-19,CRUDEOILM,2023-09-19,6203.0,6307.0,6197.0,6229.0,6222.0,1162,433
2023-07-19,CRUDEOILM,2023-10-19,0.0,0.0,0.0,6254.0,6214.0,0,0
2023-07-19,CRUDEOILM,2023-11-17,0.0,0.0,0.0,6279.0,6211.0,0,0
2023-07-19,CRUDEOILM,2023-12-18,0.0,0.0,0.0,6306.0,6207.0,0,0
2023-07-20,CRUDEOIL,2023-08-21,6204.0,6254.0,6126.0,6211.0,6206.0,21344,6665
2023-07-20,CRUDEOIL,2023-09-19,6215.0,6263.0,6145.0,6222.0,6224.0,331,195
2023-07-20,CRUDEOIL,2023-10-19,0.0,0.0,0.0,6233.0,6242.0,0,0
2023-07-20,CRUDEOIL,2023-11-17,0.0,0.0,0.0,6244.0,6260.0,0,0
2023-07-20,CRUDEOIL,2023-12-18,0.0,0.0,0.0,6256.0,6279.0,0,0
2023-07-20,CRUDEOILM,2023-08-21,6204.0,6254.0,6127.0,6210.0,6204.0,26609,5657
2023-07-20,CRUDEOILM,2023-09-19,6001.0,6265.0,6001.0,6219.0,6229.0,1211,511
2023-07-20,CRUDEOILM,2023-10-19,6293.0,6293.0,6282.0,6288.0,6254.0,2,2
2023-07-20,CRUDEOILM,2023-11-17,0.0,0.0,0.0,6237.0,6279.0,0,0
2023-07-20,CRUDEOILM,2023-12-18,0.0,0.0,0.0,6246.0,6306.0,0,0
2023-07-21,CRUDEOIL,2023-08-21,6230.0,6324.0,6230.0,6298.0,6211.0,21358,7717
2023-07-21,CRUDEOIL,2023-09-19,6268.0,6326.0,6240.0,6302.0,6222.0,464,265
2023-07-21,CRUDEOIL,2023-10-19,0.0,0.0,0.0,6306.0,6233.0,0,0
2023-07-21,CRUDEOIL,2023-11-17,0.0,0.0,0.0,6310.0,6244.0,0,0
2023-07-21,CRUDEOIL,2023-12-18,0.0,0.0,0.0,6314.0,6256.0,0,0
2023-07-21,CRUDEOILM,2023-08-21,6244.0,6318.0,6231.0,6294.0,6210.0,25854,7336
2023-07-21,CRUDEOILM,2023-09-19,6250.0,6323.0,6240.0,6296.0,6219.0,1474,667
2023-07-21,CRUDEOILM,2023-10-19,0.0,0.0,0.0,6298.0,6288.0,0,2
2023-07-21,CRUDEOILM,2023-11-17,0.0,0.0,0.0,6300.0,6237.0,0,0
2023-07-21,CRUDEOILM,2023-12-18,0.0,0.0,0.0,6302.0,6246.0,0,0
2023-07-24,CRUDEOIL,2023-08-21,6310.0,6485.0,6268.0,6461.0,6298.0,29002,10468
2023-07-24,CRUDEOIL,2023-09-19,6320.0,6478.0,6271.0,6455.0,6302.0,699,396
2023-07-24,CRUDEOIL,2023-10-19,0.0,0.0,0.0,6448.0,6306.0,0,0
2023-07-24,CRUDEOIL,2023-11-17,0.0,0.0,0.0,6442.0,6310.0,0,0
2023-07-24,CRUDEOIL,2023-12-18,0.0,0.0,0.0,6436.0,6314.0,0,0
2023-07-24,CRUDEOILM,2023-08-21,6318.0,6479.0,6264.0,6457.0,6294.0,31939,10668
2023-07-24,CRUDEOILM,2023-09-19,6321.0,6470.0,6270.0,6445.0,6296.0,2248,1241
2023-07-24,CRUDEOILM,2023-10-19,6303.0,6462.0,6294.0,6404.0,6298.0,16,6
2023-07-24,CRUDEOILM,2023-11-17,0.0,0.0,0.0,6420.0,6300.0,0,0
2023-07-24,CRUDEOILM,2023-12-18,0.0,0.0,0.0,6407.0,6302.0,0,0
2023-07-25,CRUDEOIL,2023-08-21,6454.0,6537.0,6416.0,6529.0,6461.0,22647,10767
2023-07-25,CRUDEOIL,2023-09-19,6448.0,6526.0,6421.0,6518.0,6455.0,463,459
2023-07-25,CRUDEOIL,2023-10-19,0.0,0.0,0.0,6506.0,6448.0,0,0
2023-07-25,CRUDEOIL,2023-11-17,0.0,0.0,0.0,6495.0,6442.0,0,0
2023-07-25,CRUDEOIL,2023-12-18,0.0,0.0,0.0,6483.0,6436.0,0,0
2023-07-25,CRUDEOILM,2023-08-21,6457.0,6531.0,6412.0,6524.0,6457.0,25886,11638
2023-07-25,CRUDEOILM,2023-09-19,6444.0,6522.0,6410.0,6512.0,6445.0,1734,1387
2023-07-25,CRUDEOILM,2023-10-19,6450.0,6450.0,6450.0,6450.0,6404.0,1,7
2023-07-25,CRUDEOILM,2023-11-17,0.0,0.0,0.0,6487.0,6420.0,0,0
2023-07-25,CRUDEOILM,2023-12-18,0.0,0.0,0.0,6474.0,6407.0,0,0
2023-07-26,CRUDEOIL,2023-08-21,6493.0,6539.0,6456.0,6473.0,6529.0,22136,9575
2023-07-26,CRUDEOIL,2023-09-19,6495.0,6530.0,6450.0,6472.0,6518.0,434,432
2023-07-26,CRUDEOIL,2023-10-19,0.0,0.0,0.0,6470.0,6506.0,0,0
2023-07-26,CRUDEOIL,2023-11-17,0.0,0.0,0.0,6469.0,6495.0,0,0
2023-07-26,CRUDEOIL,2023-12-18,0.0,0.0,0.0,6468.0,6483.0,0,0
2023-07-26,CRUDEOILM,2023-08-21,6500.0,6535.0,6452.0,6470.0,6524.0,22570,10291
2023-07-26,CRUDEOILM,2023-09-19,6479.0,6527.0,6445.0,6465.0,6512.0,1635,1322
2023-07-26,CRUDEOILM,2023-10-19,6494.0,6529.0,6464.0,6493.0,6450.0,10,11
2023-07-26,CRUDEOILM,2023-11-17,0.0,0.0,0.0,6454.0,6487.0,0,0
2023-07-26,CRUDEOILM,2023-12-18,0.0,0.0,0.0,6449.0,6474.0,0,0
2023-07-27,CRUDEOIL,2023-08-21,6534.0,6618.0,6485.0,6562.0,6473.0,27516,11549
2023-07-27,CRUDEOIL,2023-09-19,6519.0,6596.0,6472.0,6547.0,6472.0,540,475
2023-07-27,CRUDEOIL,2023-10-19,6558.0,6582.0,6558.0,6570.0,6470.0,2,2
2023-07-27,CRUDEOIL,2023-11-17,0.0,0.0,0.0,6516.0,6469.0,0,0
2023-07-27,CRUDEOIL,2023-12-18,0.0,0.0,0.0,6500.0,6468.0,0,0
2023-07-27,CRUDEOILM,2023-08-21,6520.0,6615.0,6481.0,6562.0,6470.0,30073,11708
2023-07-27,CRUDEOILM,2023-09-19,6526.0,6589.0,6469.0,6541.0,6465.0,2365,1373
2023-07-27,CRUDEOILM,2023-10-19,6512.0,6597.0,6512.0,6558.0,6493.0,8,12
2023-07-27,CRUDEOILM,2023-11-17,0.0,0.0,0.0,6498.0,6454.0,0,0
2023-07-27,CRUDEOILM,2023-12-18,0.0,0.0,0.0,6475.0,6449.0,0,0
2023-07-28,CRUDEOIL,2023-08-21,6567.0,6610.0,6507.0,6579.0,6562.0,20764,10007
2023-07-28,CRUDEOIL,2023-09-19,6553.0,6590.0,6497.0,6564.0,6547.0,375,456
2023-07-28,CRUDEOIL,2023-10-19,0.0,0.0,0.0,6548.0,6570.0,0,2
2023-07-28,CRUDEOIL,2023-11-17,0.0,0.0,0.0,6533.0,6516.0,0,0
2023-07-28,CRUDEOIL,2023-12-18,0.0,0.0,0.0,6517.0,6500.0,0,0
2023-07-28,CRUDEOILM,2023-08-21,6554.0,6604.0,6505.0,6576.0,6562.0,21946,11615
2023-07-28,CRUDEOILM,2023-09-19,6539.0,6584.0,6488.0,6556.0,6541.0,1844,1476
2023-07-28,CRUDEOILM,2023-10-19,0.0,0.0,0.0,6535.0,6558.0,0,12
2023-07-28,CRUDEOILM,2023-11-17,0.0,0.0,0.0,6515.0,6498.0,0,0
2023-07-28,CRUDEOILM,2023-12-18,0.0,0.0,0.0,6493.0,6475.0,0,0
2023-07-31,CRUDEOIL,2023-08-21,6595.0,6718.0,6592.0,6697.0,6579.0,25862,11246
2023-07-31,CRUDEOIL,2023-09-19,6588.0,6694.0,6578.0,6676.0,6564.0,508,518
2023-07-31,CRUDEOIL,2023-10-19,6601.0,6611.0,6601.0,6606.0,6548.0,3,4
2023-07-31,CRUDEOIL,2023-11-17,0.0,0.0,0.0,6633.0,6533.0,0,0
2023-07-31,CRUDEOIL,2023-12-18,0.0,0.0,0.0,6610.0,6517.0,0,0
2023-07-31,CRUDEOILM,2023-08-21,6595.0,6718.0,6588.0,6690.0,6576.0,22061,13495
2023-07-31,CRUDEOILM,2023-09-19,6576.0,6685.0,6569.0,6660.0,6556.0,1810,1715
2023-07-31,CRUDEOILM,2023-10-19,6633.0,6669.0,6630.0,6656.0,6535.0,16,23
2023-07-31,CRUDEOILM,2023-11-17,0.0,0.0,0.0,6598.0,6515.0,0,0
2023-07-31,CRUDEOILM,2023-12-18,0.0,0.0,0.0,6566.0,6493.0,0,0
2023-08-01,CRUDEOIL,2023-08-21,6706.0,6740.0,6637.0,6727.0,6697.0,24436,12148
2023-08-01,CRUDEOIL,2023-09-19,6680.0,6713.0,6616.0,6703.0,6676.0,524,495
2023-08-01,CRUDEOIL,2023-10-19,6655.0,6712.0,6633.0,6673.0,6606.0,5,8
2023-08-01,CRUDEOIL,2023-11-17,0.0,0.0,0.0,6654.0,6633.0,0,0
2023-08-01,CRUDEOIL,2023-12-18,0.0,0.0,0.0,6628.0,6610.0,0,0
2023-08-01,CRUDEOILM,2023-08-21,6698.0,6737.0,6631.0,6723.0,6690.0,22447,13349
2023-08-01,CRUDEOILM,2023-09-19,6680.0,6709.0,6615.0,6698.0,6660.0,1920,1838
2023-08-01,CRUDEOILM,2023-10-19,6676.0,6707.0,6626.0,6660.0,6656.0,11,20
2023-08-01,CRUDEOILM,2023-11-17,0.0,0.0,0.0,6647.0,6598.0,0,0
2023-08-01,CRUDEOILM,2023-12-18,0.0,0.0,0.0,6620.0,6566.0,0,0
2023-08-02,CRUDEOIL,2023-08-21,6740.0,6784.0,6546.0,6556.0,6727.0,37246,7248
2023-08-02,CRUDEOIL,2023-09-19,6734.0,6753.0,6524.0,6533.0,6703.0,987,497
2023-08-02,CRUDEOIL,2023-10-19,6745.0,6745.0,6539.0,6595.0,6673.0,22,27
2023-08-02,CRUDEOIL,2023-11-17,0.0,0.0,0.0,6486.0,6654.0,0,0
2023-08-02,CRUDEOIL,2023-12-18,0.0,0.0,0.0,6461.0,6628.0,0,0
2023-08-02,CRUDEOILM,2023-08-21,6740.0,6778.0,6543.0,6556.0,6723.0,32304,9346
2023-08-02,CRUDEOILM,2023-09-19,6725.0,6745.0,6523.0,6535.0,6698.0,3235,1654
2023-08-02,CRUDEOILM,2023-10-19,6720.0,6727.0,6550.0,6563.0,6660.0,25,16
2023-08-02,CRUDEOILM,2023-11-17,0.0,0.0,0.0,6492.0,6647.0,0,0
2023-08-02,CRUDEOILM,2023-12-18,0.0,0.0,0.0,6469.0,6620.0,0,0
2023-08-03,CRUDEOIL,2023-08-21,6585.0,6779.0,6518.0,6761.0,6556.0,27455,9500
2023-08-03,CRUDEOIL,2023-09-19,6555.0,6744.0,6503.0,6731.0,6533.0,1159,587
2023-08-03,CRUDEOIL,2023-10-19,6644.0,6725.0,6644.0,6708.0,6595.0,14,41
2023-08-03,CRUDEOIL,2023-11-17,0.0,0.0,0.0,6669.0,6486.0,0,0
2023-08-03,CRUDEOIL,2023-12-18,0.0,0.0,0.0,6637.0,6461.0,0,0
2023-08-03,CRUDEOILM,2023-08-21,6593.0,6770.0,6516.0,6752.0,6556.0,29416,12145
2023-08-03,CRUDEOILM,2023-09-19,6556.0,6737.0,6499.0,6722.0,6535.0,3573,1876
2023-08-03,CRUDEOILM,2023-10-19,6562.0,6728.0,6510.0,6718.0,6563.0,36,27
2023-08-03,CRUDEOILM,2023-11-17,0.0,0.0,0.0,6660.0,6492.0,0,0
2023-08-03,CRUDEOILM,2023-12-18,0.0,0.0,0.0,6628.0,6469.0,0,0
2023-08-04,CRUDEOIL,2023-08-21,6767.0,6878.0,6745.0,6859.0,6761.0,19291,10143
2023-08-04,CRUDEOIL,2023-09-19,6728.0,6830.0,6715.0,6814.0,6731.0,796,713
2023-08-04,CRUDEOIL,2023-10-19,6730.0,6803.0,6720.0,6773.0,6708.0,33,61
2023-08-04,CRUDEOIL,2023-11-17,0.0,0.0,0.0,6722.0,6669.0,0,0
2023-08-04,CRUDEOIL,2023-12-18,0.0,0.0,0.0,6674.0,6637.0,0,0
2023-08-04,CRUDEOILM,2023-08-21,6755.0,6866.0,6738.0,6850.0,6752.0,23612,13684
2023-08-04,CRUDEOILM,2023-09-19,6710.0,6825.0,6703.0,6805.0,6722.0,2514,2277
2023-08-04,CRUDEOILM,2023-10-19,6726.0,6814.0,6700.0,6779.0,6718.0,47,37
2023-08-04,CRUDEOILM,2023-11-17,0.0,0.0,0.0,6713.0,6660.0,0,0
2023-08-04,CRUDEOILM,2023-12-18,0.0,0.0,0.0,6665.0,6628.0,0,0
2023-08-07,CRUDEOIL,2023-08-21,6839.0,6852.0,6750.0,6806.0,6859.0,15077,8169
2023-08-07,CRUDEOIL,2023-09-19,6651.0,6807.0,6651.0,6772.0,6814.0,628,703
2023-08-07,CRUDEOIL,2023-10-19,6804.0,6804.0,6756.0,6783.0,6773.0,30,84
2023-08-07,CRUDEOIL,2023-11-17,0.0,0.0,0.0,6702.0,6722.0,0,0
2023-08-07,CRUDEOIL,2023-12-18,0.0,0.0,0.0,6666.0,6674.0,0,0
2023-08-07,CRUDEOILM,2023-08-21,6825.0,6849.0,6746.0,6803.0,6850.0,18097,12096
2023-08-07,CRUDEOILM,2023-09-19,6803.0,6803.0,6712.0,6767.0,6805.0,1827,2191
2023-08-07,CRUDEOILM,2023-10-19,6770.0,6770.0,6720.0,6723.0,6779.0,16,32
2023-08-07,CRUDEOILM,2023-11-17,0.0,0.0,0.0,6693.0,6713.0,0,0
2023-08-07,CRUDEOILM,2023-12-18,0.0,0.0,0.0,6655.0,6665.0,0,0
2023-08-08,CRUDEOIL,2023-08-21,6800.0,6851.0,6629.0,6840.0,6806.0,29085,8576
2023-08-08,CRUDEOIL,2023-09-19,6764.0,6812.0,6605.0,6802.0,6772.0,1230,656
2023-08-08,CRUDEOIL,2023-10-19,6751.0,6793.0,6612.0,6671.0,6783.0,13,86
2023-08-08,CRUDEOIL,2023-11-17,0.0,0.0,0.0,6724.0,6702.0,0,0
2023-08-08,CRUDEOIL,2023-12-18,0.0,0.0,0.0,6684.0,6666.0,0,0
2023-08-08,CRUDEOILM,2023-08-21,6796.0,6846.0,6625.0,6832.0,6803.0,28781,11154
2023-08-08,CRUDEOILM,2023-09-19,6759.0,6803.0,6599.0,6791.0,6767.0,3593,2312
2023-08-08,CRUDEOILM,2023-10-19,6718.0,6794.0,6619.0,6764.0,6723.0,33,35
2023-08-08,CRUDEOILM,2023-11-17,0.0,0.0,0.0,6707.0,6693.0,0,0
2023-08-08,CRUDEOILM,2023-12-18,0.0,0.0,0.0,6663.0,6655.0,0,0
2023-08-09,CRUDEOIL,2023-08-21,6850.0,7009.0,6845.0,6929.0,6840.0,34012,8577
2023-08-09,CRUDEOIL,2023-09-19,6807.0,6955.0,6803.0,6886.0,6802.0,1855,1021
2023-08-09,CRUDEOIL,2023-10-19,6800.0,6895.0,6800.0,6861.0,6671.0,14,89
2023-08-09,CRUDEOIL,2023-11-17,0.0,0.0,0.0,6798.0,6724.0,0,0
2023-08-09,CRUDEOIL,2023-12-18,0.0,0.0,0.0,6752.0,6684.0,0,0
2023-08-09,CRUDEOILM,2023-08-21,6847.0,7004.0,6838.0,6922.0,6832.0,25659,12041
2023-08-09,CRUDEOILM,2023-09-19,6803.0,6947.0,6791.0,6871.0,6791.0,5207,3039
2023-08-09,CRUDEOILM,2023-10-19,6814.0,6911.0,6814.0,6890.0,6764.0,35,47
2023-08-09,CRUDEOILM,2023-11-17,0.0,0.0,0.0,6767.0,6707.0,0,0
2023-08-09,CRUDEOILM,2023-12-18,0.0,0.0,0.0,6712.0,6663.0,0,0
2023-08-10,CRUDEOIL,2023-08-21,6973.0,7028.0,6848.0,6873.0,6929.0,22564,6544
2023-08-10,CRUDEOIL,2023-09-19,6921.0,6973.0,6817.0,6833.0,6886.0,1165,1273
2023-08-10,CRUDEOIL,2023-10-19,6925.0,6958.0,6806.0,6835.0,6861.0,48,76
2023-08-10,CRUDEOIL,2023-11-17,0.0,0.0,0.0,6751.0,6798.0,0,0
2023-08-10,CRUDEOIL,2023-12-18,0.0,0.0,0.0,6708.0,6752.0,0,0
2023-08-10,CRUDEOILM,2023-08-21,6964.0,7023.0,6844.0,6870.0,6922.0,19728,10874
2023-08-10,CRUDEOILM,2023-09-19,6925.0,6963.0,6806.0,6823.0,6871.0,4103,3151
2023-08-10,CRUDEOILM,2023-10-19,6906.0,6952.0,6829.0,6843.0,6890.0,34,43
2023-08-10,CRUDEOILM,2023-11-17,0.0,0.0,0.0,6727.0,6767.0,0,0
2023-08-10,CRUDEOILM,2023-12-18,0.0,0.0,0.0,6677.0,6712.0,0,0
2023-08-11,CRUDEOIL,2023-08-21,6862.0,6946.0,6814.0,6934.0,6873.0,21666,6928
2023-08-11,CRUDEOIL,2023-09-19,6819.0,6903.0,6782.0,6891.0,6833.0,1440,1602
2023-08-11,CRUDEOIL,2023-10-19,6804.0,6820.0,6785.0,6805.0,6835.0,4,76
2023-08-11,CRUDEOIL,2023-11-17,0.0,0.0,0.0,6803.0,6751.0,0,0
2023-08-11,CRUDEOIL,2023-12-18,0.0,0.0,0.0,6757.0,6708.0,0,0
2023-08-11,CRUDEOILM,2023-08-21,6820.0,6938.0,6809.0,6925.0,6870.0,21147,10845
2023-08-11,CRUDEOILM,2023-09-19,6870.0,6889.0,6771.0,6877.0,6823.0,3902,3339
2023-08-11,CRUDEOILM,2023-10-19,6798.0,6892.0,6788.0,6861.0,6843.0,43,65
2023-08-11,CRUDEOILM,2023-11-17,0.0,0.0,0.0,6779.0,6727.0,0,0
2023-08-11,CRUDEOILM,2023-12-18,0.0,0.0,0.0,6728.0,6677.0,0,0
2023-08-14,CRUDEOIL,2023-08-21,6850.0,6915.0,6802.0,6868.0,6934.0,27890,5476
2023-08-14,CRUDEOIL,2023-09-19,6812.0,6871.0,6768.0,6829.0,6891.0,3335,1937
2023-08-14,CRUDEOIL,2023-10-19,6765.0,6830.0,6759.0,6814.0,6805.0,17,77
2023-08-14,CRUDEOIL,2023-11-17,0.0,0.0,0.0,6749.0,6803.0,0,0
2023-08-14,CRUDEOIL,2023-12-18,0.0,0.0,0.0,6707.0,6757.0,0,0
2023-08-14,CRUDEOILM,2023-08-21,6853.0,6911.0,6797.0,6867.0,6925.0,20566,9338
2023-08-14,CRUDEOILM,2023-09-19,6852.0,6859.0,6759.0,6818.0,6877.0,5877,3535
2023-08-14,CRUDEOILM,2023-10-19,6823.0,6840.0,6763.0,6802.0,6861.0,113,99
2023-08-14,CRUDEOILM,2023-11-17,0.0,0.0,0.0,6718.0,6779.0,0,0
2023-08-14,CRUDEOILM,2023-12-18,0.0,0.0,0.0,6665.0,6728.0,0,0
2023-08-16,CRUDEOIL,2023-08-21,6750.0,6772.0,6630.0,6646.0,6868.0,39759,4391
2023-08-16,CRUDEOIL,2023-09-19,6748.0,6751.0,6610.0,6624.0,6829.0,6701,2523
2023-08-16,CRUDEOIL,2023-10-19,6689.0,6740.0,6602.0,6620.0,6814.0,105,99
2023-08-16,CRUDEOIL,2023-11-17,0.0,0.0,0.0,6579.0,6749.0,0,0
2023-08-16,CRUDEOIL,2023-12-18,0.0,0.0,0.0,6555.0,6707.0,0,0
2023-08-16,CRUDEOILM,2023-08-21,6778.0,6778.0,6631.0,6645.0,6867.0,22525,5698
2023-08-16,CRUDEOILM,2023-09-19,6750.0,6750.0,6607.0,6623.0,6818.0,9760,3332
2023-08-16,CRUDEOILM,2023-10-19,6800.0,6800.0,6603.0,6623.0,6802.0,222,123
2023-08-16,CRUDEOILM,2023-11-17,0.0,0.0,0.0,6578.0,6718.0,0,0
2023-08-16,CRUDEOILM,2023-12-18,0.0,0.0,0.0,6554.0,6665.0,0,0
2023-08-17,CRUDEOIL,2023-08-21,6605.0,6734.0,6574.0,6685.0,6646.0,17286,3397
2023-08-17,CRUDEOIL,2023-09-19,6611.0,6700.0,6560.0,6654.0,6624.0,9040,2604
2023-08-17,CRUDEOIL,2023-10-19,6598.0,6692.0,6565.0,6670.0,6620.0,128,110
2023-08-17,CRUDEOIL,2023-11-17,0.0,0.0,0.0,6590.0,6579.0,0,0
2023-08-17,CRUDEOIL,2023-12-18,0.0,0.0,0.0,6557.0,6555.0,0,0
2023-08-17,CRUDEOILM,2023-08-21,6601.0,6733.0,6577.0,6684.0,6645.0,13560,4756
2023-08-17,CRUDEOILM,2023-09-19,6600.0,6696.0,6559.0,6649.0,6623.0,8824,3950
2023-08-17,CRUDEOILM,2023-10-19,6579.0,6690.0,6565.0,6643.0,6623.0,298,168
2023-08-17,CRUDEOILM,2023-11-17,0.0,0.0,0.0,6577.0,6578.0,0,0
2023-08-17,CRUDEOILM,2023-12-18,0.0,0.0,0.0,6540.0,6554.0,0,0
2023-08-18,CRUDEOIL,2023-08-21,6695.0,6788.0,6616.0,6772.0,6685.0,7728,1614
2023-08-18,CRUDEOIL,2023-09-19,6664.0,6737.0,6584.0,6726.0,6654.0,16274,3733
2023-08-18,CRUDEOIL,2023-10-19,6658.0,6722.0,6578.0,6711.0,6670.0,154,118
2023-08-18,CRUDEOIL,2023-11-17,0.0,0.0,0.0,6632.0,6590.0,0,0
2023-08-18,CRUDEOIL,2023-12-18,0.0,0.0,0.0,6583.0,6557.0,0,0
2023-08-18,CRUDEOILM,2023-08-21,6697.0,6787.0,6620.0,6773.0,6684.0,11231,3437
2023-08-18,CRUDEOILM,2023-09-19,6645.0,6733.0,6578.0,6720.0,6649.0,14409,5122
2023-08-18,CRUDEOILM,2023-10-19,6654.0,6714.0,6584.0,6705.0,6643.0,561,250
2023-08-18,CRUDEOILM,2023-11-17,0.0,0.0,0.0,6612.0,6577.0,0,0
2023-08-18,CRUDEOILM,2023-12-18,0.0,0.0,0.0,6555.0,6540.0,0,0
2023-08-21,CRUDEOIL,2023-08-21,6800.0,6853.0,6705.0,6709.0,6772.0,2789,376
2023-08-21,CRUDEOIL,2023-09-19,6759.0,6798.0,6662.0,6674.0,6726.0,15815,3626
2023-08-21,CRUDEOIL,2023-10-19,6732.0,6782.0,6651.0,6658.0,6711.0,222,161
2023-08-21,CRUDEOIL,2023-11-17,0.0,0.0,0.0,6642.0,6632.0,0,0
2023-08-21,CRUDEOIL,2023-12-18,0.0,0.0,0.0,6626.0,6583.0,0,0
2023-08-21,CRUDEOILM,2023-08-21,6824.0,6855.0,6705.0,6709.0,6773.0,5266,2069
2023-08-21,CRUDEOILM,2023-09-19,6750.0,6790.0,6656.0,6668.0,6720.0,17478,5722
2023-08-21,CRUDEOILM,2023-10-19,6731.0,6771.0,6650.0,6659.0,6705.0,987,459
2023-08-21,CRUDEOILM,2023-11-17,0.0,0.0,0.0,6650.0,6612.0,0,0
2023-08-21,CRUDEOILM,2023-12-18,0.0,0.0,0.0,6641.0,6555.0,0,0
2023-08-22,CRUDEOIL,2023-09-19,6663.0,6679.0,6618.0,6641.0,6674.0,15841,4450
2023-08-22,CRUDEOIL,2023-10-19,6651.0,6673.0,6616.0,6643.0,6658.0,238,185
2023-08-22,CRUDEOIL,2023-11-17,0.0,0.0,0.0,6644.0,6642.0,0,0
2023-08-22,CRUDEOIL,2023-12-18,0.0,0.0,0.0,6647.0,6626.0,0,0
2023-08-22,CRUDEOILM,2023-09-19,6655.0,6675.0,6609.0,6635.0,6668.0,18653,5714
2023-08-22,CRUDEOILM,2023-10-19,6654.0,6669.0,6611.0,6645.0,6659.0,718,497
2023-08-22,CRUDEOILM,2023-11-17,0.0,0.0,0.0,6654.0,6650.0,0,0
2023-08-22,CRUDEOILM,2023-12-18,0.0,0.0,0.0,6665.0,6641.0,0,0
2023-08-23,CRUDEOIL,2023-09-19,6639.0,6643.0,6427.0,6555.0,6641.0,29714,6877
2023-08-23,CRUDEOIL,2023-10-19,6632.0,6632.0,6440.0,6549.0,6643.0,645,304
2023-08-23,CRUDEOIL,2023-11-17,0.0,0.0,0.0,6543.0,6644.0,0,0
2023-08-23,CRUDEOIL,2023-12-18,0.0,0.0,0.0,6537.0,6647.0,0,0
2023-08-23,CRUDEOILM,2023-09-19,6633.0,6637.0,6428.0,6554.0,6635.0,30243,5409
2023-08-23,CRUDEOILM,2023-10-19,6641.0,6641.0,6444.0,6546.0,6645.0,2044,633
2023-08-23,CRUDEOILM,2023-11-17,0.0,0.0,0.0,6538.0,6654.0,0,0
2023-08-23,CRUDEOILM,2023-12-18,0.0,0.0,0.0,6530.0,6665.0,0,0
2023-08-24,CRUDEOIL,2023-09-19,6503.0,6556.0,6425.0,6520.0,6555.0,19384,6234
2023-08-24,CRUDEOIL,2023-10-19,6491.0,6553.0,6437.0,6517.0,6549.0,419,327
2023-08-24,CRUDEOIL,2023-11-17,0.0,0.0,0.0,6514.0,6543.0,0,0
2023-08-24,CRUDEOIL,2023-12-18,0.0,0.0,0.0,6511.0,6537.0,0,0
2023-08-24,CRUDEOILM,2023-09-19,6503.0,6556.0,6427.0,6521.0,6554.0,25630,4910
2023-08-24,CRUDEOILM,2023-10-19,6502.0,6557.0,6439.0,6518.0,6546.0,1357,687
2023-08-24,CRUDEOILM,2023-11-17,6527.0,6554.0,6527.0,6538.0,6538.0,6,3
2023-08-24,CRUDEOILM,2023-12-18,0.0,0.0,0.0,6512.0,6530.0,0,0
2023-08-25,CRUDEOIL,2023-09-19,6553.0,6655.0,6468.0,6503.0,6520.0,25852,5823
2023-08-25,CRUDEOIL,2023-10-19,6554.0,6639.0,6465.0,6489.0,6517.0,477,336
2023-08-25,CRUDEOIL,2023-11-17,0.0,0.0,0.0,6475.0,6514.0,0,0
2023-08-25,CRUDEOIL,2023-12-18,0.0,0.0,0.0,6461.0,6511.0,0,0
2023-08-25,CRUDEOILM,2023-09-19,6546.0,6649.0,6471.0,6503.0,6521.0,27552,5197
2023-08-25,CRUDEOILM,2023-10-19,6549.0,6632.0,6472.0,6494.0,6518.0,1565,722
2023-08-25,CRUDEOILM,2023-11-17,6699.0,6699.0,6551.0,6625.0,6538.0,2,3
2023-08-25,CRUDEOILM,2023-12-18,0.0,0.0,0.0,6476.0,6512.0,0,0
2023-08-28,CRUDEOIL,2023-09-19,6586.0,6680.0,6586.0,6618.0,6503.0,21991,4260
2023-08-28,CRUDEOIL,2023-10-19,6577.0,6660.0,6577.0,6609.0,6489.0,730,283
2023-08-28,CRUDEOIL,2023-11-17,0.0,0.0,0.0,6600.0,6475.0,0,0
2023-08-28,CRUDEOIL,2023-12-18,0.0,0.0,0.0,6591.0,6461.0,0,0
2023-08-28,CRUDEOILM,2023-09-19,6574.0,6679.0,6574.0,6617.0,6503.0,24987,5777
2023-08-28,CRUDEOILM,2023-10-19,6535.0,6655.0,6523.0,6605.0,6494.0,1752,904
2023-08-28,CRUDEOILM,2023-11-17,6580.0,6770.0,6553.0,6640.0,6625.0,11,4
2023-08-28,CRUDEOILM,2023-12-18,0.0,0.0,0.0,6581.0,6476.0,0,0
2023-08-29,CRUDEOIL,2023-09-19,6619.0,6709.0,6570.0,6704.0,6618.0,27475,4946
2023-08-29,CRUDEOIL,2023-10-19,6606.0,6687.0,6567.0,6684.0,6609.0,607,298
2023-08-29,CRUDEOIL,2023-11-17,0.0,0.0,0.0,6664.0,6600.0,0,0
2023-08-29,CRUDEOIL,2023-12-18,0.0,0.0,0.0,6644.0,6591.0,0,0
2023-08-29,CRUDEOILM,2023-09-19,6619.0,6707.0,6566.0,6701.0,6617.0,24097,6118
2023-08-29,CRUDEOILM,2023-10-19,6607.0,6680.0,6562.0,6674.0,6605.0,1440,968
2023-08-29,CRUDEOILM,2023-11-17,0.0,0.0,0.0,6647.0,6640.0,0,4
2023-08-29,CRUDEOILM,2023-12-18,0.0,0.0,0.0,6620.0,6581.0,0,0
2023-08-30,CRUDEOIL,2023-09-19,6720.0,6775.0,6689.0,6735.0,6704.0,22617,4628
2023-08-30,CRUDEOIL,2023-10-19,6712.0,6750.0,6677.0,6720.0,6684.0,477,310
2023-08-30,CRUDEOIL,2023-11-17,0.0,0.0,0.0,6705.0,6664.0,0,0
2023-08-30,CRUDEOIL,2023-12-18,0.0,0.0,0.0,6690.0,6644.0,0,0
2023-08-30,CRUDEOILM,2023-09-19,6730.0,6773.0,6681.0,6731.0,6701.0,23376,6909
2023-08-30,CRUDEOILM,2023-10-19,6701.0,6745.0,6668.0,6711.0,6674.0,1172,1158
2023-08-30,CRUDEOILM,2023-11-17,6704.0,6704.0,6685.0,6695.0,6647.0,2,6
2023-08-30,CRUDEOILM,2023-12-18,0.0,0.0,0.0,6671.0,6620.0,0,0
2023-08-31,CRUDEOIL,2023-09-19,6744.0,6882.0,6739.0,6871.0,6735.0,28036,9952
2023-08-31,CRUDEOIL,2023-10-19,6728.0,6838.0,6728.0,6828.0,6720.0,570,363
2023-08-31,CRUDEOIL,2023-11-17,0.0,0.0,0.0,6786.0,6705.0,0,0
2023-08-31,CRUDEOIL,2023-12-18,0.0,0.0,0.0,6742.0,6690.0,0,0
2023-08-31,CRUDEOILM,2023-09-19,6744.0,6874.0,6736.0,6864.0,6731.0,24723,9079
2023-08-31,CRUDEOILM,2023-10-19,6699.0,6830.0,6699.0,6818.0,6711.0,1776,1343
2023-08-31,CRUDEOILM,2023-11-17,6750.0,6750.0,6750.0,6750.0,6695.0,3,7
2023-08-31,CRUDEOILM,2023-12-18,0.0,0.0,0.0,6726.0,6671.0,0,0
2023-09-01,CRUDEOIL,2023-09-19,6916.0,7080.0,6910.0,7064.0,6871.0,27599,11485
2023-09-01,CRUDEOIL,2023-10-19,6864.0,7015.0,6864.0,7002.0,6828.0,811,570
2023-09-01,CRUDEOIL,2023-11-17,0.0,0.0,0.0,6942.0,6786.0,0,0
2023-09-01,CRUDEOIL,2023-12-18,0.0,0.0,0.0,6878.0,6742.0,0,0
2023-09-01,CRUDEOILM,2023-09-19,6888.0,7069.0,6888.0,7056.0,6864.0,29858,12652
2023-09-01,CRUDEOILM,2023-10-19,6847.0,7019.0,6847.0,6994.0,6818.0,3096,2078
2023-09-01,CRUDEOILM,2023-11-17,6829.0,6950.0,6814.0,6906.0,6750.0,14,12
2023-09-01,CRUDEOILM,2023-12-18,0.0,0.0,0.0,6870.0,6726.0,0,0
2023-09-04,CRUDEOIL,2023-09-19,7069.0,7120.0,7051.0,7109.0,7064.0,10794,10949
2023-09-04,CRUDEOIL,2023-10-19,7023.0,7059.0,6998.0,7048.0,7002.0,434,708
2023-09-04,CRUDEOIL,2023-11-17,0.0,0.0,0.0,6989.0,6942.0,0,0
2023-09-04,CRUDEOIL,2023-12-18,0.0,0.0,0.0,6926.0,6878.0,0,0
2023-09-04,CRUDEOILM,2023-09-19,7067.0,7114.0,7043.0,7102.0,7056.0,12190,12789
2023-09-04,CRUDEOILM,2023-10-19,7011.0,7045.0,6983.0,7038.0,6994.0,1351,2226
2023-09-04,CRUDEOILM,2023-11-17,6980.0,7005.0,6950.0,6974.0,6906.0,8,14
2023-09-04,CRUDEOILM,2023-12-18,0.0,0.0,0.0,6910.0,6870.0,0,0
2023-09-05,CRUDEOIL,2023-09-19,7104.0,7301.0,7055.0,7218.0,7109.0,35261,10398
2023-09-05,CRUDEOIL,2023-10-19,7041.0,7237.0,6998.0,7164.0,7048.0,899,835
2023-09-05,CRUDEOIL,2023-11-17,6985.0,7145.0,6985.0,7072.0,6989.0,5,3
2023-09-05,CRUDEOIL,2023-12-18,0.0,0.0,0.0,7056.0,6926.0,0,0
2023-09-05,CRUDEOILM,2023-09-19,7104.0,7293.0,7048.0,7212.0,7102.0,29595,13250
2023-09-05,CRUDEOILM,2023-10-19,7034.0,7225.0,6991.0,7155.0,7038.0,3316,2597
2023-09-05,CRUDEOILM,2023-11-17,6989.0,7133.0,6989.0,7114.0,6974.0,12,20
2023-09-05,CRUDEOILM,2023-12-18,0.0,0.0,0.0,7041.0,6910.0,0,0
2023-09-06,CRUDEOIL,2023-09-19,7203.0,7315.0,7145.0,7305.0,7218.0,21344,10947
2023-09-06,CRUDEOIL,2023-10-19,7160.0,7250.0,7102.0,7243.0,7164.0,722,873
2023-09-06,CRUDEOIL,2023-11-17,7101.0,7198.0,7073.0,7128.0,7072.0,7,8
2023-09-06,CRUDEOIL,2023-12-18,0.0,0.0,0.0,7119.0,7056.0,0,0
2023-09-06,CRUDEOILM,2023-09-19,7197.0,7306.0,7138.0,7295.0,7212.0,22809,13740
2023-09-06,CRUDEOILM,2023-10-19,7140.0,7234.0,7092.0,7226.0,7155.0,2618,2811
2023-09-06,CRUDEOILM,2023-11-17,7104.0,7180.0,7063.0,7124.0,7114.0,29,27
2023-09-06,CRUDEOILM,2023-12-18,0.0,0.0,0.0,7088.0,7041.0,0,0
2023-09-07,CRUDEOIL,2023-09-19,7251.0,7292.0,7181.0,7227.0,7305.0,19427,8273
2023-09-07,CRUDEOIL,2023-10-19,7196.0,7230.0,7135.0,7175.0,7243.0,588,807
2023-09-07,CRUDEOIL,2023-11-17,7163.0,7182.0,7163.0,7170.0,7128.0,3,9
2023-09-07,CRUDEOIL,2023-12-18,0.0,0.0,0.0,7071.0,7119.0,0,0
2023-09-07,CRUDEOILM,2023-09-19,7250.0,7284.0,7178.0,7222.0,7295.0,18811,12071
2023-09-07,CRUDEOILM,2023-10-19,7178.0,7222.0,7125.0,7167.0,7226.0,1835,2701
2023-09-07,CRUDEOILM,2023-11-17,7130.0,7150.0,7100.0,7129.0,7124.0,10,29
2023-09-07,CRUDEOILM,2023-12-18,0.0,0.0,0.0,7057.0,7088.0,0,0
2023-09-08,CRUDEOIL,2023-09-19,7179.0,7300.0,7165.0,7258.0,7227.0,16847,8625
2023-09-08,CRUDEOIL,2023-10-19,7120.0,7238.0,7117.0,7198.0,7175.0,548,845
2023-09-08,CRUDEOIL,2023-11-17,7179.0,7179.0,7179.0,7179.0,7170.0,1,9
2023-09-08,CRUDEOIL,2023-12-18,0.0,0.0,0.0,7078.0,7071.0,0,0
2023-09-08,CRUDEOILM,2023-09-19,7198.0,7290.0,7154.0,7246.0,7222.0,17883,12049
2023-09-08,CRUDEOILM,2023-10-19,7120.0,7227.0,7107.0,7188.0,7167.0,2001,2935
2023-09-08,CRUDEOILM,2023-11-17,7070.0,7175.0,7070.0,7122.0,7129.0,12,30
2023-09-08,CRUDEOILM,2023-12-18,0.0,0.0,0.0,7072.0,7057.0,0,0
2023-09-11,CRUDEOIL,2023-09-19,7215.0,7304.0,7197.0,7248.0,7258.0,21302,7175
2023-09-11,CRUDEOIL,2023-10-19,7173.0,7253.0,7155.0,7195.0,7198.0,728,949
2023-09-11,CRUDEOIL,2023-11-17,0.0,0.0,0.0,7143.0,7179.0,0,9
2023-09-11,CRUDEOIL,2023-12-18,0.0,0.0,0.0,7089.0,7078.0,0,0
2023-09-11,CRUDEOILM,2023-09-19,7222.0,7297.0,7190.0,7243.0,7246.0,14696,11447
2023-09-11,CRUDEOILM,2023-10-19,7165.0,7246.0,7140.0,7189.0,7188.0,2419,3162
2023-09-11,CRUDEOILM,2023-11-17,7119.0,7184.0,7098.0,7141.0,7122.0,47,42
2023-09-11,CRUDEOILM,2023-12-18,0.0,0.0,0.0,7081.0,7072.0,0,0
2023-09-12,CRUDEOIL,2023-09-19,7254.0,7400.0,7254.0,7385.0,7248.0,24860,10150
2023-09-12,CRUDEOIL,2023-10-19,7225.0,7337.0,7208.0,7325.0,7195.0,1460,1331
2023-09-12,CRUDEOIL,2023-11-17,7200.0,7280.0,7200.0,7259.0,7143.0,6,13
2023-09-12,CRUDEOIL,2023-12-18,0.0,0.0,0.0,7205.0,7089.0,0,0
2023-09-12,CRUDEOILM,2023-09-19,7265.0,7391.0,7250.0,7377.0,7243.0,17854,12105
2023-09-12,CRUDEOILM,2023-10-19,7212.0,7324.0,7197.0,7312.0,7189.0,4192,4382
2023-09-12,CRUDEOILM,2023-11-17,7175.0,7273.0,7162.0,7252.0,7141.0,88,69
2023-09-12,CRUDEOILM,2023-12-18,0.0,0.0,0.0,7182.0,7081.0,0,0
2023-09-13,CRUDEOIL,2023-09-19,7372.0,7431.0,7327.0,7338.0,7385.0,23844,6721
2023-09-13,CRUDEOIL,2023-10-19,7317.0,7373.0,7280.0,7291.0,7325.0,3225,2073
2023-09-13,CRUDEOIL,2023-11-17,7281.0,7313.0,7255.0,7288.0,7259.0,8,16
2023-09-13,CRUDEOIL,2023-12-18,0.0,0.0,0.0,7197.0,7205.0,0,0
2023-09-13,CRUDEOILM,2023-09-19,7360.0,7427.0,7325.0,7334.0,7377.0,18589,10363
2023-09-13,CRUDEOILM,2023-10-19,7333.0,7358.0,7264.0,7276.0,7312.0,6805,5242
2023-09-13,CRUDEOILM,2023-11-17,7260.0,7305.0,7230.0,7238.0,7252.0,133,107
2023-09-13,CRUDEOILM,2023-12-18,0.0,0.0,0.0,7160.0,7182.0,0,0
2023-09-14,CRUDEOIL,2023-09-19,7369.0,7512.0,7364.0,7501.0,7338.0,23241,8004
2023-09-14,CRUDEOIL,2023-10-19,7338.0,7463.0,7315.0,7453.0,7291.0,5365,3956
2023-09-14,CRUDEOIL,2023-11-17,7291.0,7405.0,7287.0,7392.0,7288.0,26,26
2023-09-14,CRUDEOIL,2023-12-18,0.0,0.0,0.0,7357.0,7197.0,0,0
2023-09-14,CRUDEOILM,2023-09-19,7366.0,7510.0,7360.0,7498.0,7334.0,12290,9149
2023-09-14,CRUDEOILM,2023-10-19,7300.0,7445.0,7300.0,7435.0,7276.0,8629,7405
2023-09-14,CRUDEOILM,2023-11-17,7275.0,7389.0,7202.0,7373.0,7238.0,163,153
2023-09-14,CRUDEOILM,2023-12-18,0.0,0.0,0.0,7309.0,7160.0,0,0
2023-09-15,CRUDEOIL,2023-09-19,7544.0,7568.0,7417.0,7531.0,7501.0,20026,4788
2023-09-15,CRUDEOIL,2023-10-19,7502.0,7518.0,7376.0,7473.0,7453.0,11093,4241
2023-09-15,CRUDEOIL,2023-11-17,7445.0,7470.0,7330.0,7401.0,7392.0,37,33
2023-09-15,CRUDEOIL,2023-12-18,0.0,0.0,0.0,7357.0,7357.0,0,0
2023-09-15,CRUDEOILM,2023-09-19,7530.0,7566.0,7416.0,7534.0,7498.0,16224,6585
2023-09-15,CRUDEOILM,2023-10-19,7477.0,7501.0,7357.0,7459.0,7435.0,12138,9600
2023-09-15,CRUDEOILM,2023-11-17,7413.0,7480.0,7306.0,7407.0,7373.0,462,328
2023-09-15,CRUDEOILM,2023-12-18,0.0,0.0,0.0,7309.0,7309.0,0,0
2023-09-18,CRUDEOIL,2023-09-19,7570.0,7675.0,7551.0,7571.0,7531.0,10488,2658
2023-09-18,CRUDEOIL,2023-10-19,7511.0,7605.0,7486.0,7503.0,7473.0,13756,6570
2023-09-18,CRUDEOIL,2023-11-17,7460.0,7534.0,7415.0,7434.0,7401.0,85,66
2023-09-18,CRUDEOIL,2023-12-18,0.0,0.0,0.0,7367.0,7357.0,0,0
2023-09-18,CRUDEOILM,2023-09-19,7574.0,7674.0,7553.0,7570.0,7534.0,10147,3844
2023-09-18,CRUDEOILM,2023-10-19,7495.0,7593.0,7473.0,7493.0,7459.0,20537,13784
2023-09-18,CRUDEOILM,2023-11-17,7444.0,7524.0,7410.0,7432.0,7407.0,439,373
2023-09-18,CRUDEOILM,2023-12-18,0.0,0.0,0.0,7339.0,7309.0,0,0
2023-09-19,CRUDEOIL,2023-09-19,7672.0,7796.0,7595.0,7589.0,7571.0,3331,809
2023-09-19,CRUDEOIL,2023-10-19,7539.0,7692.0,7531.0,7546.0,7503.0,15489,7883
2023-09-19,CRUDEOIL,2023-11-17,7504.0,7574.0,7440.0,7462.0,7434.0,255,121
2023-09-19,CRUDEOIL,2023-12-18,0.0,0.0,0.0,7372.0,7367.0,0,0
2023-09-19,CRUDEOILM,2023-09-19,7595.0,7797.0,7595.0,7589.0,7570.0,5658,1552
2023-09-19,CRUDEOILM,2023-10-19,7566.0,7678.0,7521.0,7540.0,7493.0,21491,15768
2023-09-19,CRUDEOILM,2023-11-17,7470.0,7588.0,7439.0,7452.0,7432.0,841,444
2023-09-19,CRUDEOILM,2023-12-18,0.0,0.0,0.0,7357.0,7339.0,0,0
2023-09-20,CRUDEOIL,2023-10-19,7512.0,7559.0,7404.0,7475.0,7546.0,25710,7364
2023-09-20,CRUDEOIL,2023-11-17,7404.0,7469.0,7335.0,7394.0,7462.0,519,237
2023-09-20,CRUDEOIL,2023-12-18,0.0,0.0,0.0,7307.0,7372.0,0,0
2023-09-20,CRUDEOILM,2023-10-19,7484.0,7549.0,7394.0,7472.0,7540.0,29925,14729
2023-09-20,CRUDEOILM,2023-11-17,7381.0,7460.0,7321.0,7390.0,7452.0,1173,550
2023-09-20,CRUDEOILM,2023-12-18,0.0,0.0,0.0,7302.0,7357.0,0,0
2023-09-21,CRUDEOIL,2023-10-19,7408.0,7570.0,7353.0,7483.0,7475.0,23401,6807
2023-09-21,CRUDEOIL,2023-11-17,7313.0,7470.0,7286.0,7396.0,7394.0,554,268
2023-09-21,CRUDEOIL,2023-12-18,0.0,0.0,0.0,7303.0,7307.0,0,0
2023-09-21,CRUDEOILM,2023-10-19,7443.0,7557.0,7349.0,7476.0,7472.0,31164,14349
2023-09-21,CRUDEOILM,2023-11-17,7351.0,7462.0,7277.0,7393.0,7390.0,1084,564
2023-09-21,CRUDEOILM,2023-12-18,0.0,0.0,0.0,7304.0,7302.0,0,0
2023-09-22,CRUDEOIL,2023-10-19,7494.0,7580.0,7420.0,7473.0,7483.0,22857,6829
2023-09-22,CRUDEOIL,2023-11-17,7394.0,7474.0,7323.0,7368.0,7396.0,567,469
2023-09-22,CRUDEOIL,2023-12-18,0.0,0.0,0.0,7255.0,7303.0,0,0
2023-09-22,CRUDEOILM,2023-10-19,7490.0,7572.0,7412.0,7464.0,7476.0,25843,13857
2023-09-22,CRUDEOILM,2023-11-17,7403.0,7467.0,7325.0,7364.0,7393.0,1300,731
2023-09-22,CRUDEOILM,2023-12-18,0.0,0.0,0.0,7257.0,7304.0,0,0
2023-09-25,CRUDEOIL,2023-10-19,7498.0,7552.0,7412.0,7469.0,7473.0,22032,6743
2023-09-25,CRUDEOIL,2023-11-17,7378.0,7455.0,7321.0,7376.0,7368.0,789,668
2023-09-25,CRUDEOIL,2023-12-18,0.0,0.0,0.0,7276.0,7255.0,0,0
2023-09-25,CRUDEOILM,2023-10-19,7483.0,7543.0,7407.0,7461.0,7464.0,26234,13804
2023-09-25,CRUDEOILM,2023-11-17,7380.0,7435.0,7320.0,7368.0,7364.0,1333,719
2023-09-25,CRUDEOILM,2023-12-18,0.0,0.0,0.0,7268.0,7257.0,0,0
2023-09-26,CRUDEOIL,2023-10-19,7453.0,7557.0,7352.0,7543.0,7469.0,22263,7755
2023-09-26,CRUDEOIL,2023-11-17,7355.0,7449.0,7260.0,7434.0,7376.0,495,697
2023-09-26,CRUDEOIL,2023-12-18,0.0,0.0,0.0,7317.0,7276.0,0,0
2023-09-26,CRUDEOILM,2023-10-19,7443.0,7549.0,7347.0,7535.0,7461.0,25480,15021
2023-09-26,CRUDEOILM,2023-11-17,7346.0,7441.0,7262.0,7420.0,7368.0,1493,745
2023-09-26,CRUDEOILM,2023-12-18,7444.0,7444.0,7200.0,7348.0,7268.0,3,1
2023-09-27,CRUDEOIL,2023-10-19,7568.0,7822.0,7568.0,7792.0,7543.0,33431,11350
2023-09-27,CRUDEOIL,2023-11-17,7490.0,7660.0,7463.0,7632.0,7434.0,988,837
2023-09-27,CRUDEOIL,2023-12-18,0.0,0.0,0.0,7460.0,7317.0,0,0
2023-09-27,CRUDEOILM,2023-10-19,7577.0,7811.0,7563.0,7780.0,7535.0,32656,17912
2023-09-27,CRUDEOILM,2023-11-17,7445.0,7650.0,7445.0,7619.0,7420.0,2719,1011
2023-09-27,CRUDEOILM,2023-12-18,0.0,0.0,0.0,7446.0,7348.0,0,1
2023-09-28,CRUDEOIL,2023-10-19,7857.0,7884.0,7613.0,7623.0,7792.0,27806,7682
2023-09-28,CRUDEOIL,2023-11-17,7692.0,7695.0,7475.0,7487.0,7632.0,1274,1413
2023-09-28,CRUDEOIL,2023-12-18,0.0,0.0,0.0,7341.0,7460.0,0,0
2023-09-28,CRUDEOILM,2023-10-19,7795.0,7874.0,7609.0,7621.0,7780.0,28016,14500
2023-09-28,CRUDEOILM,2023-11-17,7682.0,7686.0,7468.0,7480.0,7619.0,1882,1088
2023-09-28,CRUDEOILM,2023-12-18,0.0,0.0,0.0,7329.0,7446.0,0,1
2023-09-29,CRUDEOIL,2023-10-19,7650.0,7736.0,7523.0,7542.0,7623.0,24107,7036
2023-09-29,CRUDEOIL,2023-11-17,7510.0,7588.0,7397.0,7413.0,7487.0,642,1437
2023-09-29,CRUDEOIL,2023-12-18,0.0,0.0,0.0,7275.0,7341.0,0,0
2023-09-29,CRUDEOILM,2023-10-19,7750.0,7750.0,7518.0,7540.0,7621.0,26776,12804
2023-09-29,CRUDEOILM,2023-11-17,7549.0,7582.0,7400.0,7415.0,7480.0,1681,1039
2023-09-29,CRUDEOILM,2023-12-18,0.0,0.0,0.0,7281.0,7329.0,0,1
2023-10-03,CRUDEOIL,2023-10-19,7506.0,7517.0,7325.0,7448.0,7542.0,32526,6284
2023-10-03,CRUDEOIL,2023-11-17,7231.0,7368.0,7205.0,7317.0,7413.0,1600,1518
2023-10-03,CRUDEOIL,2023-12-18,7200.0,7200.0,7181.0,7190.0,7275.0,3,1
2023-10-03,CRUDEOILM,2023-10-19,7515.0,7515.0,7321.0,7445.0,7540.0,28429,10647
2023-10-03,CRUDEOILM,2023-11-17,7318.0,7365.0,7206.0,7309.0,7415.0,2005,902
2023-10-03,CRUDEOILM,2023-12-18,7269.0,7269.0,7172.0,7196.0,7281.0,14,9
2023-10-04,CRUDEOIL,2023-10-19,7429.0,7437.0,7032.0,7064.0,7448.0,42062,12469
2023-10-04,CRUDEOIL,2023-11-17,7296.0,7303.0,6924.0,6955.0,7317.0,1236,1687
2023-10-04,CRUDEOIL,2023-12-18,7170.0,7170.0,6903.0,6981.0,7190.0,5,4
2023-10-04,CRUDEOILM,2023-10-19,7431.0,7433.0,7025.0,7061.0,7445.0,34957,10042
2023-10-04,CRUDEOILM,2023-11-17,7274.0,7300.0,6930.0,6960.0,7309.0,3354,1655
2023-10-04,CRUDEOILM,2023-12-18,7170.0,7177.0,6867.0,6903.0,7196.0,28,19
2023-10-05,CRUDEOIL,2023-10-19,7076.0,7090.0,6867.0,6920.0,7064.0,44638,12428
2023-10-05,CRUDEOIL,2023-11-17,6935.0,6965.0,6760.0,6813.0,6955.0,1347,1877
2023-10-05,CRUDEOIL,2023-12-18,6868.0,6868.0,6692.0,6737.0,6981.0,7,8
2023-10-05,CRUDEOILM,2023-10-19,7074.0,7085.0,6866.0,6920.0,7061.0,44554,8717
2023-10-05,CRUDEOILM,2023-11-17,6999.0,7001.0,6767.0,6823.0,6960.0,3947,2225
2023-10-05,CRUDEOILM,2023-12-18,6885.0,6902.0,6700.0,6720.0,6903.0,70,42
2023-10-06,CRUDEOIL,2023-10-19,6899.0,6937.0,6812.0,6875.0,6920.0,38064,11883
2023-10-06,CRUDEOIL,2023-11-17,6800.0,6831.0,6719.0,6773.0,6813.0,1632,1613
2023-10-06,CRUDEOIL,2023-12-18,6701.0,6701.0,6651.0,6669.0,6737.0,4,9
2023-10-06,CRUDEOILM,2023-10-19,6903.0,6936.0,6810.0,6874.0,6920.0,35288,7796
2023-10-06,CRUDEOILM,2023-11-17,6800.0,6830.0,6724.0,6776.0,6823.0,3794,2646
2023-10-06,CRUDEOILM,2023-12-18,6729.0,6770.0,6666.0,6709.0,6720.0,37,50
2023-10-09,CRUDEOIL,2023-10-19,7047.0,7237.0,7047.0,7184.0,6875.0,38632,8896
2023-10-09,CRUDEOIL,2023-11-17,7001.0,7106.0,6961.0,7056.0,6773.0,1478,1481
2023-10-09,CRUDEOIL,2023-12-18,6935.0,6998.0,6935.0,6964.0,6669.0,7,11
2023-10-09,CRUDEOILM,2023-10-19,6988.0,7239.0,6988.0,7175.0,6874.0,32634,6913
2023-10-09,CRUDEOILM,2023-11-17,6900.0,7100.0,6900.0,7056.0,6776.0,4696,2151
2023-10-09,CRUDEOILM,2023-12-18,6950.0,7002.0,6886.0,6978.0,6709.0,130,73
2023-10-10,CRUDEOIL,2023-10-19,7190.0,7228.0,7101.0,7161.0,7184.0,28192,8871
2023-10-10,CRUDEOIL,2023-11-17,7052.0,7096.0,6973.0,7025.0,7056.0,1416,1506
2023-10-10,CRUDEOIL,2023-12-18,6962.0,6962.0,6912.0,6933.0,6964.0,30,23
2023-10-10,CRUDEOIL,2024-01-19,0.0,0.0,0.0,6729.0,6820.0,0,0
2023-10-10,CRUDEOIL,2024-02-16,0.0,0.0,0.0,6598.0,6745.0,0,0
2023-10-10,CRUDEOILM,2023-10-19,7165.0,7225.0,7095.0,7160.0,7175.0,24700,6656
2023-10-10,CRUDEOILM,2023-11-17,7073.0,7096.0,6971.0,7032.0,7056.0,2953,2369
2023-10-10,CRUDEOILM,2023-12-18,6957.0,6995.0,6910.0,6973.0,6978.0,101,91
2023-10-10,CRUDEOILM,2024-01-19,0.0,0.0,0.0,6753.0,6820.0,0,0
2023-10-10,CRUDEOILM,2024-02-16,0.0,0.0,0.0,6630.0,6745.0,0,0
2023-10-11,CRUDEOIL,2023-10-19,7179.0,7208.0,6932.0,7017.0,7161.0,37363,9200
2023-10-11,CRUDEOIL,2023-11-17,7051.0,7075.0,6826.0,6912.0,7025.0,2135,1664
2023-10-11,CRUDEOIL,2023-12-18,6951.0,6973.0,6771.0,6856.0,6933.0,27,33
2023-10-11,CRUDEOIL,2024-01-19,0.0,0.0,0.0,6683.0,6729.0,0,0
2023-10-11,CRUDEOIL,2024-02-16,0.0,0.0,0.0,6582.0,6598.0,0,0
2023-10-11,CRUDEOILM,2023-10-19,7195.0,7205.0,6927.0,7012.0,7160.0,31064,6370
2023-10-11,CRUDEOILM,2023-11-17,7053.0,7075.0,6830.0,6911.0,7032.0,5344,3797
2023-10-11,CRUDEOILM,2023-12-18,6990.0,6990.0,6785.0,6861.0,6973.0,205,178
2023-10-11,CRUDEOILM,2024-01-19,0.0,0.0,0.0,6691.0,6753.0,0,0
2023-10-11,CRUDEOILM,2024-02-16,0.0,0.0,0.0,6594.0,6630.0,0,0
2023-10-12,CRUDEOIL,2023-10-19,6929.0,7101.0,6883.0,6896.0,7017.0,36852,9546
2023-10-12,CRUDEOIL,2023-11-17,6822.0,6994.0,6809.0,6818.0,6912.0,3087,2031
2023-10-12,CRUDEOIL,2023-12-18,6760.0,6913.0,6760.0,6838.0,6856.0,17,39
2023-10-12,CRUDEOIL,2024-01-19,0.0,0.0,0.0,6648.0,6683.0,0,0
2023-10-12,CRUDEOIL,2024-02-16,0.0,0.0,0.0,6573.0,6582.0,0,0
2023-10-12,CRUDEOILM,2023-10-19,6935.0,7099.0,6883.0,6897.0,7012.0,30754,5841
2023-10-12,CRUDEOILM,2023-11-17,6850.0,6995.0,6812.0,6822.0,6911.0,7763,4043
2023-10-12,CRUDEOILM,2023-12-18,6806.0,6921.0,6750.0,6761.0,6861.0,408,238
2023-10-12,CRUDEOILM,2024-01-19,0.0,0.0,0.0,6659.0,6691.0,0,0
2023-10-12,CRUDEOILM,2024-02-16,0.0,0.0,0.0,6586.0,6594.0,0,0
2023-10-13,CRUDEOIL,2023-10-19,6968.0,7278.0,6962.0,7259.0,6896.0,40456,5356
2023-10-13,CRUDEOIL,2023-11-17,6882.0,7181.0,6872.0,7162.0,6818.0,5618,1596
2023-10-13,CRUDEOIL,2023-12-18,6821.0,7105.0,6817.0,7083.0,6838.0,119,79
2023-10-13,CRUDEOIL,2024-01-19,0.0,0.0,0.0,6951.0,6648.0,0,0
2023-10-13,CRUDEOIL,2024-02-16,0.0,0.0,0.0,6857.0,6573.0,0,0
2023-10-13,CRUDEOILM,2023-10-19,6949.0,7276.0,6949.0,7257.0,6897.0,29993,3375
2023-10-13,CRUDEOILM,2023-11-17,6874.0,7177.0,6868.0,7159.0,6822.0,10331,2357
2023-10-13,CRUDEOILM,2023-12-18,6809.0,7100.0,6795.0,7078.0,6761.0,732,285
2023-10-13,CRUDEOILM,2024-01-19,0.0,0.0,0.0,6946.0,6659.0,0,0
2023-10-13,CRUDEOILM,2024-02-16,0.0,0.0,0.0,6851.0,6586.0,0,0
2023-10-16,CRUDEOIL,2023-10-19,7271.0,7374.0,7200.0,7239.0,7259.0,35023,4141
2023-10-16,CRUDEOIL,2023-11-17,7100.0,7255.0,7100.0,7138.0,7162.0,5003,2318
2023-10-16,CRUDEOIL,2023-12-18,7100.0,7125.0,7045.0,7081.0,7083.0,71,104
2023-10-16,CRUDEOIL,2024-01-19,0.0,0.0,0.0,6951.0,6951.0,0,0
2023-10-16,CRUDEOIL,2024-02-16,0.0,0.0,0.0,6857.0,6857.0,0,0
2023-10-16,CRUDEOILM,2023-10-19,7257.0,7356.0,7193.0,7239.0,7257.0,17179,3051
2023-10-16,CRUDEOILM,2023-11-17,7219.0,7249.0,7095.0,7133.0,7159.0,8486,3342
2023-10-16,CRUDEOILM,2023-12-18,7078.0,7160.0,7048.0,7106.0,7078.0,218,317
2023-10-16,CRUDEOILM,2024-01-19,0.0,0.0,0.0,6946.0,6946.0,0,0
2023-10-16,CRUDEOILM,2024-02-16,0.0,0.0,0.0,6851.0,6851.0,0,0
2023-10-17,CRUDEOIL,2023-10-19,7201.0,7528.0,7132.0,7192.0,7192.0,23552,4000
2023-10-17,CRUDEOIL,2023-11-17,7138.0,7180.0,7044.0,7095.0,7138.0,8033,2700
2023-10-17,CRUDEOIL,2023-12-18,7052.0,7091.0,6990.0,7081.0,7081.0,58,114
2023-10-17,CRUDEOIL,2024-01-19,0.0,0.0,0.0,6918.0,6918.0,0,0
2023-10-17,CRUDEOIL,2024-02-16,0.0,0.0,0.0,6821.0,6821.0,0,0
2023-10-17,CRUDEOILM,2023-10-19,7260.0,7284.0,7130.0,7190.0,7239.0,12968,2173
2023-10-17,CRUDEOILM,2023-11-17,7033.0,7180.0,7033.0,7095.0,7133.0,8403,3728
2023-10-17,CRUDEOILM,2023-12-18,7050.0,7094.0,7001.0,7048.0,7106.0,361,333
2023-10-17,CRUDEOILM,2024-01-19,0.0,0.0,0.0,6902.0,6902.0,0,0
2023-10-17,CRUDEOILM,2024-02-16,0.0,0.0,0.0,6800.0,6800.0,0,0
2023-10-18,CRUDEOIL,2023-10-19,7326.0,7500.0,7255.0,7365.0,7192.0,10111,812
2023-10-18,CRUDEOIL,2023-11-17,7245.0,7380.0,7191.0,7275.0,7095.0,16661,2744
2023-10-18,CRUDEOIL,2023-12-18,7184.0,7298.0,7120.0,7213.0,7081.0,288,120
2023-10-18,CRUDEOIL,2024-01-19,0.0,0.0,0.0,6884.0,6884.0,0,0
2023-10-18,CRUDEOIL,2024-02-16,0.0,0.0,0.0,6790.0,6790.0,0,0
2023-10-18,CRUDEOILM,2023-10-19,7225.0,7483.0,7225.0,7357.0,7190.0,9065,1473
2023-10-18,CRUDEOILM,2023-11-17,7155.0,7375.0,7155.0,7269.0,7095.0,18878,3561
2023-10-18,CRUDEOILM,2023-12-18,7050.0,7280.0,7050.0,7203.0,7048.0,864,376
2023-10-18,CRUDEOILM,2024-01-19,7161.0,7161.0,7160.0,7161.0,6888.0,2,2
2023-10-18,CRUDEOILM,2024-02-16,0.0,0.0,0.0,6796.0,6796.0,0,0
2023-10-19,CRUDEOIL,2023-10-19,7337.0,7449.0,7221.0,7427.0,7365.0,1948,260
2023-10-19,CRUDEOIL,2023-11-17,7245.0,7344.0,7128.0,7330.0,7275.0,15020,3245
2023-10-19,CRUDEOIL,2023-12-18,7173.0,7261.0,7060.0,7246.0,7213.0,307,131
2023-10-19,CRUDEOIL,2024-01-19,0.0,0.0,0.0,7079.0,7079.0,0,0
2023-10-19,CRUDEOIL,2024-02-16,0.0,0.0,0.0,6992.0,6992.0,0,0
2023-10-19,CRUDEOILM,2023-10-19,7332.0,7467.0,7225.0,7433.0,7357.0,3026,850
2023-10-19,CRUDEOILM,2023-11-17,7251.0,7337.0,7130.0,7322.0,7269.0,19891,4698
2023-10-19,CRUDEOILM,2023-12-18,7185.0,7249.0,7073.0,7234.0,7203.0,1026,461
2023-10-19,CRUDEOILM,2024-01-19,0.0,0.0,0.0,7161.0,7161.0,0,2
2023-10-19,CRUDEOILM,2024-02-16,0.0,0.0,0.0,6992.0,6992.0,0,0
2023-10-20,CRUDEOIL,2023-11-17,7388.0,7474.0,7317.0,7366.0,7330.0,16986,3700
2023-10-20,CRUDEOIL,2023-12-18,7326.0,7375.0,7237.0,7285.0,7246.0,308,147
2023-10-20,CRUDEOIL,2024-01-19,0.0,0.0,0.0,7119.0,7119.0,0,0
2023-10-20,CRUDEOIL,2024-02-16,0.0,0.0,0.0,7025.0,7025.0,0,0
2023-10-20,CRUDEOILM,2023-11-17,7345.0,7464.0,7312.0,7364.0,7322.0,25091,4841
2023-10-20,CRUDEOILM,2023-12-18,7255.0,7365.0,7250.0,7301.0,7234.0,1240,626
2023-10-20,CRUDEOILM,2024-01-19,0.0,0.0,0.0,7080.0,7080.0,0,2
2023-10-20,CRUDEOILM,2024-02-16,0.0,0.0,0.0,6973.0,6973.0,0,0
2023-10-23,CRUDEOIL,2023-11-17,7275.0,7343.0,7103.0,7132.0,7366.0,21826,4225
2023-10-23,CRUDEOIL,2023-12-18,7197.0,7263.0,7049.0,7075.0,7285.0,564,260
2023-10-23,CRUDEOIL,2024-01-19,0.0,0.0,0.0,7201.0,7201.0,0,0
2023-10-23,CRUDEOIL,2024-02-16,0.0,0.0,0.0,7128.0,7128.0,0,0
2023-10-23,CRUDEOILM,2023-11-17,7302.0,7340.0,7105.0,7137.0,7364.0,26447,5101
2023-10-23,CRUDEOILM,2023-12-18,7227.0,7270.0,7052.0,7078.0,7301.0,1774,834
2023-10-23,CRUDEOILM,2024-01-19,7275.0,7275.0,7150.0,7183.0,7235.0,5,6
2023-10-23,CRUDEOILM,2024-02-16,0.0,0.0,0.0,7179.0,7179.0,0,0
2023-10-24,CRUDEOIL,2023-11-17,7154.0,7154.0,6900.0,6974.0,7132.0,18141,5370
2023-10-24,CRUDEOIL,2023-12-18,7077.0,7082.0,6870.0,6938.0,7075.0,587,339
2023-10-24,CRUDEOIL,2024-01-19,0.0,0.0,0.0,7016.0,7016.0,0,0
2023-10-24,CRUDEOIL,2024-02-16,0.0,0.0,0.0,6964.0,6964.0,0,0
2023-10-24,CRUDEOILM,2023-11-17,7200.0,7200.0,6905.0,6978.0,7137.0,24067,6172
2023-10-24,CRUDEOILM,2023-12-18,7088.0,7090.0,6885.0,6950.0,7078.0,1463,1121
2023-10-24,CRUDEOILM,2024-01-19,7092.0,7092.0,6946.0,6956.0,7183.0,17,14
2023-10-24,CRUDEOILM,2024-02-16,0.0,0.0,0.0,6963.0,6963.0,0,0
2023-10-25,CRUDEOIL,2023-11-17,6957.0,7117.0,6840.0,7078.0,6974.0,28354,4994
2023-10-25,CRUDEOIL,2023-12-18,6924.0,7070.0,6818.0,7039.0,6938.0,676,246
2023-10-25,CRUDEOIL,2024-01-19,0.0,0.0,0.0,6900.0,6900.0,0,0
2023-10-25,CRUDEOIL,2024-02-16,0.0,0.0,0.0,6868.0,6868.0,0,0
2023-10-25,CRUDEOILM,2023-11-17,6973.0,7113.0,6845.0,7080.0,6978.0,36569,5018
2023-10-25,CRUDEOILM,2023-12-18,6938.0,7070.0,6830.0,7039.0,6950.0,2399,1210
2023-10-25,CRUDEOILM,2024-01-19,6938.0,7022.0,6882.0,6961.0,6956.0,11,16
2023-10-25,CRUDEOILM,2024-02-16,0.0,0.0,0.0,6895.0,6895.0,0,0
2023-10-26,CRUDEOIL,2023-11-17,7095.0,7129.0,6887.0,6945.0,7078.0,26539,5408
2023-10-26,CRUDEOIL,2023-12-18,7050.0,7084.0,6866.0,6909.0,7039.0,608,271
2023-10-26,CRUDEOIL,2024-01-19,0.0,0.0,0.0,6998.0,6998.0,0,0
2023-10-26,CRUDEOIL,2024-02-16,0.0,0.0,0.0,6963.0,6963.0,0,0
2023-10-26,CRUDEOILM,2023-11-17,7084.0,7127.0,6891.0,6949.0,7080.0,36203,5705
2023-10-26,CRUDEOILM,2023-12-18,7040.0,7083.0,6878.0,6922.0,7039.0,2221,1331
2023-10-26,CRUDEOILM,2024-01-19,7027.0,7068.0,6899.0,6973.0,6961.0,18,23
2023-10-26,CRUDEOILM,2024-02-16,0.0,0.0,0.0,6959.0,6959.0,0,0
2023-10-27,CRUDEOIL,2023-11-17,7031.0,7154.0,6932.0,7128.0,6945.0,32230,4013
2023-10-27,CRUDEOIL,2023-12-18,6978.0,7107.0,6906.0,7084.0,6909.0,1105,285
2023-10-27,CRUDEOIL,2024-01-19,0.0,0.0,0.0,6871.0,6871.0,0,0
2023-10-27,CRUDEOIL,2024-02-16,0.0,0.0,0.0,6839.0,6839.0,0,0
2023-10-27,CRUDEOILM,2023-11-17,7000.0,7155.0,6935.0,7123.0,6949.0,39491,4099
2023-10-27,CRUDEOILM,2023-12-18,6999.0,7097.0,6907.0,7072.0,6922.0,3319,1304
2023-10-27,CRUDEOILM,2024-01-19,7020.0,7048.0,6930.0,6986.0,6973.0,16,22
2023-10-27,CRUDEOILM,2024-02-16,0.0,0.0,0.0,6869.0,6869.0,0,0
2023-10-30,CRUDEOIL,2023-11-17,7051.0,7067.0,6831.0,6880.0,7128.0,33599,5986
2023-10-30,CRUDEOIL,2023-12-18,7002.0,7016.0,6808.0,6839.0,7084.0,1100,564
2023-10-30,CRUDEOIL,2024-01-19,0.0,0.0,0.0,7038.0,7038.0,0,0
2023-10-30,CRUDEOIL,2024-02-16,0.0,0.0,0.0,6998.0,6998.0,0,0
2023-10-30,CRUDEOILM,2023-11-17,7100.0,7100.0,6840.0,6887.0,7123.0,38553,7404
2023-10-30,CRUDEOILM,2023-12-18,7033.0,7033.0,6820.0,6858.0,7072.0,3202,2022
2023-10-30,CRUDEOILM,2024-01-19,6960.0,6970.0,6856.0,6901.0,6986.0,8,25
2023-10-30,CRUDEOILM,2024-02-16,0.0,0.0,0.0,6973.0,6973.0,0,0
2023-10-31,CRUDEOIL,2023-11-17,6970.0,6970.0,6770.0,6782.0,6880.0,24581,7070
2023-10-31,CRUDEOIL,2023-12-18,6854.0,6921.0,6757.0,6764.0,6839.0,765,588
2023-10-31,CRUDEOIL,2024-01-19,6797.0,6797.0,6797.0,6797.0,6796.0,1,1
2023-10-31,CRUDEOIL,2024-02-16,0.0,0.0,0.0,6759.0,6759.0,0,0
2023-10-31,CRUDEOILM,2023-11-17,6879.0,6957.0,6779.0,6791.0,6887.0,32729,8022
2023-10-31,CRUDEOILM,2023-12-18,6849.0,6928.0,6768.0,6777.0,6858.0,2593,2379
2023-10-31,CRUDEOILM,2024-01-19,6867.0,6923.0,6790.0,6845.0,6901.0,18,31
2023-10-31,CRUDEOILM,2024-02-16,0.0,0.0,0.0,6801.0,6801.0,0,0
2023-11-01,CRUDEOIL,2023-11-17,6782.0,6955.0,6736.0,6762.0,6782.0,27369,7287
2023-11-01,CRUDEOIL,2023-12-18,6764.0,6922.0,6732.0,6756.0,6764.0,1015,645
2023-11-01,CRUDEOIL,2024-01-19,6891.0,6891.0,6891.0,6891.0,6797.0,1,0
2023-11-01,CRUDEOIL,2024-02-16,0.0,0.0,0.0,6729.0,6729.0,0,0
2023-11-01,CRUDEOILM,2023-11-17,6798.0,6955.0,6746.0,6771.0,6791.0,33541,7484
2023-11-01,CRUDEOILM,2023-12-18,6777.0,6928.0,6715.0,6762.0,6777.0,2941,2592
2023-11-01,CRUDEOILM,2024-01-19,6783.0,6899.0,6779.0,6838.0,6845.0,18,36
2023-11-01,CRUDEOILM,2024-02-16,0.0,0.0,0.0,6749.0,6749.0,0,0
2023-11-02,CRUDEOIL,2023-11-17,6790.0,6904.0,6694.0,6892.0,6762.0,30396,5980
2023-11-02,CRUDEOIL,2023-12-18,6766.0,6888.0,6697.0,6880.0,6756.0,1548,643
2023-11-02,CRUDEOIL,2024-01-19,0.0,0.0,0.0,6891.0,6891.0,0,0
2023-11-02,CRUDEOIL,2024-02-16,0.0,0.0,0.0,6744.0,6744.0,0,0
2023-11-02,CRUDEOILM,2023-11-17,6804.0,6905.0,6703.0,6894.0,6771.0,36332,6324
2023-11-02,CRUDEOILM,2023-12-18,6782.0,6893.0,6707.0,6883.0,6762.0,3707,2569
2023-11-02,CRUDEOILM,2024-01-19,6790.0,6870.0,6724.0,6833.0,6838.0,38,43
2023-11-02,CRUDEOILM,2024-02-16,0.0,0.0,0.0,6744.0,6744.0,0,0
2023-11-03,CRUDEOIL,2023-11-17,6894.0,6964.0,6680.0,6696.0,6892.0,47124,9059
2023-11-03,CRUDEOIL,2023-12-18,6881.0,6944.0,6689.0,6702.0,6880.0,1916,1001
2023-11-03,CRUDEOIL,2024-01-19,6887.0,6887.0,6706.0,6797.0,6867.0,2,2
2023-11-03,CRUDEOIL,2024-02-16,0.0,0.0,0.0,6856.0,6856.0,0,0
2023-11-03,CRUDEOILM,2023-11-17,6902.0,6965.0,6680.0,6705.0,6894.0,53797,9145
2023-11-03,CRUDEOILM,2023-12-18,6883.0,6943.0,6700.0,6714.0,6883.0,4944,3513
2023-11-03,CRUDEOILM,2024-01-19,6874.0,6925.0,6711.0,6730.0,6833.0,52,59
2023-11-03,CRUDEOILM,2024-02-16,0.0,0.0,0.0,6861.0,6861.0,0,0
2023-11-06,CRUDEOIL,2023-11-17,6736.0,6849.0,6733.0,6826.0,6696.0,21295,6529
2023-11-06,CRUDEOIL,2023-12-18,6734.0,6842.0,6734.0,6828.0,6702.0,1571,905
2023-11-06,CRUDEOIL,2024-01-19,6760.0,6807.0,6760.0,6784.0,6797.0,2,3
2023-11-06,CRUDEOIL,2024-02-16,0.0,0.0,0.0,6713.0,6713.0,0,0
2023-11-06,CRUDEOILM,2023-11-17,6734.0,6855.0,6734.0,6829.0,6705.0,30890,6304
2023-11-06,CRUDEOILM,2023-12-18,6741.0,6850.0,6741.0,6834.0,6714.0,4952,3697
2023-11-06,CRUDEOILM,2024-01-19,6770.0,6842.0,6760.0,6828.0,6730.0,31,65
2023-11-06,CRUDEOILM,2024-02-16,0.0,0.0,0.0,6731.0,6731.0,0,0
2023-11-07,CRUDEOIL,2023-11-17,6730.0,6730.0,6479.0,6507.0,6826.0,31729,11357
2023-11-07,CRUDEOIL,2023-12-18,6729.0,6729.0,6504.0,6523.0,6828.0,3400,2235
2023-11-07,CRUDEOIL,2024-01-19,6689.0,6689.0,6540.0,6590.0,6784.0,8,8
2023-11-07,CRUDEOIL,2024-02-16,0.0,0.0,0.0,6831.0,6831.0,0,0
2023-11-07,CRUDEOILM,2023-11-17,6790.0,6790.0,6486.0,6512.0,6829.0,32277,10274
2023-11-07,CRUDEOILM,2023-12-18,6800.0,6800.0,6525.0,6539.0,6834.0,8411,7392
2023-11-07,CRUDEOILM,2024-01-19,6730.0,6757.0,6576.0,6586.0,6828.0,169,155
2023-11-07,CRUDEOILM,2024-02-16,0.0,0.0,0.0,6843.0,6843.0,0,0
2023-11-08,CRUDEOIL,2023-11-17,6463.0,6481.0,6263.0,6274.0,6507.0,29771,12768
2023-11-08,CRUDEOIL,2023-12-18,6482.0,6498.0,6300.0,6305.0,6523.0,3312,3275
2023-11-08,CRUDEOIL,2024-01-19,6534.0,6734.0,6350.0,6420.0,6590.0,16,17
2023-11-08,CRUDEOIL,2024-02-16,0.0,0.0,0.0,6553.0,6553.0,0,0
2023-11-08,CRUDEOILM,2023-11-17,6473.0,6483.0,6273.0,6283.0,6512.0,33623,11921
2023-11-08,CRUDEOILM,2023-12-18,6501.0,6528.0,6320.0,6329.0,6539.0,6629,9963
2023-11-08,CRUDEOILM,2024-01-19,6560.0,6564.0,6330.0,6392.0,6586.0,138,232
2023-11-08,CRUDEOILM,2024-02-16,0.0,0.0,0.0,6591.0,6591.0,0,0
2023-11-09,CRUDEOIL,2023-11-17,6319.0,6431.0,6283.0,6372.0,6274.0,25007,10213
2023-11-09,CRUDEOIL,2023-12-18,6344.0,6445.0,6301.0,6391.0,6305.0,2425,3496
2023-11-09,CRUDEOIL,2024-01-19,6346.0,6435.0,6333.0,6382.0,6420.0,11,21
2023-11-09,CRUDEOIL,2024-02-16,0.0,0.0,0.0,6365.0,6365.0,0,0
2023-11-09,CRUDEOILM,2023-11-17,6330.0,6436.0,6291.0,6375.0,6283.0,24458,10005
2023-11-09,CRUDEOILM,2023-12-18,6373.0,6458.0,6325.0,6404.0,6329.0,4897,9933
2023-11-09,CRUDEOILM,2024-01-19,6420.0,6484.0,6390.0,6435.0,6392.0,114,255
2023-11-09,CRUDEOILM,2024-02-16,0.0,0.0,0.0,6418.0,6418.0,0,0
2023-11-10,CRUDEOIL,2023-11-17,6350.0,6486.0,6330.0,6470.0,6372.0,17933,8866
2023-11-10,CRUDEOIL,2023-12-18,6360.0,6503.0,6350.0,6487.0,6391.0,2067,3557
2023-11-10,CRUDEOIL,2024-01-19,0.0,0.0,0.0,6382.0,6382.0,0,21
2023-11-10,CRUDEOIL,2024-02-16,0.0,0.0,0.0,6427.0,6427.0,0,0
2023-11-10,CRUDEOILM,2023-11-17,6349.0,6487.0,6335.0,6470.0,6375.0,16225,8574
2023-11-10,CRUDEOILM,2023-12-18,6500.0,6512.0,6367.0,6497.0,6404.0,4146,9328
2023-11-10,CRUDEOILM,2024-01-19,6429.0,6529.0,6420.0,6519.0,6435.0,90,260
2023-11-10,CRUDEOILM,2024-02-16,0.0,0.0,0.0,6460.0,6460.0,0,0
2023-11-13,CRUDEOIL,2023-11-17,6392.0,6538.0,6356.0,6523.0,6455.0,23713,5908
2023-11-13,CRUDEOIL,2023-12-18,6411.0,6558.0,6382.0,6541.0,6473.0,5992,5698
2023-11-13,CRUDEOIL,2024-01-19,6444.0,6545.0,6444.0,6491.0,6504.0,7,26
2023-11-13,CRUDEOIL,2024-02-16,0.0,0.0,0.0,6519.0,6519.0,0,0
2023-11-13,CRUDEOILM,2023-11-17,6396.0,6542.0,6359.0,6527.0,6457.0,16713,6997
2023-11-13,CRUDEOILM,2023-12-18,6413.0,6565.0,6400.0,6551.0,6492.0,6279,9391
2023-11-13,CRUDEOILM,2024-01-19,6431.0,6562.0,6431.0,6548.0,6504.0,174,246
2023-11-13,CRUDEOILM,2024-02-16,0.0,0.0,0.0,6549.0,6549.0,0,0
2023-11-14,CRUDEOIL,2023-11-17,6526.0,6616.0,6480.0,6508.0,6523.0,18141,5127
2023-11-14,CRUDEOIL,2023-12-18,6554.0,6629.0,6500.0,6525.0,6541.0,3681,5989
2023-11-14,CRUDEOIL,2024-01-19,6515.0,6614.0,6515.0,6575.0,6491.0,17,28
2023-11-14,CRUDEOIL,2024-02-16,0.0,0.0,0.0,6575.0,6575.0,0,0
2023-11-14,CRUDEOILM,2023-11-17,6531.0,6619.0,6483.0,6512.0,6527.0,12086,5873
2023-11-14,CRUDEOILM,2023-12-18,6540.0,6634.0,6512.0,6545.0,6551.0,5606,9535
2023-11-14,CRUDEOILM,2024-01-19,6561.0,6627.0,6530.0,6576.0,6548.0,259,271
2023-11-14,CRUDEOILM,2024-02-16,0.0,0.0,0.0,6597.0,6597.0,0,0
2023-11-15,CRUDEOIL,2023-11-17,6524.0,6548.0,6393.0,6424.0,6508.0,22689,3971
2023-11-15,CRUDEOIL,2023-12-18,6545.0,6570.0,6414.0,6450.0,6525.0,9082,8098
2023-11-15,CRUDEOIL,2024-01-19,6539.0,6539.0,6422.0,6449.0,6575.0,136,62
2023-11-15,CRUDEOIL,2024-02-16,0.0,0.0,0.0,6557.0,6557.0,0,0
2023-11-15,CRUDEOILM,2023-11-17,6460.0,6553.0,6395.0,6429.0,6512.0,14275,4935
2023-11-15,CRUDEOILM,2023-12-18,6555.0,6581.0,6430.0,6463.0,6545.0,9820,11673
2023-11-15,CRUDEOILM,2024-01-19,6574.0,6610.0,6470.0,6489.0,6576.0,230,314
2023-11-15,CRUDEOILM,2024-02-16,0.0,0.0,0.0,6608.0,6608.0,0,0
2023-11-16,CRUDEOIL,2023-11-17,6344.0,6378.0,6000.0,6026.0,6424.0,8329,4358
2023-11-16,CRUDEOIL,2023-12-18,6395.0,6416.0,6056.0,6072.0,6450.0,20381,14051
2023-11-16,CRUDEOIL,2024-01-19,6357.0,6408.0,6110.0,6125.0,6449.0,590,172
2023-11-16,CRUDEOIL,2024-02-16,0.0,0.0,0.0,6500.0,6500.0,0,0
2023-11-16,CRUDEOILM,2023-11-17,6349.0,6381.0,6012.0,6039.0,6429.0,12336,3705
2023-11-16,CRUDEOILM,2023-12-18,6422.0,6428.0,6075.0,6088.0,6463.0,27503,20355
2023-11-16,CRUDEOILM,2024-01-19,6531.0,6531.0,6130.0,6157.0,6489.0,1392,916
2023-11-16,CRUDEOILM,2024-02-16,0.0,0.0,0.0,6528.0,6528.0,0,0
2023-11-17,CRUDEOIL,2023-11-17,6113.0,6307.0,6070.0,6299.0,6026.0,4925,2126
2023-11-17,CRUDEOIL,2023-12-18,6122.0,6354.0,6108.0,6346.0,6072.0,21956,13420
2023-11-17,CRUDEOIL,2024-01-19,6178.0,6389.0,6152.0,6384.0,6125.0,348,163
2023-11-17,CRUDEOIL,2024-02-16,0.0,0.0,0.0,6161.0,6161.0,0,0
2023-11-17,CRUDEOILM,2023-11-17,6088.0,6330.0,6066.0,6291.0,6039.0,5774,1220
2023-11-17,CRUDEOILM,2023-12-18,6115.0,6358.0,6115.0,6352.0,6088.0,26312,16098
2023-11-17,CRUDEOILM,2024-01-19,6188.0,6403.0,6184.0,6398.0,6157.0,1331,808
2023-11-17,CRUDEOILM,2024-02-16,0.0,0.0,0.0,5428.0,5428.0,0,0
2023-11-20,CRUDEOIL,2023-12-18,6389.0,6548.0,6373.0,6543.0,6346.0,16758,11353
2023-11-20,CRUDEOIL,2024-01-19,6427.0,6555.0,6404.0,6550.0,6384.0,377,184
2023-11-20,CRUDEOIL,2024-02-16,0.0,0.0,0.0,6417.0,6417.0,0,0
2023-11-20,CRUDEOILM,2023-12-18,6365.0,6554.0,6365.0,6549.0,6352.0,26312,11691
2023-11-20,CRUDEOILM,2024-01-19,6410.0,6571.0,6410.0,6555.0,6398.0,1440,722
2023-11-20,CRUDEOILM,2024-02-16,6528.0,6558.0,6528.0,6543.0,6438.0,2,1
2023-11-21,CRUDEOIL,2023-12-18,6500.0,6500.0,6420.0,6468.0,6543.0,12485,11143
2023-11-21,CRUDEOIL,2024-01-19,6479.0,6519.0,6458.0,6497.0,6550.0,250,223
2023-11-21,CRUDEOIL,2024-02-16,0.0,0.0,0.0,6417.0,6417.0,0,0
2023-11-21,CRUDEOILM,2023-12-18,6537.0,6537.0,6425.0,6476.0,6549.0,21648,12333
2023-11-21,CRUDEOILM,2024-01-19,6521.0,6535.0,6465.0,6511.0,6555.0,914,769
2023-11-21,CRUDEOILM,2024-02-16,6496.0,6510.0,6496.0,6504.0,6543.0,6,5
2023-11-22,CRUDEOIL,2023-12-18,6471.0,6506.0,6170.0,6363.0,6468.0,36871,11531
2023-11-22,CRUDEOIL,2024-01-19,6506.0,6537.0,6220.0,6396.0,6497.0,1300,382
2023-11-22,CRUDEOIL,2024-02-16,6264.0,6264.0,6264.0,6264.0,6522.0,1,1
2023-11-22,CRUDEOILM,2023-12-18,6487.0,6513.0,6185.0,6369.0,6476.0,48279,14907
2023-11-22,CRUDEOILM,2024-01-19,6526.0,6549.0,6230.0,6402.0,6511.0,3715,1061
2023-11-22,CRUDEOILM,2024-02-16,6510.0,6510.0,6280.0,6379.0,6504.0,24,16
2023-11-23,CRUDEOIL,2023-12-18,6357.0,6408.0,6287.0,6374.0,6363.0,13660,11390
2023-11-23,CRUDEOIL,2024-01-19,6385.0,6440.0,6332.0,6418.0,6396.0,383,403
2023-11-23,CRUDEOIL,2024-02-16,0.0,0.0,0.0,6264.0,6264.0,0,1
2023-11-23,CRUDEOILM,2023-12-18,6338.0,6415.0,6292.0,6382.0,6369.0,22890,14093
2023-11-23,CRUDEOILM,2024-01-19,6389.0,6448.0,6338.0,6424.0,6402.0,1121,1035
2023-11-23,CRUDEOILM,2024-02-16,6466.0,6466.0,6377.0,6426.0,6379.0,8,15
2023-11-24,CRUDEOIL,2023-12-18,6382.0,6436.0,6330.0,6345.0,6374.0,12273,11434
2023-11-24,CRUDEOIL,2024-01-19,6426.0,6469.0,6380.0,6389.0,6418.0,469,423
2023-11-24,CRUDEOIL,2024-02-16,0.0,0.0,0.0,6456.0,6456.0,0,1
2023-11-24,CRUDEOILM,2023-12-18,6394.0,6443.0,6340.0,6353.0,6382.0,21345,13444
2023-11-24,CRUDEOILM,2024-01-19,6434.0,6471.0,6380.0,6396.0,6424.0,1406,1054
2023-11-24,CRUDEOILM,2024-02-16,6439.0,6439.0,6423.0,6432.0,6426.0,3,15
2023-11-27,CRUDEOIL,2023-12-18,6324.0,6367.0,6156.0,6267.0,6345.0,14327,11730
2023-11-27,CRUDEOIL,2024-01-19,6345.0,6410.0,6236.0,6309.0,6389.0,433,440
2023-11-27,CRUDEOIL,2024-02-16,6368.0,6368.0,6368.0,6368.0,6427.0,1,0
2023-11-27,CRUDEOILM,2023-12-18,6395.0,6395.0,6237.0,6273.0,6353.0,21099,14399
2023-11-27,CRUDEOILM,2024-01-19,6360.0,6420.0,6284.0,6327.0,6396.0,2105,1218
2023-11-27,CRUDEOILM,2024-02-16,6335.0,6377.0,6332.0,6352.0,6432.0,5,16
2023-11-28,CRUDEOIL,2023-12-18,6269.0,6432.0,6238.0,6413.0,6267.0,18555,11417
2023-11-28,CRUDEOIL,2024-01-19,6319.0,6461.0,6286.0,6443.0,6309.0,670,461
2023-11-28,CRUDEOIL,2024-02-16,6460.0,6470.0,6460.0,6465.0,6368.0,2,1
2023-11-28,CRUDEOILM,2023-12-18,6288.0,6434.0,6247.0,6416.0,6273.0,27184,12917
2023-11-28,CRUDEOILM,2024-01-19,6340.0,6466.0,6295.0,6450.0,6327.0,3136,1165
2023-11-28,CRUDEOILM,2024-02-16,6362.0,6485.0,6340.0,6473.0,6352.0,54,16
2023-11-29,CRUDEOIL,2023-12-18,6393.0,6505.0,6323.0,6488.0,6413.0,21866,11193
2023-11-29,CRUDEOIL,2024-01-19,6416.0,6539.0,6370.0,6524.0,6443.0,997,468
2023-11-29,CRUDEOIL,2024-02-16,6429.0,6521.0,6429.0,6475.0,6465.0,2,1
2023-11-29,CRUDEOILM,2023-12-18,6386.0,6512.0,6331.0,6493.0,6416.0,34112,12094
2023-11-29,CRUDEOILM,2024-01-19,6401.0,6542.0,6379.0,6520.0,6450.0,3059,1124
2023-11-29,CRUDEOILM,2024-02-16,6452.0,6561.0,6421.0,6546.0,6473.0,62,17
2023-11-30,CRUDEOIL,2023-12-18,6478.0,6644.0,6278.0,6407.0,6488.0,59314,10212
2023-11-30,CRUDEOIL,2024-01-19,6512.0,6666.0,6314.0,6436.0,6524.0,2266,683
2023-11-30,CRUDEOIL,2024-02-16,6436.0,6436.0,6400.0,6412.0,6475.0,3,3
2023-11-30,CRUDEOILM,2023-12-18,6503.0,6646.0,6289.0,6411.0,6493.0,65414,12020
2023-11-30,CRUDEOILM,2024-01-19,6513.0,6666.0,6329.0,6434.0,6520.0,5251,1583
2023-11-30,CRUDEOILM,2024-02-16,6544.0,6681.0,6371.0,6455.0,6546.0,85,23
2023-12-01,CRUDEOIL,2023-12-18,6330.0,6409.0,6210.0,6281.0,6407.0,23393,11825
2023-12-01,CRUDEOIL,2024-01-19,6366.0,6424.0,6270.0,6303.0,6436.0,811,823
2023-12-01,CRUDEOIL,2024-02-16,6425.0,6425.0,6425.0,6425.0,6412.0,1,4
2023-12-01,CRUDEOILM,2023-12-18,6349.0,6414.0,6225.0,6300.0,6411.0,33838,13249
2023-12-01,CRUDEOILM,2024-01-19,6380.0,6444.0,6285.0,6328.0,6434.0,2396,1887
2023-12-01,CRUDEOILM,2024-02-16,6405.0,6465.0,6351.0,6373.0,6455.0,69,31
2023-12-04,CRUDEOIL,2023-12-18,6166.0,6247.0,6080.0,6157.0,6281.0,31566,12634
2023-12-04,CRUDEOIL,2024-01-19,6202.0,6280.0,6133.0,6207.0,6303.0,1388,1119
2023-12-04,CRUDEOIL,2024-02-16,6171.0,6273.0,6171.0,6226.0,6425.0,3,7
2023-12-04,CRUDEOILM,2023-12-18,6215.0,6252.0,6088.0,6163.0,6300.0,40828,15730
2023-12-04,CRUDEOILM,2024-01-19,6260.0,6283.0,6144.0,6211.0,6328.0,4570,3024
2023-12-04,CRUDEOILM,2024-02-16,6304.0,6319.0,6225.0,6257.0,6373.0,34,44
2023-12-05,CRUDEOIL,2023-12-18,6127.0,6193.0,6044.0,6080.0,6157.0,29398,13592
2023-12-05,CRUDEOIL,2024-01-19,6168.0,6235.0,6095.0,6129.0,6207.0,2309,1427
2023-12-05,CRUDEOIL,2024-02-16,6209.0,6258.0,6160.0,6219.0,6226.0,6,9
2023-12-05,CRUDEOILM,2023-12-18,6139.0,6199.0,6051.0,6090.0,6163.0,38616,17924
2023-12-05,CRUDEOILM,2024-01-19,6194.0,6241.0,6108.0,6144.0,6211.0,5210,3678
2023-12-05,CRUDEOILM,2024-02-16,6244.0,6299.0,6173.0,6196.0,6257.0,113,99
2023-12-06,CRUDEOIL,2023-12-18,6058.0,6068.0,5784.0,5820.0,6080.0,37906,18223
2023-12-06,CRUDEOIL,2024-01-19,6109.0,6110.0,5850.0,5874.0,6129.0,2990,2718
2023-12-06,CRUDEOIL,2024-02-16,6150.0,6150.0,5906.0,5937.0,6219.0,37,44
2023-12-06,CRUDEOILM,2023-12-18,6055.0,6075.0,5791.0,5827.0,6090.0,40377,23024
2023-12-06,CRUDEOILM,2024-01-19,6135.0,6135.0,5865.0,5890.0,6144.0,8980,7524
2023-12-06,CRUDEOILM,2024-02-16,6183.0,6186.0,5949.0,5965.0,6196.0,390,356
2023-12-07,CRUDEOIL,2023-12-18,5847.0,5892.0,5755.0,5802.0,5820.0,22917,18664
2023-12-07,CRUDEOIL,2024-01-19,5895.0,5931.0,5812.0,5850.0,5874.0,2721,3589
2023-12-07,CRUDEOIL,2024-02-16,5948.0,5977.0,5882.0,5925.0,5937.0,21,62
2023-12-07,CRUDEOILM,2023-12-18,5843.0,5897.0,5764.0,5807.0,5827.0,28172,22608
2023-12-07,CRUDEOILM,2024-01-19,5904.0,5950.0,5826.0,5863.0,5890.0,4748,8443
2023-12-07,CRUDEOILM,2024-02-16,5969.0,6025.0,5909.0,5929.0,5965.0,276,459
2023-12-08,CRUDEOIL,2023-12-18,5840.0,5984.0,5840.0,5935.0,5802.0,26314,15375
2023-12-08,CRUDEOIL,2024-01-19,5932.0,6022.0,5913.0,5975.0,5850.0,2363,3613
2023-12-08,CRUDEOIL,2024-02-16,6017.0,6051.0,5995.0,6020.0,5925.0,10,60
2023-12-08,CRUDEOIL,2024-03-19,0.0,0.0,0.0,5864.0,5864.0,0,0
2023-12-08,CRUDEOILM,2023-12-18,5860.0,5988.0,5860.0,5939.0,5807.0,30037,19118
2023-12-08,CRUDEOILM,2024-01-19,5923.0,6028.0,5910.0,5985.0,5863.0,5849,7495
2023-12-08,CRUDEOILM,2024-02-16,6046.0,6090.0,5876.0,6036.0,5929.0,257,406
2023-12-08,CRUDEOILM,2024-03-19,0.0,0.0,0.0,5864.0,5864.0,0,0
2023-12-11,CRUDEOIL,2023-12-18,5975.0,5998.0,5876.0,5969.0,5935.0,23684,13682
2023-12-11,CRUDEOIL,2024-01-19,6011.0,6035.0,5928.0,6012.0,5975.0,3610,5077
2023-12-11,CRUDEOIL,2024-02-16,6068.0,6068.0,5990.0,6017.0,6020.0,14,61
2023-12-11,CRUDEOIL,2024-03-19,0.0,0.0,0.0,6050.0,6050.0,0,0
2023-12-11,CRUDEOIL,2024-04-19,0.0,0.0,0.0,5994.0,5994.0,0,0
2023-12-11,CRUDEOIL,2024-05-20,0.0,0.0,0.0,6004.0,6004.0,0,0
2023-12-11,CRUDEOILM,2023-12-18,5968.0,6034.0,5883.0,5979.0,5939.0,30686,17630
2023-12-11,CRUDEOILM,2024-01-19,5990.0,6039.0,5933.0,6019.0,5985.0,5121,7388
2023-12-11,CRUDEOILM,2024-02-16,6165.0,6166.0,5810.0,6079.0,6036.0,223,395
2023-12-11,CRUDEOILM,2024-03-19,0.0,0.0,0.0,6071.0,6071.0,0,0
2023-12-11,CRUDEOILM,2024-04-19,0.0,0.0,0.0,5994.0,5994.0,0,0
2023-12-11,CRUDEOILM,2024-05-20,0.0,0.0,0.0,6004.0,6004.0,0,0
2023-12-12,CRUDEOIL,2023-12-18,5979.0,6008.0,5706.0,5717.0,5969.0,32179,14949
2023-12-12,CRUDEOIL,2024-01-19,6030.0,6052.0,5756.0,5765.0,6012.0,5907,7283
2023-12-12,CRUDEOIL,2024-02-16,6070.0,6093.0,5803.0,5809.0,6017.0,224,182
2023-12-12,CRUDEOIL,2024-03-19,0.0,0.0,0.0,6092.0,6092.0,0,0
2023-12-12,CRUDEOIL,2024-04-19,0.0,0.0,0.0,6134.0,6134.0,0,0
2023-12-12,CRUDEOIL,2024-05-20,0.0,0.0,0.0,6175.0,6175.0,0,0
2023-12-12,CRUDEOILM,2023-12-18,5890.0,6010.0,5712.0,5723.0,5979.0,29996,17718
2023-12-12,CRUDEOILM,2024-01-19,5980.0,6061.0,5773.0,5780.0,6019.0,10217,11154
2023-12-12,CRUDEOILM,2024-02-16,6079.0,6106.0,5830.0,5839.0,6079.0,848,780
2023-12-12,CRUDEOILM,2024-03-19,0.0,0.0,0.0,6094.0,6094.0,0,0
2023-12-12,CRUDEOILM,2024-04-19,0.0,0.0,0.0,6132.0,6132.0,0,0
2023-12-12,CRUDEOILM,2024-05-20,0.0,0.0,0.0,6171.0,6171.0,0,0
2023-12-13,CRUDEOIL,2023-12-18,5729.0,5819.0,5658.0,5781.0,5717.0,28081,9963
2023-12-13,CRUDEOIL,2024-01-19,5767.0,5864.0,5709.0,5824.0,5765.0,8469,9843
2023-12-13,CRUDEOIL,2024-02-16,5841.0,5895.0,5765.0,5856.0,5809.0,114,225
2023-12-13,CRUDEOIL,2024-03-19,0.0,0.0,0.0,5855.0,5855.0,0,0
2023-12-13,CRUDEOIL,2024-04-19,0.0,0.0,0.0,5901.0,5901.0,0,0
2023-12-13,CRUDEOIL,2024-05-20,0.0,0.0,0.0,5948.0,5948.0,0,0
2023-12-13,CRUDEOILM,2023-12-18,5738.0,5819.0,5660.0,5780.0,5723.0,31083,10741
2023-12-13,CRUDEOILM,2024-01-19,5782.0,5875.0,5718.0,5831.0,5780.0,17073,16369
2023-12-13,CRUDEOILM,2024-02-16,5947.0,5948.0,5790.0,5889.0,5839.0,572,874
2023-12-13,CRUDEOILM,2024-03-19,0.0,0.0,0.0,5886.0,5886.0,0,0
2023-12-13,CRUDEOILM,2024-04-19,0.0,0.0,0.0,5942.0,5942.0,0,0
2023-12-13,CRUDEOILM,2024-05-20,0.0,0.0,0.0,5997.0,5997.0,0,0
2023-12-14,CRUDEOIL,2023-12-18,5813.0,6027.0,5797.0,6017.0,5781.0,33965,6851
2023-12-14,CRUDEOIL,2024-01-19,5844.0,6081.0,5841.0,6069.0,5824.0,12253,10986
2023-12-14,CRUDEOIL,2024-02-16,5866.0,6103.0,5866.0,6093.0,5856.0,181,215
2023-12-14,CRUDEOIL,2024-03-19,0.0,0.0,0.0,5904.0,5904.0,0,0
2023-12-14,CRUDEOIL,2024-04-19,0.0,0.0,0.0,5946.0,5946.0,0,0
2023-12-14,CRUDEOIL,2024-05-20,0.0,0.0,0.0,5987.0,5987.0,0,0
2023-12-14,CRUDEOILM,2023-12-18,5786.0,6034.0,5781.0,6016.0,5780.0,19371,7609
2023-12-14,CRUDEOILM,2024-01-19,5850.0,6088.0,5850.0,6075.0,5831.0,14042,14452
2023-12-14,CRUDEOILM,2024-02-16,5906.0,6119.0,5880.0,6104.0,5889.0,810,683
2023-12-14,CRUDEOILM,2024-03-19,0.0,0.0,0.0,5926.0,5926.0,0,0
2023-12-14,CRUDEOILM,2024-04-19,0.0,0.0,0.0,5976.0,5976.0,0,0
2023-12-14,CRUDEOILM,2024-05-20,0.0,0.0,0.0,6025.0,6025.0,0,0
2023-12-15,CRUDEOIL,2023-12-18,6004.0,6004.0,5839.0,5952.0,6017.0,10801,5933
2023-12-15,CRUDEOIL,2024-01-19,6056.0,6058.0,5896.0,6010.0,6069.0,16123,12659
2023-12-15,CRUDEOIL,2024-02-16,6098.0,6099.0,5964.0,6063.0,6093.0,191,257
2023-12-15,CRUDEOIL,2024-03-19,0.0,0.0,0.0,6166.0,6166.0,0,0
2023-12-15,CRUDEOIL,2024-04-19,0.0,0.0,0.0,6216.0,6216.0,0,0
2023-12-15,CRUDEOIL,2024-05-20,0.0,0.0,0.0,6267.0,6267.0,0,0
2023-12-15,CRUDEOILM,2023-12-18,6004.0,6004.0,5837.0,5949.0,6016.0,14515,5750
2023-12-15,CRUDEOILM,2024-01-19,6064.0,6067.0,5910.0,6019.0,6075.0,17356,16509
2023-12-15,CRUDEOILM,2024-02-16,6086.0,6115.0,5980.0,6070.0,6104.0,933,796
2023-12-15,CRUDEOILM,2024-03-19,0.0,0.0,0.0,6185.0,6185.0,0,0
2023-12-15,CRUDEOILM,2024-04-19,0.0,0.0,0.0,6242.0,6242.0,0,0
2023-12-15,CRUDEOILM,2024-05-20,0.0,0.0,0.0,6299.0,6299.0,0,0
2023-12-18,CRUDEOIL,2023-12-18,5839.0,6155.0,5839.0,6076.0,5952.0,8757,3692
2023-12-18,CRUDEOIL,2024-01-19,6037.0,6222.0,5885.0,6137.0,6010.0,26271,13402
2023-12-18,CRUDEOIL,2024-02-16,6073.0,6245.0,5975.0,6163.0,6063.0,666,369
2023-12-18,CRUDEOIL,2024-03-19,0.0,0.0,0.0,6118.0,6118.0,0,0
2023-12-18,CRUDEOIL,2024-04-19,0.0,0.0,0.0,6174.0,6174.0,0,0
2023-12-18,CRUDEOIL,2024-05-20,0.0,0.0,0.0,6231.0,6231.0,0,0
2023-12-18,CRUDEOILM,2023-12-18,5878.0,6152.0,5821.0,6072.0,5949.0,9815,1904
2023-12-18,CRUDEOILM,2024-01-19,5950.0,6229.0,5930.0,6148.0,6019.0,35990,15746
2023-12-18,CRUDEOILM,2024-02-16,6124.0,6260.0,5995.0,6180.0,6070.0,2043,961
2023-12-18,CRUDEOILM,2024-03-19,0.0,0.0,0.0,6150.0,6150.0,0,0
2023-12-18,CRUDEOILM,2024-04-19,0.0,0.0,0.0,6218.0,6218.0,0,0
2023-12-18,CRUDEOILM,2024-05-20,0.0,0.0,0.0,6285.0,6285.0,0,0
2023-12-19,CRUDEOIL,2024-01-19,6095.0,6204.0,6025.0,6167.0,6137.0,18495,13449
2023-12-19,CRUDEOIL,2024-02-16,6112.0,6230.0,6068.0,6202.0,6163.0,610,384
2023-12-19,CRUDEOIL,2024-03-19,0.0,0.0,0.0,6192.0,6192.0,0,0
2023-12-19,CRUDEOIL,2024-04-19,0.0,0.0,0.0,6221.0,6221.0,0,0
2023-12-19,CRUDEOIL,2024-05-20,0.0,0.0,0.0,6250.0,6250.0,0,0
2023-12-19,CRUDEOIL,2024-06-18,0.0,0.0,0.0,6203.0,6203.0,0,0
2023-12-19,CRUDEOILM,2024-01-19,6120.0,6213.0,6034.0,6173.0,6148.0,29359,15786
2023-12-19,CRUDEOILM,2024-02-16,6121.0,6249.0,6087.0,6210.0,6180.0,1469,998
2023-12-19,CRUDEOILM,2024-03-19,6301.0,6306.0,6140.0,6234.0,6216.0,23,4
2023-12-19,CRUDEOILM,2024-04-19,0.0,0.0,0.0,6252.0,6252.0,0,0
2023-12-19,CRUDEOILM,2024-05-20,0.0,0.0,0.0,6287.0,6287.0,0,0
2023-12-19,CRUDEOILM,2024-06-18,0.0,0.0,0.0,6203.0,6203.0,0,0
2023-12-20,CRUDEOIL,2024-01-19,6167.0,6289.0,6160.0,6174.0,6167.0,18634,12802
2023-12-20,CRUDEOIL,2024-02-16,6214.0,6306.0,6196.0,6202.0,6202.0,397,385
2023-12-20,CRUDEOIL,2024-03-19,0.0,0.0,0.0,6242.0,6242.0,0,0
2023-12-20,CRUDEOIL,2024-04-19,0.0,0.0,0.0,6280.0,6280.0,0,0
2023-12-20,CRUDEOIL,2024-05-20,0.0,0.0,0.0,6319.0,6319.0,0,0
2023-12-20,CRUDEOIL,2024-06-18,0.0,0.0,0.0,6355.0,6355.0,0,0
2023-12-20,CRUDEOILM,2024-01-19,6183.0,6294.0,6160.0,6180.0,6173.0,27333,14097
2023-12-20,CRUDEOILM,2024-02-16,6208.0,6316.0,6208.0,6222.0,6210.0,1583,1004
2023-12-20,CRUDEOILM,2024-03-19,6270.0,6334.0,6265.0,6285.0,6234.0,8,4
2023-12-20,CRUDEOILM,2024-04-19,0.0,0.0,0.0,6293.0,6293.0,0,0
2023-12-20,CRUDEOILM,2024-05-20,0.0,0.0,0.0,6334.0,6334.0,0,0
2023-12-20,CRUDEOILM,2024-06-18,0.0,0.0,0.0,6372.0,6372.0,0,0
2023-12-21,CRUDEOIL,2024-01-19,6177.0,6224.0,6053.0,6134.0,6174.0,23014,11988
2023-12-21,CRUDEOIL,2024-02-16,6195.0,6250.0,6096.0,6163.0,6202.0,456,345
2023-12-21,CRUDEOIL,2024-03-19,0.0,0.0,0.0,6234.0,6234.0,0,0
2023-12-21,CRUDEOIL,2024-04-19,0.0,0.0,0.0,6265.0,6265.0,0,0
2023-12-21,CRUDEOIL,2024-05-20,0.0,0.0,0.0,6296.0,6296.0,0,0
2023-12-21,CRUDEOIL,2024-06-18,0.0,0.0,0.0,6325.0,6325.0,0,0
2023-12-21,CRUDEOILM,2024-01-19,6160.0,6235.0,6063.0,6141.0,6180.0,32285,15288
2023-12-21,CRUDEOILM,2024-02-16,6228.0,6268.0,6109.0,6183.0,6222.0,1748,1250
2023-12-21,CRUDEOILM,2024-03-19,6225.0,6246.0,6158.0,6209.0,6285.0,10,7
2023-12-21,CRUDEOILM,2024-04-19,0.0,0.0,0.0,6316.0,6316.0,0,0
2023-12-21,CRUDEOILM,2024-05-20,0.0,0.0,0.0,6363.0,6363.0,0,0
2023-12-21,CRUDEOILM,2024-06-18,0.0,0.0,0.0,6406.0,6406.0,0,0
2023-12-22,CRUDEOIL,2024-01-19,6156.0,6247.0,6126.0,6163.0,6134.0,18092,11552
2023-12-22,CRUDEOIL,2024-02-16,6204.0,6278.0,6167.0,6205.0,6163.0,575,446
2023-12-22,CRUDEOIL,2024-03-19,0.0,0.0,0.0,6196.0,6196.0,0,0
2023-12-22,CRUDEOIL,2024-04-19,0.0,0.0,0.0,6228.0,6228.0,0,0
2023-12-22,CRUDEOIL,2024-05-20,0.0,0.0,0.0,6260.0,6260.0,0,0
2023-12-22,CRUDEOIL,2024-06-18,0.0,0.0,0.0,6290.0,6290.0,0,0
2023-12-22,CRUDEOILM,2024-01-19,6214.0,6260.0,6136.0,6174.0,6141.0,27398,14916
2023-12-22,CRUDEOILM,2024-02-16,6225.0,6292.0,6183.0,6227.0,6183.0,1698,1242
2023-12-22,CRUDEOILM,2024-03-19,6291.0,6310.0,6237.0,6284.0,6209.0,13,7
2023-12-22,CRUDEOILM,2024-04-19,0.0,0.0,0.0,6277.0,6277.0,0,0
2023-12-22,CRUDEOILM,2024-05-20,0.0,0.0,0.0,6324.0,6324.0,0,0
2023-12-22,CRUDEOILM,2024-06-18,0.0,0.0,0.0,6367.0,6367.0,0,0
2023-12-26,CRUDEOIL,2024-01-19,6150.0,6343.0,6101.0,6315.0,6163.0,20780,11088
2023-12-26,CRUDEOIL,2024-02-16,6180.0,6362.0,6142.0,6348.0,6205.0,881,538
2023-12-26,CRUDEOIL,2024-03-19,0.0,0.0,0.0,6253.0,6253.0,0,0
2023-12-26,CRUDEOIL,2024-04-19,0.0,0.0,0.0,6299.0,6299.0,0,0
2023-12-26,CRUDEOIL,2024-05-20,0.0,0.0,0.0,6346.0,6346.0,0,0
2023-12-26,CRUDEOIL,2024-06-18,0.0,0.0,0.0,6389.0,6389.0,0,0
2023-12-26,CRUDEOILM,2024-01-19,6180.0,6348.0,6109.0,6322.0,6174.0,27769,13067
2023-12-26,CRUDEOILM,2024-02-16,6150.0,6371.0,6150.0,6350.0,6227.0,2511,1225
2023-12-26,CRUDEOILM,2024-03-19,6233.0,6375.0,6205.0,6313.0,6284.0,10,9
2023-12-26,CRUDEOILM,2024-04-19,0.0,0.0,0.0,6346.0,6346.0,0,0
2023-12-26,CRUDEOILM,2024-05-20,0.0,0.0,0.0,6404.0,6404.0,0,0
2023-12-26,CRUDEOILM,2024-06-18,0.0,0.0,0.0,6459.0,6459.0,0,0
2023-12-27,CRUDEOIL,2024-01-19,6288.0,6314.0,6193.0,6211.0,6315.0,18765,11609
2023-12-27,CRUDEOIL,2024-02-16,6333.0,6348.0,6233.0,6246.0,6348.0,512,562
2023-12-27,CRUDEOIL,2024-03-19,0.0,0.0,0.0,6385.0,6385.0,0,0
2023-12-27,CRUDEOIL,2024-04-19,0.0,0.0,0.0,6422.0,6422.0,0,0
2023-12-27,CRUDEOIL,2024-05-20,0.0,0.0,0.0,6458.0,6458.0,0,0
2023-12-27,CRUDEOIL,2024-06-18,0.0,0.0,0.0,6492.0,6492.0,0,0
2023-12-27,CRUDEOILM,2024-01-19,6302.0,6323.0,6205.0,6222.0,6322.0,27446,14426
2023-12-27,CRUDEOILM,2024-02-16,6336.0,6362.0,6251.0,6262.0,6350.0,1985,1592
2023-12-27,CRUDEOILM,2024-03-19,6375.0,6376.0,6277.0,6299.0,6313.0,12,12
2023-12-27,CRUDEOILM,2024-04-19,0.0,0.0,0.0,6413.0,6413.0,0,0
2023-12-27,CRUDEOILM,2024-05-20,0.0,0.0,0.0,6444.0,6444.0,0,0
2023-12-27,CRUDEOILM,2024-06-18,0.0,0.0,0.0,6473.0,6473.0,0,0
2023-12-28,CRUDEOIL,2024-01-19,6186.0,6200.0,6032.0,6048.0,6211.0,26708,14304
2023-12-28,CRUDEOIL,2024-02-16,6223.0,6241.0,6069.0,6090.0,6246.0,1028,808
2023-12-28,CRUDEOIL,2024-03-19,0.0,0.0,0.0,6286.0,6286.0,0,0
2023-12-28,CRUDEOIL,2024-04-19,0.0,0.0,0.0,6324.0,6324.0,0,0
2023-12-28,CRUDEOIL,2024-05-20,0.0,0.0,0.0,6363.0,6363.0,0,0
2023-12-28,CRUDEOIL,2024-06-18,0.0,0.0,0.0,6399.0,6399.0,0,0
2023-12-28,CRUDEOILM,2024-01-19,6201.0,6210.0,6041.0,6061.0,6222.0,34292,17779
2023-12-28,CRUDEOILM,2024-02-16,6239.0,6260.0,6085.0,6105.0,6262.0,2792,2480
2023-12-28,CRUDEOILM,2024-03-19,6275.0,6275.0,6150.0,6164.0,6299.0,49,38
2023-12-28,CRUDEOILM,2024-04-19,0.0,0.0,0.0,6352.0,6352.0,0,0
2023-12-28,CRUDEOILM,2024-05-20,0.0,0.0,0.0,6396.0,6396.0,0,0
2023-12-28,CRUDEOILM,2024-06-18,0.0,0.0,0.0,6437.0,6437.0,0,0
2023-12-29,CRUDEOIL,2024-01-19,6031.0,6062.0,5965.0,6007.0,6048.0,23853,14803
2023-12-29,CRUDEOIL,2024-02-16,6049.0,6094.0,6013.0,6044.0,6090.0,745,934
2023-12-29,CRUDEOIL,2024-03-19,6138.0,6148.0,6097.0,6128.0,6138.0,3,1
2023-12-29,CRUDEOIL,2024-04-19,0.0,0.0,0.0,6184.0,6184.0,0,0
2023-12-29,CRUDEOIL,2024-05-20,0.0,0.0,0.0,6231.0,6231.0,0,0
2023-12-29,CRUDEOIL,2024-06-18,0.0,0.0,0.0,6274.0,6274.0,0,0
2023-12-29,CRUDEOILM,2024-01-19,6014.0,6069.0,5976.0,6015.0,6061.0,27720,18687
2023-12-29,CRUDEOILM,2024-02-16,6084.0,6110.0,6023.0,6058.0,6105.0,2374,2883
2023-12-29,CRUDEOILM,2024-03-19,6132.0,6157.0,6092.0,6117.0,6164.0,11,42
2023-12-29,CRUDEOILM,2024-04-19,0.0,0.0,0.0,6204.0,6204.0,0,0
2023-12-29,CRUDEOILM,2024-05-20,0.0,0.0,0.0,6252.0,6252.0,0,0
2023-12-29,CRUDEOILM,2024-06-18,0.0,0.0,0.0,6298.0,6298.0,0,0
2024-01-01,CRUDEOIL,2024-01-19,5967.0,6036.0,5967.0,6027.0,6007.0,1386,14989
2024-01-01,CRUDEOIL,2024-02-16,6038.0,6074.0,6028.0,6069.0,6044.0,45,944
2024-01-01,CRUDEOIL,2024-03-19,6122.0,6122.0,6122.0,6122.0,6128.0,1,2
2024-01-01,CRUDEOIL,2024-04-19,0.0,0.0,0.0,6127.0,6127.0,0,0
2024-01-01,CRUDEOIL,2024-05-20,0.0,0.0,0.0,6168.0,6168.0,0,0
2024-01-01,CRUDEOIL,2024-06-18,0.0,0.0,0.0,6206.0,6206.0,0,0
2024-01-01,CRUDEOILM,2024-01-19,5993.0,6045.0,5990.0,6036.0,6015.0,2522,18735
2024-01-01,CRUDEOILM,2024-02-16,6043.0,6089.0,6039.0,6081.0,6058.0,376,2945
2024-01-01,CRUDEOILM,2024-03-19,0.0,0.0,0.0,6117.0,6117.0,0,42
2024-01-01,CRUDEOILM,2024-04-19,0.0,0.0,0.0,6154.0,6154.0,0,0
2024-01-01,CRUDEOILM,2024-05-20,0.0,0.0,0.0,6202.0,6202.0,0,0
2024-01-01,CRUDEOILM,2024-06-18,0.0,0.0,0.0,6246.0,6246.0,0,0
2024-01-02,CRUDEOIL,2024-01-19,6070.0,6148.0,5881.0,5943.0,6027.0,35988,16449
2024-01-02,CRUDEOIL,2024-02-16,6105.0,6180.0,5931.0,5989.0,6069.0,2185,1252
2024-01-02,CRUDEOIL,2024-03-19,6202.0,6202.0,6027.0,6115.0,6122.0,2,2
2024-01-02,CRUDEOIL,2024-04-19,0.0,0.0,0.0,6163.0,6163.0,0,0
2024-01-02,CRUDEOIL,2024-05-20,0.0,0.0,0.0,6210.0,6210.0,0,0
2024-01-02,CRUDEOIL,2024-06-18,0.0,0.0,0.0,6253.0,6253.0,0,0
2024-01-02,CRUDEOILM,2024-01-19,6063.0,6154.0,5891.0,5953.0,6036.0,47933,20190
2024-01-02,CRUDEOILM,2024-02-16,6120.0,6190.0,5944.0,5999.0,6081.0,5260,3874
2024-01-02,CRUDEOILM,2024-03-19,6171.0,6211.0,6020.0,6038.0,6132.0,54,80
2024-01-02,CRUDEOILM,2024-04-19,0.0,0.0,0.0,6182.0,6182.0,0,0
2024-01-02,CRUDEOILM,2024-05-20,0.0,0.0,0.0,6232.0,6232.0,0,0
2024-01-02,CRUDEOILM,2024-06-18,0.0,0.0,0.0,6278.0,6278.0,0,0
2024-01-03,CRUDEOIL,2024-01-19,5882.0,6088.0,5796.0,6071.0,5943.0,34535,14660
2024-01-03,CRUDEOIL,2024-02-16,5924.0,6130.0,5848.0,6105.0,5989.0,2753,1138
2024-01-03,CRUDEOIL,2024-03-19,6121.0,6183.0,6121.0,6152.0,6115.0,2,2
2024-01-03,CRUDEOIL,2024-04-19,0.0,0.0,0.0,6092.0,6092.0,0,0
2024-01-03,CRUDEOIL,2024-05-20,0.0,0.0,0.0,6143.0,6143.0,0,0
2024-01-03,CRUDEOIL,2024-06-18,0.0,0.0,0.0,6191.0,6191.0,0,0
2024-01-03,CRUDEOILM,2024-01-19,5909.0,6093.0,5806.0,6075.0,5953.0,44001,16821
2024-01-03,CRUDEOILM,2024-02-16,5952.0,6130.0,5862.0,6113.0,5999.0,7441,3731
2024-01-03,CRUDEOILM,2024-03-19,6027.0,6171.0,5959.0,6134.0,6038.0,162,90
2024-01-03,CRUDEOILM,2024-04-19,0.0,0.0,0.0,6102.0,6102.0,0,0
2024-01-03,CRUDEOILM,2024-05-20,0.0,0.0,0.0,6153.0,6153.0,0,0
2024-01-03,CRUDEOILM,2024-06-18,0.0,0.0,0.0,6201.0,6201.0,0,0
2024-01-04,CRUDEOIL,2024-01-19,6085.0,6169.0,5935.0,6034.0,6071.0,33235,13915
2024-01-04,CRUDEOIL,2024-02-16,6127.0,6199.0,5977.0,6067.0,6105.0,1977,1376
2024-01-04,CRUDEOIL,2024-03-19,6192.0,6200.0,6038.0,6134.0,6152.0,10,8
2024-01-04,CRUDEOIL,2024-04-19,0.0,0.0,0.0,6181.0,6181.0,0,0
2024-01-04,CRUDEOIL,2024-05-20,0.0,0.0,0.0,6219.0,6219.0,0,0
2024-01-04,CRUDEOIL,2024-06-18,0.0,0.0,0.0,6254.0,6254.0,0,0
2024-01-04,CRUDEOILM,2024-01-19,6093.0,6175.0,5921.0,6040.0,6075.0,38413,16232
2024-01-04,CRUDEOILM,2024-02-16,6131.0,6207.0,5987.0,6078.0,6113.0,6171,3932
2024-01-04,CRUDEOILM,2024-03-19,6171.0,6234.0,6056.0,6105.0,6134.0,137,130
2024-01-04,CRUDEOILM,2024-04-19,0.0,0.0,0.0,6198.0,6198.0,0,0
2024-01-04,CRUDEOILM,2024-05-20,0.0,0.0,0.0,6240.0,6240.0,0,0
2024-01-04,CRUDEOILM,2024-06-18,0.0,0.0,0.0,6279.0,6279.0,0,0
2024-01-05,CRUDEOIL,2024-01-19,6056.0,6174.0,6033.0,6128.0,6034.0,22585,13182
2024-01-05,CRUDEOIL,2024-02-16,6086.0,6205.0,6070.0,6161.0,6067.0,1496,1514
2024-01-05,CRUDEOIL,2024-03-19,6118.0,6175.0,6097.0,6132.0,6134.0,14,18
2024-01-05,CRUDEOIL,2024-04-19,0.0,0.0,0.0,6141.0,6141.0,0,0
2024-01-05,CRUDEOIL,2024-05-20,0.0,0.0,0.0,6177.0,6177.0,0,0
2024-01-05,CRUDEOIL,2024-06-18,0.0,0.0,0.0,6211.0,6211.0,0,0
2024-01-05,CRUDEOILM,2024-01-19,6055.0,6176.0,6036.0,6131.0,6040.0,29670,14307
2024-01-05,CRUDEOILM,2024-02-16,6096.0,6205.0,6078.0,6171.0,6078.0,4502,3329
2024-01-05,CRUDEOILM,2024-03-19,6139.0,6240.0,6131.0,6211.0,6105.0,95,124
2024-01-05,CRUDEOILM,2024-04-19,0.0,0.0,0.0,6163.0,6163.0,0,0
2024-01-05,CRUDEOILM,2024-05-20,0.0,0.0,0.0,6205.0,6205.0,0,0
2024-01-05,CRUDEOILM,2024-06-18,0.0,0.0,0.0,6244.0,6244.0,0,0
2024-01-08,CRUDEOIL,2024-01-19,6077.0,6097.0,5847.0,5863.0,6128.0,32536,17401
2024-01-08,CRUDEOIL,2024-02-16,6117.0,6125.0,5885.0,5902.0,6161.0,3490,3060
2024-01-08,CRUDEOIL,2024-03-19,6103.0,6129.0,5923.0,5943.0,6132.0,14,19
2024-01-08,CRUDEOIL,2024-04-19,0.0,0.0,0.0,6235.0,6235.0,0,0
2024-01-08,CRUDEOIL,2024-05-20,0.0,0.0,0.0,6271.0,6271.0,0,0
2024-01-08,CRUDEOIL,2024-06-18,0.0,0.0,0.0,6305.0,6305.0,0,0
2024-01-08,CRUDEOILM,2024-01-19,6092.0,6103.0,5821.0,5867.0,6131.0,35715,18535
2024-01-08,CRUDEOILM,2024-02-16,6123.0,6139.0,5864.0,5918.0,6171.0,8985,7056
2024-01-08,CRUDEOILM,2024-03-19,6153.0,6179.0,5948.0,5978.0,6211.0,334,295
2024-01-08,CRUDEOILM,2024-04-19,0.0,0.0,0.0,6261.0,6261.0,0,0
2024-01-08,CRUDEOILM,2024-05-20,0.0,0.0,0.0,6305.0,6305.0,0,0
2024-01-08,CRUDEOILM,2024-06-18,0.0,0.0,0.0,6346.0,6346.0,0,0
2024-01-09,CRUDEOIL,2024-01-19,5896.0,6070.0,5869.0,6034.0,5863.0,30842,12212
2024-01-09,CRUDEOIL,2024-02-16,5953.0,6097.0,5910.0,6062.0,5902.0,2790,2339
2024-01-09,CRUDEOIL,2024-03-19,6005.0,6079.0,5995.0,6026.0,5943.0,8,23
2024-01-09,CRUDEOIL,2024-04-19,0.0,0.0,0.0,5989.0,5989.0,0,0
2024-01-09,CRUDEOIL,2024-05-20,0.0,0.0,0.0,6032.0,6032.0,0,0
2024-01-09,CRUDEOIL,2024-06-18,0.0,0.0,0.0,6073.0,6073.0,0,0
2024-01-09,CRUDEOILM,2024-01-19,5902.0,6070.0,5873.0,6033.0,5867.0,35545,14144
2024-01-09,CRUDEOILM,2024-02-16,5970.0,6097.0,5921.0,6067.0,5918.0,9274,4949
2024-01-09,CRUDEOILM,2024-03-19,6005.0,6128.0,5971.0,6097.0,5978.0,219,235
2024-01-09,CRUDEOILM,2024-04-19,0.0,0.0,0.0,6032.0,6032.0,0,0
2024-01-09,CRUDEOILM,2024-05-20,0.0,0.0,0.0,6089.0,6089.0,0,0
2024-01-09,CRUDEOILM,2024-06-18,0.0,0.0,0.0,6142.0,6142.0,0,0
2024-01-10,CRUDEOIL,2024-01-19,6037.0,6112.0,5920.0,5931.0,6034.0,33679,12519
2024-01-10,CRUDEOIL,2024-02-16,6064.0,6136.0,5948.0,5957.0,6062.0,3314,3073
2024-01-10,CRUDEOIL,2024-03-19,6083.0,6135.0,5998.0,6079.0,6026.0,8,23
2024-01-10,CRUDEOIL,2024-04-19,0.0,0.0,0.0,6125.0,6125.0,0,0
2024-01-10,CRUDEOIL,2024-05-20,0.0,0.0,0.0,6156.0,6156.0,0,0
2024-01-10,CRUDEOIL,2024-06-18,0.0,0.0,0.0,6185.0,6185.0,0,0
2024-01-10,CRUDEOILM,2024-01-19,6036.0,6123.0,5930.0,5940.0,6033.0,35805,14444
2024-01-10,CRUDEOILM,2024-02-16,6067.0,6137.0,5960.0,5970.0,6067.0,8967,5970
2024-01-10,CRUDEOILM,2024-03-19,6101.0,6158.0,6010.0,6025.0,6097.0,184,261
2024-01-10,CRUDEOILM,2024-04-19,0.0,0.0,0.0,6143.0,6143.0,0,0
2024-01-10,CRUDEOILM,2024-05-20,0.0,0.0,0.0,6181.0,6181.0,0,0
2024-01-10,CRUDEOILM,2024-06-18,0.0,0.0,0.0,6216.0,6216.0,0,0
2024-01-11,CRUDEOIL,2024-01-19,5950.0,6130.0,5932.0,6006.0,5931.0,38082,11636
2024-01-11,CRUDEOIL,2024-02-16,5982.0,6159.0,5966.0,6035.0,5957.0,3273,2767
2024-01-11,CRUDEOIL,2024-03-19,6025.0,6169.0,5998.0,6103.0,6079.0,7,24
2024-01-11,CRUDEOIL,2024-04-19,0.0,0.0,0.0,6015.0,6015.0,0,0
2024-01-11,CRUDEOIL,2024-05-20,0.0,0.0,0.0,6044.0,6044.0,0,0
2024-01-11,CRUDEOIL,2024-06-18,0.0,0.0,0.0,6071.0,6071.0,0,0
2024-01-11,CRUDEOILM,2024-01-19,5976.0,6134.0,5934.0,6008.0,5940.0,33613,12935
2024-01-11,CRUDEOILM,2024-02-16,5989.0,6159.0,5975.0,6046.0,5970.0,10273,4892
2024-01-11,CRUDEOILM,2024-03-19,6054.0,6175.0,6038.0,6079.0,6025.0,274,227
2024-01-11,CRUDEOILM,2024-04-19,0.0,0.0,0.0,6037.0,6037.0,0,0
2024-01-11,CRUDEOILM,2024-05-20,0.0,0.0,0.0,6070.0,6070.0,0,0
2024-01-11,CRUDEOILM,2024-06-18,0.0,0.0,0.0,6101.0,6101.0,0,0
2024-01-12,CRUDEOIL,2024-01-19,6051.0,6236.0,6007.0,6033.0,6006.0,44871,9245
2024-01-12,CRUDEOIL,2024-02-16,6101.0,6266.0,6046.0,6068.0,6035.0,8335,5540
2024-01-12,CRUDEOIL,2024-03-19,6152.0,6275.0,6087.0,6125.0,6103.0,23,23
2024-01-12,CRUDEOIL,2024-04-19,0.0,0.0,0.0,6100.0,6100.0,0,0
2024-01-12,CRUDEOIL,2024-05-20,0.0,0.0,0.0,6132.0,6132.0,0,0
2024-01-12,CRUDEOIL,2024-06-18,0.0,0.0,0.0,6162.0,6162.0,0,0
2024-01-12,CRUDEOILM,2024-01-19,6109.0,6239.0,6014.0,6038.0,6008.0,38917,11673
2024-01-12,CRUDEOILM,2024-02-16,6100.0,6269.0,6060.0,6082.0,6046.0,13554,5148
2024-01-12,CRUDEOILM,2024-03-19,6170.0,6287.0,6110.0,6134.0,6079.0,461,286
2024-01-12,CRUDEOILM,2024-04-19,6273.0,6273.0,6273.0,6273.0,6131.0,1,1
2024-01-12,CRUDEOILM,2024-05-20,0.0,0.0,0.0,6173.0,6173.0,0,0
2024-01-12,CRUDEOILM,2024-06-18,0.0,0.0,0.0,6212.0,6212.0,0,0
2024-01-15,CRUDEOIL,2024-01-19,6053.0,6061.0,5920.0,6008.0,6033.0,24315,8219
2024-01-15,CRUDEOIL,2024-02-16,6082.0,6092.0,5959.0,6049.0,6068.0,7823,8682
2024-01-15,CRUDEOIL,2024-03-19,6114.0,6119.0,6002.0,6082.0,6125.0,70,48
2024-01-15,CRUDEOIL,2024-04-19,0.0,0.0,0.0,6146.0,6146.0,0,0
2024-01-15,CRUDEOIL,2024-05-20,0.0,0.0,0.0,6185.0,6185.0,0,0
2024-01-15,CRUDEOIL,2024-06-18,0.0,0.0,0.0,6221.0,6221.0,0,0
2024-01-15,CRUDEOILM,2024-01-19,6055.0,6055.0,5925.0,6011.0,6038.0,20430,11737
2024-01-15,CRUDEOILM,2024-02-16,6094.0,6103.0,5972.0,6056.0,6082.0,11393,7630
2024-01-15,CRUDEOILM,2024-03-19,6133.0,6137.0,6021.0,6087.0,6134.0,448,423
2024-01-15,CRUDEOILM,2024-04-19,0.0,0.0,0.0,6273.0,6273.0,0,1
2024-01-15,CRUDEOILM,2024-05-20,0.0,0.0,0.0,6229.0,6229.0,0,0
2024-01-15,CRUDEOILM,2024-06-18,0.0,0.0,0.0,6275.0,6275.0,0,0
2024-01-16,CRUDEOIL,2024-01-19,6009.0,6109.0,5969.0,6003.0,6008.0,36010,4719
2024-01-16,CRUDEOIL,2024-02-16,6052.0,6150.0,6010.0,6037.0,6049.0,12229,9772
2024-01-16,CRUDEOIL,2024-03-19,6112.0,6169.0,6049.0,6082.0,6082.0,29,52
2024-01-16,CRUDEOIL,2024-04-19,0.0,0.0,0.0,6141.0,6141.0,0,0
2024-01-16,CRUDEOIL,2024-05-20,0.0,0.0,0.0,6186.0,6186.0,0,0
2024-01-16,CRUDEOIL,2024-06-18,0.0,0.0,0.0,6229.0,6229.0,0,0
2024-01-16,CRUDEOILM,2024-01-19,6011.0,6112.0,5973.0,6006.0,6011.0,32362,6886
2024-01-16,CRUDEOILM,2024-02-16,6050.0,6156.0,6020.0,6049.0,6056.0,22846,11533
2024-01-16,CRUDEOILM,2024-03-19,6115.0,6183.0,6063.0,6087.0,6087.0,371,468
2024-01-16,CRUDEOILM,2024-04-19,0.0,0.0,0.0,6157.0,6157.0,0,1
2024-01-16,CRUDEOILM,2024-05-20,0.0,0.0,0.0,6207.0,6207.0,0,0
2024-01-16,CRUDEOILM,2024-06-18,0.0,0.0,0.0,6253.0,6253.0,0,0
2024-01-17,CRUDEOIL,2024-01-19,5997.0,6017.0,5868.0,5972.0,6003.0,23392,3186
2024-01-17,CRUDEOIL,2024-02-16,6033.0,6041.0,5910.0,6005.0,6037.0,13618,11435
2024-01-17,CRUDEOIL,2024-03-19,6052.0,6064.0,5960.0,6045.0,6082.0,110,76
2024-01-17,CRUDEOIL,2024-04-19,0.0,0.0,0.0,6113.0,6113.0,0,0
2024-01-17,CRUDEOIL,2024-05-20,0.0,0.0,0.0,6151.0,6151.0,0,0
2024-01-17,CRUDEOIL,2024-06-18,0.0,0.0,0.0,6186.0,6186.0,0,0
2024-01-17,CRUDEOILM,2024-01-19,5996.0,6015.0,5867.0,5976.0,6006.0,22607,3770
2024-01-17,CRUDEOILM,2024-02-16,6042.0,6044.0,5923.0,6009.0,6049.0,23281,16249
2024-01-17,CRUDEOILM,2024-03-19,6081.0,6082.0,5979.0,6044.0,6087.0,634,556
2024-01-17,CRUDEOILM,2024-04-19,0.0,0.0,0.0,6145.0,6145.0,0,1
2024-01-17,CRUDEOILM,2024-05-20,0.0,0.0,0.0,6193.0,6193.0,0,0
2024-01-17,CRUDEOILM,2024-06-18,0.0,0.0,0.0,6237.0,6237.0,0,0
2024-01-18,CRUDEOIL,2024-01-19,6015.0,6173.0,6000.0,6152.0,5972.0,7489,2282
2024-01-18,CRUDEOIL,2024-02-16,6078.0,6172.0,6018.0,6157.0,6005.0,18273,11912
2024-01-18,CRUDEOIL,2024-03-19,6121.0,6194.0,6060.0,6159.0,6045.0,312,84
2024-01-18,CRUDEOIL,2024-04-19,0.0,0.0,0.0,6079.0,6079.0,0,0
2024-01-18,CRUDEOIL,2024-05-20,0.0,0.0,0.0,6115.0,6115.0,0,0
2024-01-18,CRUDEOIL,2024-06-18,0.0,0.0,0.0,6149.0,6149.0,0,0
2024-01-18,CRUDEOILM,2024-01-19,6021.0,6170.0,6000.0,6151.0,5976.0,12027,2727
2024-01-18,CRUDEOILM,2024-02-16,6029.0,6175.0,6027.0,6157.0,6009.0,24272,13527
2024-01-18,CRUDEOILM,2024-03-19,6102.0,6200.0,6075.0,6181.0,6044.0,714,456
2024-01-18,CRUDEOILM,2024-04-19,0.0,0.0,0.0,6083.0,6083.0,0,1
2024-01-18,CRUDEOILM,2024-05-20,0.0,0.0,0.0,6119.0,6119.0,0,0
2024-01-18,CRUDEOILM,2024-06-18,0.0,0.0,0.0,6153.0,6153.0,0,0
2024-01-19,CRUDEOIL,2024-01-19,6156.0,6222.0,6083.0,6108.0,6152.0,3816,902
2024-01-19,CRUDEOIL,2024-02-16,6162.0,6213.0,6084.0,6106.0,6157.0,18160,11656
2024-01-19,CRUDEOIL,2024-03-19,6169.0,6228.0,6115.0,6136.0,6159.0,484,298
2024-01-19,CRUDEOIL,2024-04-19,0.0,0.0,0.0,6168.0,6168.0,0,0
2024-01-19,CRUDEOIL,2024-05-20,0.0,0.0,0.0,6173.0,6173.0,0,0
2024-01-19,CRUDEOIL,2024-06-18,0.0,0.0,0.0,6178.0,6178.0,0,0
2024-01-19,CRUDEOILM,2024-01-19,6095.0,6218.0,6068.0,6104.0,6151.0,6751,1381
2024-01-19,CRUDEOILM,2024-02-16,6157.0,6215.0,6090.0,6113.0,6157.0,26978,14032
2024-01-19,CRUDEOILM,2024-03-19,6172.0,6237.0,6128.0,6148.0,6181.0,1001,537
2024-01-19,CRUDEOILM,2024-04-19,0.0,0.0,0.0,6170.0,6170.0,0,1
2024-01-19,CRUDEOILM,2024-05-20,0.0,0.0,0.0,6177.0,6177.0,0,0
2024-01-19,CRUDEOILM,2024-06-18,6424.0,6424.0,6424.0,6424.0,6183.0,1,1
2024-01-22,CRUDEOIL,2024-02-16,6114.0,6277.0,6110.0,6265.0,6106.0,11441,11605
2024-01-22,CRUDEOIL,2024-03-19,6151.0,6278.0,6135.0,6272.0,6136.0,357,340
2024-01-22,CRUDEOIL,2024-04-19,0.0,0.0,0.0,6165.0,6165.0,0,0
2024-01-22,CRUDEOIL,2024-05-20,0.0,0.0,0.0,6194.0,6194.0,0,0
2024-01-22,CRUDEOIL,2024-06-18,0.0,0.0,0.0,6221.0,6221.0,0,0
2024-01-22,CRUDEOIL,2024-07-19,0.0,0.0,0.0,6040.0,6040.0,0,0
2024-01-22,CRUDEOILM,2024-02-16,6068.0,6276.0,6068.0,6262.0,6113.0,18235,13355
2024-01-22,CRUDEOILM,2024-03-19,6157.0,6283.0,6146.0,6271.0,6148.0,1528,776
2024-01-22,CRUDEOILM,2024-04-19,0.0,0.0,0.0,6181.0,6181.0,0,1
2024-01-22,CRUDEOILM,2024-05-20,0.0,0.0,0.0,6215.0,6215.0,0,0
2024-01-22,CRUDEOILM,2024-06-18,0.0,0.0,0.0,6424.0,6424.0,0,1
2024-01-22,CRUDEOILM,2024-07-19,0.0,0.0,0.0,6040.0,6040.0,0,0
2024-01-23,CRUDEOIL,2024-02-16,6220.0,6265.0,6118.0,6178.0,6265.0,17062,11147
2024-01-23,CRUDEOIL,2024-03-19,6234.0,6282.0,6150.0,6205.0,6272.0,529,395
2024-01-23,CRUDEOIL,2024-04-19,0.0,0.0,0.0,6278.0,6278.0,0,0
2024-01-23,CRUDEOIL,2024-05-20,0.0,0.0,0.0,6285.0,6285.0,0,0
2024-01-23,CRUDEOIL,2024-06-18,0.0,0.0,0.0,6291.0,6291.0,0,0
2024-01-23,CRUDEOIL,2024-07-19,0.0,0.0,0.0,6298.0,6298.0,0,0
2024-01-23,CRUDEOILM,2024-02-16,6250.0,6268.0,6120.0,6186.0,6262.0,30042,12956
2024-01-23,CRUDEOILM,2024-03-19,6219.0,6289.0,6157.0,6223.0,6271.0,2377,732
2024-01-23,CRUDEOILM,2024-04-19,0.0,0.0,0.0,6279.0,6279.0,0,1
2024-01-23,CRUDEOILM,2024-05-20,0.0,0.0,0.0,6288.0,6288.0,0,0
2024-01-23,CRUDEOILM,2024-06-18,0.0,0.0,0.0,6296.0,6296.0,0,1
2024-01-23,CRUDEOILM,2024-07-19,0.0,0.0,0.0,6305.0,6305.0,0,0
2024-01-24,CRUDEOIL,2024-02-16,6200.0,6312.0,6160.0,6253.0,6178.0,20163,11216
2024-01-24,CRUDEOIL,2024-03-19,6220.0,6327.0,6191.0,6272.0,6205.0,439,398
2024-01-24,CRUDEOIL,2024-04-19,0.0,0.0,0.0,6231.0,6231.0,0,0
2024-01-24,CRUDEOIL,2024-05-20,0.0,0.0,0.0,6257.0,6257.0,0,0
2024-01-24,CRUDEOIL,2024-06-18,0.0,0.0,0.0,6281.0,6281.0,0,0
2024-01-24,CRUDEOIL,2024-07-19,0.0,0.0,0.0,6307.0,6307.0,0,0
2024-01-24,CRUDEOILM,2024-02-16,6185.0,6312.0,6166.0,6258.0,6186.0,32510,12670
2024-01-24,CRUDEOILM,2024-03-19,6232.0,6330.0,6195.0,6284.0,6223.0,2026,896
2024-01-24,CRUDEOILM,2024-04-19,6280.0,6326.0,6280.0,6295.0,6258.0,3,4
2024-01-24,CRUDEOILM,2024-05-20,0.0,0.0,0.0,6294.0,6294.0,0,0
2024-01-24,CRUDEOILM,2024-06-18,0.0,0.0,0.0,6328.0,6328.0,0,1
2024-01-24,CRUDEOILM,2024-07-19,0.0,0.0,0.0,6364.0,6364.0,0,0
2024-01-25,CRUDEOIL,2024-02-16,6208.0,6391.0,6208.0,6381.0,6253.0,16449,11212
2024-01-25,CRUDEOIL,2024-03-19,6294.0,6395.0,6294.0,6381.0,6272.0,477,434
2024-01-25,CRUDEOIL,2024-04-19,0.0,0.0,0.0,6290.0,6290.0,0,0
2024-01-25,CRUDEOIL,2024-05-20,0.0,0.0,0.0,6308.0,6308.0,0,0
2024-01-25,CRUDEOIL,2024-06-18,0.0,0.0,0.0,6326.0,6326.0,0,0
2024-01-25,CRUDEOIL,2024-07-19,0.0,0.0,0.0,6344.0,6344.0,0,0
2024-01-25,CRUDEOILM,2024-02-16,6275.0,6393.0,6215.0,6377.0,6258.0,26375,12918
2024-01-25,CRUDEOILM,2024-03-19,6301.0,6393.0,6295.0,6379.0,6284.0,2067,1089
2024-01-25,CRUDEOILM,2024-04-19,6349.0,6416.0,6349.0,6394.0,6295.0,7,10
2024-01-25,CRUDEOILM,2024-05-20,0.0,0.0,0.0,6334.0,6334.0,0,0
2024-01-25,CRUDEOILM,2024-06-18,0.0,0.0,0.0,6357.0,6357.0,0,1
2024-01-25,CRUDEOILM,2024-07-19,0.0,0.0,0.0,6383.0,6383.0,0,0
2024-01-29,CRUDEOIL,2024-02-16,6448.0,6529.0,6369.0,6399.0,6381.0,21056,8657
2024-01-29,CRUDEOIL,2024-03-19,6513.0,6537.0,6385.0,6412.0,6381.0,875,390
2024-01-29,CRUDEOIL,2024-04-19,0.0,0.0,0.0,6381.0,6381.0,0,0
2024-01-29,CRUDEOIL,2024-05-20,0.0,0.0,0.0,6381.0,6381.0,0,0
2024-01-29,CRUDEOIL,2024-06-18,0.0,0.0,0.0,6381.0,6381.0,0,0
2024-01-29,CRUDEOIL,2024-07-19,0.0,0.0,0.0,6381.0,6381.0,0,0
2024-01-29,CRUDEOILM,2024-02-16,6412.0,6528.0,6374.0,6399.0,6377.0,29397,11303
2024-01-29,CRUDEOILM,2024-03-19,6506.0,6534.0,6384.0,6410.0,6379.0,3198,986
2024-01-29,CRUDEOILM,2024-04-19,6479.0,6549.0,6437.0,6512.0,6394.0,10,14
2024-01-29,CRUDEOILM,2024-05-20,0.0,0.0,0.0,6382.0,6382.0,0,0
2024-01-29,CRUDEOILM,2024-06-18,0.0,0.0,0.0,6384.0,6384.0,0,1
2024-01-29,CRUDEOILM,2024-07-19,0.0,0.0,0.0,6386.0,6386.0,0,0
2024-01-30,CRUDEOIL,2024-02-16,6408.0,6490.0,6313.0,6478.0,6399.0,20089,8704
2024-01-30,CRUDEOIL,2024-03-19,6419.0,6492.0,6330.0,6485.0,6412.0,1036,409
2024-01-30,CRUDEOIL,2024-04-19,0.0,0.0,0.0,6424.0,6424.0,0,0
2024-01-30,CRUDEOIL,2024-05-20,0.0,0.0,0.0,6437.0,6437.0,0,0
2024-01-30,CRUDEOIL,2024-06-18,0.0,0.0,0.0,6448.0,6448.0,0,0
2024-01-30,CRUDEOIL,2024-07-19,0.0,0.0,0.0,6461.0,6461.0,0,0
2024-01-30,CRUDEOILM,2024-02-16,6410.0,6488.0,6318.0,6477.0,6399.0,29338,12005
2024-01-30,CRUDEOILM,2024-03-19,6410.0,6495.0,6330.0,6481.0,6410.0,3290,1146
2024-01-30,CRUDEOILM,2024-04-19,6400.0,6450.0,6400.0,6422.0,6512.0,4,15
2024-01-30,CRUDEOILM,2024-05-20,0.0,0.0,0.0,6431.0,6431.0,0,0
2024-01-30,CRUDEOILM,2024-06-18,0.0,0.0,0.0,6441.0,6441.0,0,1
2024-01-30,CRUDEOILM,2024-07-19,0.0,0.0,0.0,6451.0,6451.0,0,0
2024-01-31,CRUDEOIL,2024-02-16,6434.0,6462.0,6290.0,6313.0,6478.0,23662,8600
2024-01-31,CRUDEOIL,2024-03-19,6454.0,6467.0,6310.0,6330.0,6485.0,1062,555
2024-01-31,CRUDEOIL,2024-04-19,0.0,0.0,0.0,6491.0,6491.0,0,0
2024-01-31,CRUDEOIL,2024-05-20,0.0,0.0,0.0,6498.0,6498.0,0,0
2024-01-31,CRUDEOIL,2024-06-18,0.0,0.0,0.0,6504.0,6504.0,0,0
2024-01-31,CRUDEOIL,2024-07-19,0.0,0.0,0.0,6511.0,6511.0,0,0
2024-01-31,CRUDEOILM,2024-02-16,6435.0,6466.0,6295.0,6318.0,6477.0,33782,11713
2024-01-31,CRUDEOILM,2024-03-19,6450.0,6472.0,6316.0,6335.0,6481.0,3695,1345
2024-01-31,CRUDEOILM,2024-04-19,6455.0,6455.0,6350.0,6378.0,6422.0,17,20
2024-01-31,CRUDEOILM,2024-05-20,0.0,0.0,0.0,6488.0,6488.0,0,0
2024-01-31,CRUDEOILM,2024-06-18,0.0,0.0,0.0,6492.0,6492.0,0,1
2024-01-31,CRUDEOILM,2024-07-19,0.0,0.0,0.0,6496.0,6496.0,0,0
2024-02-01,CRUDEOIL,2024-02-16,6342.0,6387.0,6162.0,6206.0,6313.0,33004,8801
2024-02-01,CRUDEOIL,2024-03-19,6357.0,6395.0,6176.0,6204.0,6330.0,1358,621
2024-02-01,CRUDEOIL,2024-04-19,6321.0,6321.0,6310.0,6316.0,6346.0,2,1
2024-02-01,CRUDEOIL,2024-05-20,0.0,0.0,0.0,6362.0,6362.0,0,0
2024-02-01,CRUDEOIL,2024-06-18,0.0,0.0,0.0,6378.0,6378.0,0,0
2024-02-01,CRUDEOIL,2024-07-19,0.0,0.0,0.0,6394.0,6394.0,0,0
2024-02-01,CRUDEOILM,2024-02-16,6341.0,6389.0,6162.0,6205.0,6318.0,37463,11635
2024-02-01,CRUDEOILM,2024-03-19,6364.0,6396.0,6181.0,6212.0,6335.0,4361,1434
2024-02-01,CRUDEOILM,2024-04-19,6366.0,6402.0,6238.0,6260.0,6378.0,31,32
2024-02-01,CRUDEOILM,2024-05-20,0.0,0.0,0.0,6367.0,6367.0,0,0
2024-02-01,CRUDEOILM,2024-06-18,0.0,0.0,0.0,6383.0,6383.0,0,1
2024-02-01,CRUDEOILM,2024-07-19,0.0,0.0,0.0,6399.0,6399.0,0,0
2024-02-02,CRUDEOIL,2024-02-16,6200.0,6200.0,5979.0,6030.0,6206.0,35507,13618
2024-02-02,CRUDEOIL,2024-03-19,6193.0,6205.0,6014.0,6058.0,6204.0,1737,1142
2024-02-02,CRUDEOIL,2024-04-19,6152.0,6152.0,6110.0,6134.0,6316.0,3,4
2024-02-02,CRUDEOIL,2024-05-20,0.0,0.0,0.0,6200.0,6200.0,0,0
2024-02-02,CRUDEOIL,2024-06-18,0.0,0.0,0.0,6198.0,6198.0,0,0
2024-02-02,CRUDEOIL,2024-07-19,0.0,0.0,0.0,6196.0,6196.0,0,0
2024-02-02,CRUDEOILM,2024-02-16,6199.0,6199.0,5984.0,6033.0,6205.0,36174,14568
2024-02-02,CRUDEOILM,2024-03-19,6214.0,6214.0,6021.0,6063.0,6212.0,6357,2838
2024-02-02,CRUDEOILM,2024-04-19,6245.0,6245.0,6090.0,6113.0,6260.0,59,61
2024-02-02,CRUDEOILM,2024-05-20,0.0,0.0,0.0,6225.0,6225.0,0,0
2024-02-02,CRUDEOILM,2024-06-18,0.0,0.0,0.0,6231.0,6231.0,0,1
2024-02-02,CRUDEOILM,2024-07-19,0.0,0.0,0.0,6238.0,6238.0,0,0
2024-02-05,CRUDEOIL,2024-02-16,6033.0,6089.0,5952.0,6081.0,6030.0,24580,13170
2024-02-05,CRUDEOIL,2024-03-19,6055.0,6116.0,5987.0,6107.0,6058.0,1608,1285
2024-02-05,CRUDEOIL,2024-04-19,0.0,0.0,0.0,6134.0,6134.0,0,4
2024-02-05,CRUDEOIL,2024-05-20,0.0,0.0,0.0,6112.0,6112.0,0,0
2024-02-05,CRUDEOIL,2024-06-18,0.0,0.0,0.0,6137.0,6137.0,0,0
2024-02-05,CRUDEOIL,2024-07-19,0.0,0.0,0.0,6164.0,6164.0,0,0
2024-02-05,CRUDEOILM,2024-02-16,6040.0,6089.0,5953.0,6080.0,6033.0,29637,14163
2024-02-05,CRUDEOILM,2024-03-19,6073.0,6116.0,5996.0,6110.0,6063.0,4505,3339
2024-02-05,CRUDEOILM,2024-04-19,6057.0,6161.0,6057.0,6147.0,6113.0,35,65
2024-02-05,CRUDEOILM,2024-05-20,0.0,0.0,0.0,6121.0,6121.0,0,0
2024-02-05,CRUDEOILM,2024-06-18,0.0,0.0,0.0,6148.0,6148.0,0,1
2024-02-05,CRUDEOILM,2024-07-19,0.0,0.0,0.0,6177.0,6177.0,0,0
2024-02-06,CRUDEOIL,2024-02-16,6063.0,6136.0,6025.0,6084.0,6081.0,22735,11296
2024-02-06,CRUDEOIL,2024-03-19,6094.0,6169.0,6059.0,6113.0,6107.0,1280,1136
2024-02-06,CRUDEOIL,2024-04-19,0.0,0.0,0.0,6132.0,6132.0,0,4
2024-02-06,CRUDEOIL,2024-05-20,0.0,0.0,0.0,6157.0,6157.0,0,0
2024-02-06,CRUDEOIL,2024-06-18,0.0,0.0,0.0,6180.0,6180.0,0,0
2024-02-06,CRUDEOIL,2024-07-19,0.0,0.0,0.0,6206.0,6206.0,0,0
2024-02-06,CRUDEOILM,2024-02-16,6110.0,6140.0,5980.0,6087.0,6080.0,24911,13002
2024-02-06,CRUDEOILM,2024-03-19,6092.0,6169.0,6060.0,6124.0,6110.0,3977,2919
2024-02-06,CRUDEOILM,2024-04-19,6153.0,6200.0,6141.0,6158.0,6147.0,35,63
2024-02-06,CRUDEOILM,2024-05-20,0.0,0.0,0.0,6168.0,6168.0,0,0
2024-02-06,CRUDEOILM,2024-06-18,0.0,0.0,0.0,6195.0,6195.0,0,1
2024-02-06,CRUDEOILM,2024-07-19,0.0,0.0,0.0,6224.0,6224.0,0,0
2024-02-07,CRUDEOIL,2024-02-16,6106.0,6160.0,6087.0,6131.0,6084.0,22015,10326
2024-02-07,CRUDEOIL,2024-03-19,6136.0,6185.0,6113.0,6162.0,6113.0,928,1070
2024-02-07,CRUDEOIL,2024-04-19,6162.0,6162.0,6162.0,6162.0,6141.0,1,4
2024-02-07,CRUDEOIL,2024-05-20,0.0,0.0,0.0,6169.0,6169.0,0,0
2024-02-07,CRUDEOIL,2024-06-18,0.0,0.0,0.0,6195.0,6195.0,0,0
2024-02-07,CRUDEOIL,2024-07-19,0.0,0.0,0.0,6223.0,6223.0,0,0
2024-02-07,CRUDEOILM,2024-02-16,6111.0,6165.0,6088.0,6132.0,6087.0,22255,12058
2024-02-07,CRUDEOILM,2024-03-19,6140.0,6187.0,6115.0,6160.0,6124.0,3676,2685
2024-02-07,CRUDEOILM,2024-04-19,6185.0,6221.0,6171.0,6180.0,6158.0,48,63
2024-02-07,CRUDEOILM,2024-05-20,0.0,0.0,0.0,6195.0,6195.0,0,0
2024-02-07,CRUDEOILM,2024-06-18,0.0,0.0,0.0,6229.0,6229.0,0,1
2024-02-07,CRUDEOILM,2024-07-19,0.0,0.0,0.0,6265.0,6265.0,0,0
2024-02-08,CRUDEOIL,2024-02-16,6144.0,6318.0,6112.0,6307.0,6131.0,32983,10106
2024-02-08,CRUDEOIL,2024-03-19,6189.0,6330.0,6146.0,6325.0,6162.0,1470,960
2024-02-08,CRUDEOIL,2024-04-19,0.0,0.0,0.0,6162.0,6162.0,0,4
2024-02-08,CRUDEOIL,2024-05-20,0.0,0.0,0.0,6222.0,6222.0,0,0
2024-02-08,CRUDEOIL,2024-06-18,0.0,0.0,0.0,6250.0,6250.0,0,0
2024-02-08,CRUDEOIL,2024-07-19,0.0,0.0,0.0,6280.0,6280.0,0,0
2024-02-08,CRUDEOILM,2024-02-16,6158.0,6319.0,6113.0,6308.0,6132.0,23399,10459
2024-02-08,CRUDEOILM,2024-03-19,6187.0,6330.0,6147.0,6321.0,6160.0,5389,2038
2024-02-08,CRUDEOILM,2024-04-19,6217.0,6350.0,6190.0,6344.0,6180.0,60,78
2024-02-08,CRUDEOILM,2024-05-20,0.0,0.0,0.0,6214.0,6214.0,0,0
2024-02-08,CRUDEOILM,2024-06-18,0.0,0.0,0.0,6239.0,6239.0,0,1
2024-02-08,CRUDEOILM,2024-07-19,0.0,0.0,0.0,6266.0,6266.0,0,0
2024-02-09,CRUDEOIL,2024-02-16,6320.0,6414.0,6301.0,6361.0,6307.0,20672,7858
2024-02-09,CRUDEOIL,2024-03-19,6340.0,6419.0,6323.0,6374.0,6325.0,2067,1381
2024-02-09,CRUDEOIL,2024-04-19,6371.0,6371.0,6350.0,6357.0,6342.0,3,4
2024-02-09,CRUDEOIL,2024-05-20,0.0,0.0,0.0,6359.0,6359.0,0,0
2024-02-09,CRUDEOIL,2024-06-18,0.0,0.0,0.0,6376.0,6376.0,0,0
2024-02-09,CRUDEOIL,2024-07-19,0.0,0.0,0.0,6393.0,6393.0,0,0
2024-02-09,CRUDEOILM,2024-02-16,6321.0,6412.0,6301.0,6365.0,6308.0,19098,8853
2024-02-09,CRUDEOILM,2024-03-19,6300.0,6423.0,6300.0,6377.0,6321.0,6309,3079
2024-02-09,CRUDEOILM,2024-04-19,6357.0,6439.0,6341.0,6382.0,6344.0,74,98
2024-02-09,CRUDEOILM,2024-05-20,0.0,0.0,0.0,6346.0,6346.0,0,0
2024-02-09,CRUDEOILM,2024-06-18,0.0,0.0,0.0,6357.0,6357.0,0,1
2024-02-09,CRUDEOILM,2024-07-19,0.0,0.0,0.0,6370.0,6370.0,0,0
2024-02-12,CRUDEOIL,2024-02-16,6344.0,6394.0,6276.0,6371.0,6361.0,19334,5805
2024-02-12,CRUDEOIL,2024-03-19,6357.0,6406.0,6290.0,6382.0,6374.0,4493,2672
2024-02-12,CRUDEOIL,2024-04-19,6364.0,6364.0,6364.0,6364.0,6357.0,2,5
2024-02-12,CRUDEOIL,2024-05-20,0.0,0.0,0.0,6399.0,6399.0,0,0
2024-02-12,CRUDEOIL,2024-06-18,0.0,0.0,0.0,6410.0,6410.0,0,0
2024-02-12,CRUDEOIL,2024-07-19,0.0,0.0,0.0,6423.0,6423.0,0,0
2024-02-12,CRUDEOILM,2024-02-16,6335.0,6397.0,6275.0,6373.0,6365.0,14386,8365
2024-02-12,CRUDEOILM,2024-03-19,6351.0,6409.0,6295.0,6381.0,6377.0,5266,3290
2024-02-12,CRUDEOILM,2024-04-19,6386.0,6421.0,6329.0,6378.0,6382.0,136,128
2024-02-12,CRUDEOILM,2024-05-20,0.0,0.0,0.0,6400.0,6400.0,0,0
2024-02-12,CRUDEOILM,2024-06-18,0.0,0.0,0.0,6411.0,6411.0,0,1
2024-02-12,CRUDEOILM,2024-07-19,0.0,0.0,0.0,6422.0,6422.0,0,0
2024-02-13,CRUDEOIL,2024-02-16,6396.0,6517.0,6382.0,6490.0,6371.0,28552,7838
2024-02-13,CRUDEOIL,2024-03-19,6447.0,6510.0,6399.0,6486.0,6382.0,6449,4608
2024-02-13,CRUDEOIL,2024-04-19,6480.0,6508.0,6433.0,6496.0,6364.0,40,9
2024-02-13,CRUDEOIL,2024-05-20,0.0,0.0,0.0,6403.0,6403.0,0,0
2024-02-13,CRUDEOIL,2024-06-18,0.0,0.0,0.0,6413.0,6413.0,0,0
2024-02-13,CRUDEOIL,2024-07-19,0.0,0.0,0.0,6423.0,6423.0,0,0
2024-02-13,CRUDEOILM,2024-02-16,6396.0,6516.0,6377.0,6487.0,6373.0,19211,5091
2024-02-13,CRUDEOILM,2024-03-19,6415.0,6511.0,6400.0,6487.0,6381.0,11194,5056
2024-02-13,CRUDEOILM,2024-04-19,6421.0,6501.0,6421.0,6493.0,6378.0,142,165
2024-02-13,CRUDEOILM,2024-05-20,0.0,0.0,0.0,6396.0,6396.0,0,0
2024-02-13,CRUDEOILM,2024-06-18,0.0,0.0,0.0,6403.0,6403.0,0,1
2024-02-13,CRUDEOILM,2024-07-19,0.0,0.0,0.0,6411.0,6411.0,0,0
2024-02-14,CRUDEOIL,2024-02-16,6473.0,6543.0,6382.0,6397.0,6490.0,24511,5446
2024-02-14,CRUDEOIL,2024-03-19,6464.0,6526.0,6368.0,6378.0,6486.0,7167,4687
2024-02-14,CRUDEOIL,2024-04-19,6454.0,6521.0,6366.0,6374.0,6496.0,71,30
2024-02-14,CRUDEOIL,2024-05-20,0.0,0.0,0.0,6478.0,6478.0,0,0
2024-02-14,CRUDEOIL,2024-06-18,0.0,0.0,0.0,6474.0,6474.0,0,0
2024-02-14,CRUDEOIL,2024-07-19,0.0,0.0,0.0,6470.0,6470.0,0,0
2024-02-14,CRUDEOILM,2024-02-16,6473.0,6540.0,6384.0,6395.0,6487.0,15868,2538
2024-02-14,CRUDEOILM,2024-03-19,6495.0,6534.0,6376.0,6389.0,6487.0,13033,7425
2024-02-14,CRUDEOILM,2024-04-19,6488.0,6531.0,6380.0,6386.0,6493.0,319,224
2024-02-14,CRUDEOILM,2024-05-20,0.0,0.0,0.0,6487.0,6487.0,0,0
2024-02-14,CRUDEOILM,2024-06-18,6338.0,6338.0,6338.0,6338.0,6487.0,1,1
2024-02-14,CRUDEOILM,2024-07-19,0.0,0.0,0.0,6487.0,6487.0,0,0
2024-02-15,CRUDEOIL,2024-02-16,6343.0,6511.0,6292.0,6483.0,6397.0,5997,1945
2024-02-15,CRUDEOIL,2024-03-19,6360.0,6491.0,6291.0,6458.0,6378.0,8950,4944
2024-02-15,CRUDEOIL,2024-04-19,6347.0,6492.0,6309.0,6474.0,6374.0,201,50
2024-02-15,CRUDEOIL,2024-05-20,0.0,0.0,0.0,6341.0,6341.0,0,0
2024-02-15,CRUDEOIL,2024-06-18,0.0,0.0,0.0,6323.0,6323.0,0,0
2024-02-15,CRUDEOIL,2024-07-19,0.0,0.0,0.0,6305.0,6305.0,0,0
2024-02-15,CRUDEOILM,2024-02-16,6352.0,6512.0,6292.0,6485.0,6395.0,7643,1445
2024-02-15,CRUDEOILM,2024-03-19,6376.0,6494.0,6298.0,6460.0,6389.0,14063,7522
2024-02-15,CRUDEOILM,2024-04-19,6349.0,6495.0,6324.0,6471.0,6386.0,602,387
2024-02-15,CRUDEOILM,2024-05-20,0.0,0.0,0.0,6377.0,6377.0,0,0
2024-02-15,CRUDEOILM,2024-06-18,0.0,0.0,0.0,6338.0,6338.0,0,1
2024-02-15,CRUDEOILM,2024-07-19,0.0,0.0,0.0,6366.0,6366.0,0,0
2024-02-16,CRUDEOIL,2024-02-16,6482.0,6583.0,6415.0,6538.0,6483.0,3116,910
2024-02-16,CRUDEOIL,2024-03-19,6457.0,6518.0,6381.0,6482.0,6458.0,12167,5020
2024-02-16,CRUDEOIL,2024-04-19,6455.0,6516.0,6398.0,6482.0,6474.0,233,68
2024-02-16,CRUDEOIL,2024-05-20,0.0,0.0,0.0,6409.0,6409.0,0,0
2024-02-16,CRUDEOIL,2024-06-18,0.0,0.0,0.0,6386.0,6386.0,0,0
2024-02-16,CRUDEOIL,2024-07-19,0.0,0.0,0.0,6362.0,6362.0,0,0
2024-02-16,CRUDEOILM,2024-02-16,6484.0,6588.0,6415.0,6542.0,6485.0,4597,741
2024-02-16,CRUDEOILM,2024-03-19,6465.0,6516.0,6389.0,6484.0,6460.0,18275,7989
2024-02-16,CRUDEOILM,2024-04-19,6461.0,6520.0,6405.0,6492.0,6471.0,671,452
2024-02-16,CRUDEOILM,2024-05-20,0.0,0.0,0.0,6411.0,6411.0,0,0
2024-02-16,CRUDEOILM,2024-06-18,0.0,0.0,0.0,6388.0,6388.0,0,1
2024-02-16,CRUDEOILM,2024-07-19,0.0,0.0,0.0,6364.0,6364.0,0,0
2024-02-19,CRUDEOIL,2024-03-19,6474.0,6532.0,6450.0,6518.0,6482.0,6120,5007
2024-02-19,CRUDEOIL,2024-04-19,6462.0,6552.0,6456.0,6519.0,6482.0,302,151
2024-02-19,CRUDEOIL,2024-05-20,0.0,0.0,0.0,6482.0,6482.0,0,0
2024-02-19,CRUDEOIL,2024-06-18,0.0,0.0,0.0,6482.0,6482.0,0,0
2024-02-19,CRUDEOIL,2024-07-19,0.0,0.0,0.0,6482.0,6482.0,0,0
2024-02-19,CRUDEOIL,2024-08-19,0.0,0.0,0.0,6310.0,6310.0,0,0
2024-02-19,CRUDEOILM,2024-03-19,6483.0,6538.0,6454.0,6520.0,6484.0,10334,8439
2024-02-19,CRUDEOILM,2024-04-19,6503.0,6536.0,6460.0,6523.0,6492.0,773,511
2024-02-19,CRUDEOILM,2024-05-20,0.0,0.0,0.0,6500.0,6500.0,0,0
2024-02-19,CRUDEOILM,2024-06-18,0.0,0.0,0.0,6507.0,6507.0,0,1
2024-02-19,CRUDEOILM,2024-07-19,0.0,0.0,0.0,6515.0,6515.0,0,0
2024-02-19,CRUDEOILM,2024-08-19,0.0,0.0,0.0,6310.0,6310.0,0,0
2024-02-20,CRUDEOIL,2024-03-19,6505.0,6524.0,6378.0,6430.0,6518.0,14635,5429
2024-02-20,CRUDEOIL,2024-04-19,6514.0,6517.0,6392.0,6431.0,6519.0,499,316
2024-02-20,CRUDEOIL,2024-05-20,0.0,0.0,0.0,6520.0,6520.0,0,0
2024-02-20,CRUDEOIL,2024-06-18,0.0,0.0,0.0,6520.0,6520.0,0,0
2024-02-20,CRUDEOIL,2024-07-19,0.0,0.0,0.0,6521.0,6521.0,0,0
2024-02-20,CRUDEOIL,2024-08-19,0.0,0.0,0.0,6522.0,6522.0,0,0
2024-02-20,CRUDEOILM,2024-03-19,6540.0,6540.0,6386.0,6434.0,6520.0,19799,8684
2024-02-20,CRUDEOILM,2024-04-19,6509.0,6526.0,6387.0,6440.0,6523.0,1383,599
2024-02-20,CRUDEOILM,2024-05-20,0.0,0.0,0.0,6526.0,6526.0,0,0
2024-02-20,CRUDEOILM,2024-06-18,0.0,0.0,0.0,6528.0,6528.0,0,1
2024-02-20,CRUDEOILM,2024-07-19,0.0,0.0,0.0,6531.0,6531.0,0,0
2024-02-20,CRUDEOILM,2024-08-19,0.0,0.0,0.0,6534.0,6534.0,0,0
2024-02-21,CRUDEOIL,2024-03-19,6393.0,6475.0,6343.0,6447.0,6430.0,14120,5158
2024-02-21,CRUDEOIL,2024-04-19,6426.0,6469.0,6356.0,6436.0,6431.0,498,338
2024-02-21,CRUDEOIL,2024-05-20,0.0,0.0,0.0,6432.0,6432.0,0,0
2024-02-21,CRUDEOIL,2024-06-18,0.0,0.0,0.0,6432.0,6432.0,0,0
2024-02-21,CRUDEOIL,2024-07-19,0.0,0.0,0.0,6433.0,6433.0,0,0
2024-02-21,CRUDEOIL,2024-08-19,0.0,0.0,0.0,6434.0,6434.0,0,0
2024-02-21,CRUDEOILM,2024-03-19,6404.0,6479.0,6350.0,6447.0,6434.0,21411,8570
2024-02-21,CRUDEOILM,2024-04-19,6425.0,6471.0,6365.0,6448.0,6440.0,1560,602
2024-02-21,CRUDEOILM,2024-05-20,0.0,0.0,0.0,6446.0,6446.0,0,0
2024-02-21,CRUDEOILM,2024-06-18,0.0,0.0,0.0,6451.0,6451.0,0,1
2024-02-21,CRUDEOILM,2024-07-19,0.0,0.0,0.0,6457.0,6457.0,0,0
2024-02-21,CRUDEOILM,2024-08-19,0.0,0.0,0.0,6463.0,6463.0,0,0
2024-02-22,CRUDEOIL,2024-03-19,6481.0,6543.0,6414.0,6535.0,6447.0,15485,5398
2024-02-22,CRUDEOIL,2024-04-19,6481.0,6522.0,6404.0,6515.0,6436.0,522,395
2024-02-22,CRUDEOIL,2024-05-20,0.0,0.0,0.0,6425.0,6425.0,0,0
2024-02-22,CRUDEOIL,2024-06-18,0.0,0.0,0.0,6414.0,6414.0,0,0
2024-02-22,CRUDEOIL,2024-07-19,0.0,0.0,0.0,6403.0,6403.0,0,0
2024-02-22,CRUDEOIL,2024-08-19,0.0,0.0,0.0,6392.0,6392.0,0,0
2024-02-22,CRUDEOILM,2024-03-19,6478.0,6542.0,6418.0,6534.0,6447.0,20563,8468
2024-02-22,CRUDEOILM,2024-04-19,6475.0,6519.0,6415.0,6511.0,6448.0,1684,713
2024-02-22,CRUDEOILM,2024-05-20,6636.0,6636.0,6636.0,6636.0,6449.0,1,1
2024-02-22,CRUDEOILM,2024-06-18,6388.0,6388.0,6388.0,6388.0,6449.0,1,2
2024-02-22,CRUDEOILM,2024-07-19,0.0,0.0,0.0,6450.0,6450.0,0,0
2024-02-22,CRUDEOILM,2024-08-19,0.0,0.0,0.0,6451.0,6451.0,0,0
2024-02-23,CRUDEOIL,2024-03-19,6498.0,6498.0,6344.0,6353.0,6535.0,18215,7057
2024-02-23,CRUDEOIL,2024-04-19,6478.0,6484.0,6340.0,6352.0,6515.0,709,608
2024-02-23,CRUDEOIL,2024-05-20,0.0,0.0,0.0,6495.0,6495.0,0,0
2024-02-23,CRUDEOIL,2024-06-18,0.0,0.0,0.0,6476.0,6476.0,0,0
2024-02-23,CRUDEOIL,2024-07-19,0.0,0.0,0.0,6456.0,6456.0,0,0
2024-02-23,CRUDEOIL,2024-08-19,0.0,0.0,0.0,6436.0,6436.0,0,0
2024-02-23,CRUDEOILM,2024-03-19,6560.0,6562.0,6351.0,6359.0,6534.0,22971,9700
2024-02-23,CRUDEOILM,2024-04-19,6522.0,6522.0,6350.0,6356.0,6511.0,2191,926
2024-02-23,CRUDEOILM,2024-05-20,6499.0,6499.0,6400.0,6452.0,6636.0,4,4
2024-02-23,CRUDEOILM,2024-06-18,0.0,0.0,0.0,6388.0,6388.0,0,2
2024-02-23,CRUDEOILM,2024-07-19,0.0,0.0,0.0,6443.0,6443.0,0,0
2024-02-23,CRUDEOILM,2024-08-19,0.0,0.0,0.0,6420.0,6420.0,0,0
2024-02-26,CRUDEOIL,2024-03-19,6342.0,6472.0,6301.0,6466.0,6353.0,12904,5498
2024-02-26,CRUDEOIL,2024-04-19,6329.0,6469.0,6315.0,6464.0,6352.0,664,602
2024-02-26,CRUDEOIL,2024-05-20,0.0,0.0,0.0,6351.0,6351.0,0,0
2024-02-26,CRUDEOIL,2024-06-18,0.0,0.0,0.0,6350.0,6350.0,0,0
2024-02-26,CRUDEOIL,2024-07-19,0.0,0.0,0.0,6349.0,6349.0,0,0
2024-02-26,CRUDEOIL,2024-08-19,0.0,0.0,0.0,6348.0,6348.0,0,0
2024-02-26,CRUDEOILM,2024-03-19,6359.0,6470.0,6307.0,6463.0,6359.0,17881,8865
2024-02-26,CRUDEOILM,2024-04-19,6333.0,6469.0,6319.0,6462.0,6356.0,1698,791
2024-02-26,CRUDEOILM,2024-05-20,6324.0,6440.0,6303.0,6356.0,6452.0,3,3
2024-02-26,CRUDEOILM,2024-06-18,0.0,0.0,0.0,6350.0,6350.0,0,2
2024-02-26,CRUDEOILM,2024-07-19,0.0,0.0,0.0,6347.0,6347.0,0,0
2024-02-26,CRUDEOILM,2024-08-19,0.0,0.0,0.0,6344.0,6344.0,0,0
2024-02-27,CRUDEOIL,2024-03-19,6438.0,6535.0,6408.0,6514.0,6466.0,15317,6289
2024-02-27,CRUDEOIL,2024-04-19,6435.0,6525.0,6401.0,6506.0,6464.0,626,607
2024-02-27,CRUDEOIL,2024-05-20,0.0,0.0,0.0,6462.0,6462.0,0,0
2024-02-27,CRUDEOIL,2024-06-18,0.0,0.0,0.0,6460.0,6460.0,0,0
2024-02-27,CRUDEOIL,2024-07-19,0.0,0.0,0.0,6458.0,6458.0,0,0
2024-02-27,CRUDEOIL,2024-08-19,0.0,0.0,0.0,6456.0,6456.0,0,0
2024-02-27,CRUDEOILM,2024-03-19,6445.0,6534.0,6411.0,6512.0,6463.0,20434,8756
2024-02-27,CRUDEOILM,2024-04-19,6436.0,6520.0,6410.0,6498.0,6462.0,1769,832
2024-02-27,CRUDEOILM,2024-05-20,6514.0,6522.0,6401.0,6482.0,6356.0,5,3
2024-02-27,CRUDEOILM,2024-06-18,0.0,0.0,0.0,6460.0,6460.0,0,2
2024-02-27,CRUDEOILM,2024-07-19,0.0,0.0,0.0,6459.0,6459.0,0,0
2024-02-27,CRUDEOILM,2024-08-19,0.0,0.0,0.0,6458.0,6458.0,0,0
2024-02-28,CRUDEOIL,2024-03-19,6507.0,6598.0,6456.0,6520.0,6514.0,17975,6129
2024-02-28,CRUDEOIL,2024-04-19,6501.0,6576.0,6447.0,6495.0,6506.0,567,651
2024-02-28,CRUDEOIL,2024-05-20,0.0,0.0,0.0,6498.0,6498.0,0,0
2024-02-28,CRUDEOIL,2024-06-18,0.0,0.0,0.0,6490.0,6490.0,0,0
2024-02-28,CRUDEOIL,2024-07-19,0.0,0.0,0.0,6482.0,6482.0,0,0
2024-02-28,CRUDEOIL,2024-08-19,0.0,0.0,0.0,6474.0,6474.0,0,0
2024-02-28,CRUDEOILM,2024-03-19,6500.0,6598.0,6460.0,6524.0,6512.0,22448,7927
2024-02-28,CRUDEOILM,2024-04-19,6499.0,6573.0,6449.0,6499.0,6498.0,2057,837
2024-02-28,CRUDEOILM,2024-05-20,6522.0,6589.0,6504.0,6534.0,6482.0,4,3
2024-02-28,CRUDEOILM,2024-06-18,0.0,0.0,0.0,6470.0,6470.0,0,2
2024-02-28,CRUDEOILM,2024-07-19,0.0,0.0,0.0,6456.0,6456.0,0,0
2024-02-28,CRUDEOILM,2024-08-19,0.0,0.0,0.0,6442.0,6442.0,0,0
2024-02-29,CRUDEOIL,2024-03-19,6496.0,6569.0,6471.0,6513.0,6520.0,16026,6246
2024-02-29,CRUDEOIL,2024-04-19,6469.0,6529.0,6450.0,6482.0,6495.0,525,766
2024-02-29,CRUDEOIL,2024-05-20,0.0,0.0,0.0,6470.0,6470.0,0,0
2024-02-29,CRUDEOIL,2024-06-18,0.0,0.0,0.0,6446.0,6446.0,0,0
2024-02-29,CRUDEOIL,2024-07-19,0.0,0.0,0.0,6421.0,6421.0,0,0
2024-02-29,CRUDEOIL,2024-08-19,0.0,0.0,0.0,6396.0,6396.0,0,0
2024-02-29,CRUDEOILM,2024-03-19,6505.0,6570.0,6475.0,6516.0,6524.0,22797,8186
2024-02-29,CRUDEOILM,2024-04-19,6486.0,6534.0,6455.0,6487.0,6499.0,1751,854
2024-02-29,CRUDEOILM,2024-05-20,6459.0,6459.0,6459.0,6459.0,6534.0,1,3
2024-02-29,CRUDEOILM,2024-06-18,0.0,0.0,0.0,6450.0,6450.0,0,2
2024-02-29,CRUDEOILM,2024-07-19,0.0,0.0,0.0,6425.0,6425.0,0,0
2024-02-29,CRUDEOILM,2024-08-19,0.0,0.0,0.0,6400.0,6400.0,0,0
2024-03-01,CRUDEOIL,2024-03-19,6510.0,6694.0,6475.0,6638.0,6513.0,22799,7166
2024-03-01,CRUDEOIL,2024-04-19,6486.0,6650.0,6451.0,6600.0,6482.0,1019,819
2024-03-01,CRUDEOIL,2024-05-20,0.0,0.0,0.0,6451.0,6451.0,0,0
2024-03-01,CRUDEOIL,2024-06-18,0.0,0.0,0.0,6422.0,6422.0,0,0
2024-03-01,CRUDEOIL,2024-07-19,0.0,0.0,0.0,6391.0,6391.0,0,0
2024-03-01,CRUDEOIL,2024-08-19,0.0,0.0,0.0,6360.0,6360.0,0,0
2024-03-01,CRUDEOILM,2024-03-19,6513.0,6694.0,6478.0,6642.0,6516.0,24523,8426
2024-03-01,CRUDEOILM,2024-04-19,6487.0,6650.0,6456.0,6611.0,6487.0,3024,1224
2024-03-01,CRUDEOILM,2024-05-20,6495.0,6609.0,6495.0,6580.0,6459.0,4,4
2024-03-01,CRUDEOILM,2024-06-18,0.0,0.0,0.0,6430.0,6430.0,0,2
2024-03-01,CRUDEOILM,2024-07-19,0.0,0.0,0.0,6401.0,6401.0,0,0
2024-03-01,CRUDEOILM,2024-08-19,0.0,0.0,0.0,6372.0,6372.0,0,0
2024-03-04,CRUDEOIL,2024-03-19,6633.0,6659.0,6517.0,6527.0,6638.0,19239,4585
2024-03-04,CRUDEOIL,2024-04-19,6593.0,6625.0,6503.0,6512.0,6600.0,540,935
2024-03-04,CRUDEOIL,2024-05-20,0.0,0.0,0.0,6562.0,6562.0,0,0
2024-03-04,CRUDEOIL,2024-06-18,0.0,0.0,0.0,6526.0,6526.0,0,0
2024-03-04,CRUDEOIL,2024-07-19,0.0,0.0,0.0,6488.0,6488.0,0,0
2024-03-04,CRUDEOIL,2024-08-19,0.0,0.0,0.0,6450.0,6450.0,0,0
2024-03-04,CRUDEOILM,2024-03-19,6628.0,6664.0,6523.0,6534.0,6642.0,22235,8298
2024-03-04,CRUDEOILM,2024-04-19,6611.0,6631.0,6511.0,6521.0,6611.0,2531,1184
2024-03-04,CRUDEOILM,2024-05-20,6603.0,6649.0,6587.0,6613.0,6580.0,3,5
2024-03-04,CRUDEOILM,2024-06-18,0.0,0.0,0.0,6551.0,6551.0,0,2
2024-03-04,CRUDEOILM,2024-07-19,0.0,0.0,0.0,6520.0,6520.0,0,0
2024-03-04,CRUDEOILM,2024-08-19,0.0,0.0,0.0,6489.0,6489.0,0,0
2024-03-05,CRUDEOIL,2024-03-19,6517.0,6583.0,6435.0,6481.0,6527.0,29248,4652
2024-03-05,CRUDEOIL,2024-04-19,6498.0,6541.0,6425.0,6455.0,6512.0,1739,1352
2024-03-05,CRUDEOIL,2024-05-20,0.0,0.0,0.0,6497.0,6497.0,0,0
2024-03-05,CRUDEOIL,2024-06-18,0.0,0.0,0.0,6482.0,6482.0,0,0
2024-03-05,CRUDEOIL,2024-07-19,0.0,0.0,0.0,6467.0,6467.0,0,0
2024-03-05,CRUDEOIL,2024-08-19,0.0,0.0,0.0,6452.0,6452.0,0,0
2024-03-05,CRUDEOILM,2024-03-19,6523.0,6587.0,6440.0,6483.0,6534.0,30162,8017
2024-03-05,CRUDEOILM,2024-04-19,6510.0,6545.0,6431.0,6459.0,6521.0,4565,1488
2024-03-05,CRUDEOILM,2024-05-20,6501.0,6674.0,6501.0,6550.0,6613.0,10,14
2024-03-05,CRUDEOILM,2024-06-18,6242.0,6242.0,6242.0,6242.0,6495.0,1,2
2024-03-05,CRUDEOILM,2024-07-19,0.0,0.0,0.0,6482.0,6482.0,0,0
2024-03-05,CRUDEOILM,2024-08-19,0.0,0.0,0.0,6469.0,6469.0,0,0
2024-03-06,CRUDEOIL,2024-03-19,6484.0,6671.0,6484.0,6600.0,6481.0,25233,4896
2024-03-06,CRUDEOIL,2024-04-19,6461.0,6613.0,6459.0,6569.0,6455.0,1413,1234
2024-03-06,CRUDEOIL,2024-05-20,0.0,0.0,0.0,6497.0,6497.0,0,0
2024-03-06,CRUDEOIL,2024-06-18,0.0,0.0,0.0,6482.0,6482.0,0,0
2024-03-06,CRUDEOIL,2024-07-19,0.0,0.0,0.0,6467.0,6467.0,0,0
2024-03-06,CRUDEOIL,2024-08-19,0.0,0.0,0.0,6452.0,6452.0,0,0
2024-03-06,CRUDEOILM,2024-03-19,6484.0,6672.0,6484.0,6606.0,6483.0,22185,7259
2024-03-06,CRUDEOILM,2024-04-19,6465.0,6615.0,6462.0,6569.0,6459.0,3675,1405
2024-03-06,CRUDEOILM,2024-05-20,6480.0,6599.0,6480.0,6537.0,6550.0,6,14
2024-03-06,CRUDEOILM,2024-06-18,0.0,0.0,0.0,6242.0,6242.0,0,2
2024-03-06,CRUDEOILM,2024-07-19,0.0,0.0,0.0,6482.0,6482.0,0,0
2024-03-06,CRUDEOILM,2024-08-19,0.0,0.0,0.0,6469.0,6469.0,0,0
2024-03-07,CRUDEOIL,2024-03-19,6550.0,6572.0,6461.0,6555.0,6600.0,29109,3390
2024-03-07,CRUDEOIL,2024-04-19,6534.0,6543.0,6441.0,6535.0,6569.0,1230,1399
2024-03-07,CRUDEOIL,2024-05-20,0.0,0.0,0.0,6538.0,6538.0,0,0
2024-03-07,CRUDEOIL,2024-06-18,0.0,0.0,0.0,6509.0,6509.0,0,0
2024-03-07,CRUDEOIL,2024-07-19,0.0,0.0,0.0,6478.0,6478.0,0,0
2024-03-07,CRUDEOIL,2024-08-19,0.0,0.0,0.0,6447.0,6447.0,0,0
2024-03-07,CRUDEOILM,2024-03-19,6560.0,6576.0,6457.0,6559.0,6606.0,25425,7425
2024-03-07,CRUDEOILM,2024-04-19,6521.0,6538.0,6446.0,6531.0,6569.0,4399,1809
2024-03-07,CRUDEOILM,2024-05-20,6476.0,6499.0,6476.0,6488.0,6537.0,2,15
2024-03-07,CRUDEOILM,2024-06-18,0.0,0.0,0.0,6497.0,6497.0,0,2
2024-03-07,CRUDEOILM,2024-07-19,0.0,0.0,0.0,6460.0,6460.0,0,0
2024-03-07,CRUDEOILM,2024-08-19,0.0,0.0,0.0,6423.0,6423.0,0,0
2024-03-08,CRUDEOIL,2024-03-19,6525.0,6525.0,6427.0,6459.0,6555.0,16143,5555
2024-03-08,CRUDEOIL,2024-04-19,6498.0,6498.0,6412.0,6440.0,6535.0,628,1533
2024-03-08,CRUDEOIL,2024-05-20,0.0,0.0,0.0,6538.0,6538.0,0,0
2024-03-08,CRUDEOIL,2024-06-18,0.0,0.0,0.0,6509.0,6509.0,0,0
2024-03-08,CRUDEOIL,2024-07-19,0.0,0.0,0.0,6478.0,6478.0,0,0
2024-03-08,CRUDEOIL,2024-08-19,0.0,0.0,0.0,6447.0,6447.0,0,0
2024-03-08,CRUDEOILM,2024-03-19,6525.0,6529.0,6434.0,6463.0,6559.0,13097,7953
2024-03-08,CRUDEOILM,2024-04-19,6490.0,6500.0,6415.0,6444.0,6531.0,2242,1999
2024-03-08,CRUDEOILM,2024-05-20,6450.0,6450.0,6450.0,6450.0,6488.0,6,15
2024-03-08,CRUDEOILM,2024-06-18,0.0,0.0,0.0,6497.0,6497.0,0,2
2024-03-08,CRUDEOILM,2024-07-19,0.0,0.0,0.0,6460.0,6460.0,0,0
2024-03-08,CRUDEOILM,2024-08-19,0.0,0.0,0.0,6423.0,6423.0,0,0
2024-03-11,CRUDEOIL,2024-03-19,6428.0,6489.0,6367.0,6443.0,6459.0,30586,3596
2024-03-11,CRUDEOIL,2024-04-19,6396.0,6476.0,6351.0,6433.0,6440.0,1543,1510
2024-03-11,CRUDEOIL,2024-05-20,0.0,0.0,0.0,6421.0,6421.0,0,0
2024-03-11,CRUDEOIL,2024-06-18,0.0,0.0,0.0,6403.0,6403.0,0,0
2024-03-11,CRUDEOIL,2024-07-19,0.0,0.0,0.0,6384.0,6384.0,0,0
2024-03-11,CRUDEOIL,2024-08-19,0.0,0.0,0.0,6365.0,6365.0,0,0
2024-03-11,CRUDEOILM,2024-03-19,6459.0,6494.0,6371.0,6445.0,6463.0,21731,7919
2024-03-11,CRUDEOILM,2024-04-19,6410.0,6480.0,6357.0,6437.0,6444.0,4727,2079
2024-03-11,CRUDEOILM,2024-05-20,6450.0,6493.0,6400.0,6447.0,6450.0,19,18
2024-03-11,CRUDEOILM,2024-06-18,0.0,0.0,0.0,6407.0,6407.0,0,2
2024-03-11,CRUDEOILM,2024-07-19,0.0,0.0,0.0,6388.0,6388.0,0,0
2024-03-11,CRUDEOILM,2024-08-19,0.0,0.0,0.0,6369.0,6369.0,0,0
2024-03-12,CRUDEOIL,2024-03-19,6472.0,6513.0,6414.0,6447.0,6443.0,26120,2874
2024-03-12,CRUDEOIL,2024-04-19,6452.0,6502.0,6400.0,6438.0,6433.0,2336,1429
2024-03-12,CRUDEOIL,2024-05-20,6442.0,6442.0,6442.0,6442.0,6421.0,1,1
2024-03-12,CRUDEOIL,2024-06-18,0.0,0.0,0.0,6403.0,6403.0,0,0
2024-03-12,CRUDEOIL,2024-07-19,0.0,0.0,0.0,6384.0,6384.0,0,0
2024-03-12,CRUDEOIL,2024-08-19,0.0,0.0,0.0,6365.0,6365.0,0,0
2024-03-12,CRUDEOILM,2024-03-19,6464.0,6513.0,6416.0,6449.0,6445.0,20201,7422
2024-03-12,CRUDEOILM,2024-04-19,6459.0,6502.0,6404.0,6440.0,6437.0,4892,2137
2024-03-12,CRUDEOILM,2024-05-20,6448.0,6468.0,6419.0,6442.0,6447.0,13,22
2024-03-12,CRUDEOILM,2024-06-18,0.0,0.0,0.0,6407.0,6407.0,0,2
2024-03-12,CRUDEOILM,2024-07-19,0.0,0.0,0.0,6388.0,6388.0,0,0
2024-03-12,CRUDEOILM,2024-08-19,0.0,0.0,0.0,6369.0,6369.0,0,0
2024-03-13,CRUDEOIL,2024-03-19,6460.0,6593.0,6434.0,6579.0,6447.0,23893,5783
2024-03-13,CRUDEOIL,2024-04-19,6454.0,6563.0,6427.0,6557.0,6438.0,3150,1366
2024-03-13,CRUDEOIL,2024-05-20,6443.0,6541.0,6433.0,6497.0,6442.0,11,6
2024-03-13,CRUDEOIL,2024-06-18,0.0,0.0,0.0,6403.0,6403.0,0,0
2024-03-13,CRUDEOIL,2024-07-19,0.0,0.0,0.0,6384.0,6384.0,0,0
2024-03-13,CRUDEOIL,2024-08-19,0.0,0.0,0.0,6365.0,6365.0,0,0
2024-03-13,CRUDEOILM,2024-03-19,6457.0,6595.0,6433.0,6582.0,6449.0,18437,5735
2024-03-13,CRUDEOILM,2024-04-19,6450.0,6562.0,6434.0,6557.0,6440.0,8110,3264
2024-03-13,CRUDEOILM,2024-05-20,6482.0,6544.0,6482.0,6526.0,6442.0,13,27
2024-03-13,CRUDEOILM,2024-06-18,0.0,0.0,0.0,6407.0,6407.0,0,2
2024-03-13,CRUDEOILM,2024-07-19,0.0,0.0,0.0,6388.0,6388.0,0,0
2024-03-13,CRUDEOILM,2024-08-19,0.0,0.0,0.0,6369.0,6369.0,0,0
2024-03-14,CRUDEOIL,2024-03-19,6609.0,6766.0,6598.0,6742.0,6579.0,24600,6092
2024-03-14,CRUDEOIL,2024-04-19,6574.0,6716.0,6570.0,6698.0,6557.0,4868,2027
2024-03-14,CRUDEOIL,2024-05-20,6624.0,6688.0,6607.0,6672.0,6497.0,38,17
2024-03-14,CRUDEOIL,2024-06-18,0.0,0.0,0.0,6403.0,6403.0,0,0
2024-03-14,CRUDEOIL,2024-07-19,0.0,0.0,0.0,6384.0,6384.0,0,0
2024-03-14,CRUDEOIL,2024-08-19,0.0,0.0,0.0,6365.0,6365.0,0,0
2024-03-14,CRUDEOILM,2024-03-19,6608.0,6765.0,6596.0,6745.0,6582.0,17406,3834
2024-03-14,CRUDEOILM,2024-04-19,6573.0,6715.0,6565.0,6698.0,6557.0,10294,5302
2024-03-14,CRUDEOILM,2024-05-20,6584.0,6700.0,6557.0,6657.0,6526.0,76,52
2024-03-14,CRUDEOILM,2024-06-18,0.0,0.0,0.0,6407.0,6407.0,0,2
2024-03-14,CRUDEOILM,2024-07-19,0.0,0.0,0.0,6388.0,6388.0,0,0
2024-03-14,CRUDEOILM,2024-08-19,0.0,0.0,0.0,6369.0,6369.0,0,0
2024-03-15,CRUDEOIL,2024-03-19,6727.0,6745.0,6670.0,6720.0,6742.0,17762,3430
2024-03-15,CRUDEOIL,2024-04-19,6683.0,6701.0,6636.0,6680.0,6698.0,4049,1788
2024-03-15,CRUDEOIL,2024-05-20,6679.0,6679.0,6630.0,6646.0,6672.0,40,25
2024-03-15,CRUDEOIL,2024-06-18,0.0,0.0,0.0,6403.0,6403.0,0,0
2024-03-15,CRUDEOIL,2024-07-19,0.0,0.0,0.0,6384.0,6384.0,0,0
2024-03-15,CRUDEOIL,2024-08-19,0.0,0.0,0.0,6365.0,6365.0,0,0
2024-03-15,CRUDEOILM,2024-03-19,6726.0,6747.0,6669.0,6719.0,6745.0,10777,3116
2024-03-15,CRUDEOILM,2024-04-19,6690.0,6705.0,6640.0,6679.0,6698.0,7273,6017
2024-03-15,CRUDEOILM,2024-05-20,6650.0,6685.0,6634.0,6662.0,6657.0,150,85
2024-03-15,CRUDEOILM,2024-06-18,0.0,0.0,0.0,6407.0,6407.0,0,2
2024-03-15,CRUDEOILM,2024-07-19,0.0,0.0,0.0,6388.0,6388.0,0,0
2024-03-15,CRUDEOILM,2024-08-19,0.0,0.0,0.0,6369.0,6369.0,0,0
2024-03-18,CRUDEOIL,2024-03-19,6732.0,6855.0,6725.0,6844.0,6720.0,7423,2245
2024-03-18,CRUDEOIL,2024-04-19,6702.0,6811.0,6697.0,6802.0,6680.0,8131,3613
2024-03-18,CRUDEOIL,2024-05-20,6675.0,6775.0,6674.0,6763.0,6646.0,79,34
2024-03-18,CRUDEOIL,2024-06-18,0.0,0.0,0.0,6602.0,6602.0,0,0
2024-03-18,CRUDEOIL,2024-07-19,0.0,0.0,0.0,6562.0,6562.0,0,0
2024-03-18,CRUDEOIL,2024-08-19,0.0,0.0,0.0,6522.0,6522.0,0,0
2024-03-18,CRUDEOILM,2024-03-19,6730.0,6854.0,6724.0,6845.0,6719.0,9286,2499
2024-03-18,CRUDEOILM,2024-04-19,6691.0,6806.0,6691.0,6797.0,6679.0,13578,8100
2024-03-18,CRUDEOILM,2024-05-20,6710.0,6765.0,6675.0,6755.0,6662.0,431,173
2024-03-18,CRUDEOILM,2024-06-18,0.0,0.0,0.0,6601.0,6601.0,0,2
2024-03-18,CRUDEOILM,2024-07-19,0.0,0.0,0.0,6561.0,6561.0,0,0
2024-03-18,CRUDEOILM,2024-08-19,0.0,0.0,0.0,6521.0,6521.0,0,0
2024-03-19,CRUDEOIL,2024-03-19,6840.0,6955.0,6830.0,6944.0,6844.0,2633,1416
2024-03-19,CRUDEOIL,2024-04-19,6799.0,6897.0,6788.0,6887.0,6802.0,10093,5029
2024-03-19,CRUDEOIL,2024-05-20,6773.0,6858.0,6765.0,6842.0,6763.0,101,50
2024-03-19,CRUDEOIL,2024-06-18,0.0,0.0,0.0,6720.0,6720.0,0,0
2024-03-19,CRUDEOIL,2024-07-19,0.0,0.0,0.0,6678.0,6678.0,0,0
2024-03-19,CRUDEOIL,2024-08-19,0.0,0.0,0.0,6636.0,6636.0,0,0
2024-03-19,CRUDEOILM,2024-03-19,6841.0,6959.0,6830.0,6948.0,6845.0,4355,1647
2024-03-19,CRUDEOILM,2024-04-19,6800.0,6893.0,6786.0,6882.0,6797.0,18436,7943
2024-03-19,CRUDEOILM,2024-05-20,6780.0,6855.0,6755.0,6838.0,6755.0,651,281
2024-03-19,CRUDEOILM,2024-06-18,6660.0,6660.0,6660.0,6660.0,6704.0,1,3
2024-03-19,CRUDEOILM,2024-07-19,0.0,0.0,0.0,6656.0,6656.0,0,0
2024-03-19,CRUDEOILM,2024-08-19,0.0,0.0,0.0,6608.0,6608.0,0,0
2024-03-20,CRUDEOIL,2024-04-19,6859.0,6872.0,6731.0,6748.0,6887.0,13282,3592
2024-03-20,CRUDEOIL,2024-05-20,6822.0,6837.0,6725.0,6734.0,6842.0,326,128
2024-03-20,CRUDEOIL,2024-06-18,0.0,0.0,0.0,6799.0,6799.0,0,0
2024-03-20,CRUDEOIL,2024-07-19,0.0,0.0,0.0,6754.0,6754.0,0,0
2024-03-20,CRUDEOIL,2024-08-19,0.0,0.0,0.0,6709.0,6709.0,0,0
2024-03-20,CRUDEOIL,2024-09-19,0.0,0.0,0.0,6631.0,6631.0,0,0
2024-03-20,CRUDEOILM,2024-04-19,6864.0,6867.0,6736.0,6748.0,6882.0,20168,5779
2024-03-20,CRUDEOILM,2024-05-20,6830.0,6838.0,6730.0,6745.0,6838.0,1238,345
2024-03-20,CRUDEOILM,2024-06-18,6770.0,6770.0,6770.0,6770.0,6660.0,1,3
2024-03-20,CRUDEOILM,2024-07-19,0.0,0.0,0.0,6752.0,6752.0,0,0
2024-03-20,CRUDEOILM,2024-08-19,0.0,0.0,0.0,6708.0,6708.0,0,0
2024-03-20,CRUDEOILM,2024-09-19,0.0,0.0,0.0,6631.0,6631.0,0,0
2024-03-21,CRUDEOIL,2024-04-19,6763.0,6814.0,6690.0,6733.0,6748.0,9972,3042
2024-03-21,CRUDEOIL,2024-05-20,6748.0,6789.0,6675.0,6719.0,6734.0,342,117
2024-03-21,CRUDEOIL,2024-06-18,0.0,0.0,0.0,6720.0,6720.0,0,0
2024-03-21,CRUDEOIL,2024-07-19,0.0,0.0,0.0,6706.0,6706.0,0,0
2024-03-21,CRUDEOIL,2024-08-19,0.0,0.0,0.0,6692.0,6692.0,0,0
2024-03-21,CRUDEOIL,2024-09-19,0.0,0.0,0.0,6678.0,6678.0,0,0
2024-03-21,CRUDEOILM,2024-04-19,6765.0,6812.0,6692.0,6735.0,6748.0,15518,5496
2024-03-21,CRUDEOILM,2024-05-20,6765.0,6788.0,6681.0,6720.0,6745.0,957,324
2024-03-21,CRUDEOILM,2024-06-18,6701.0,6722.0,6690.0,6709.0,6770.0,5,7
2024-03-21,CRUDEOILM,2024-07-19,0.0,0.0,0.0,6739.0,6739.0,0,0
2024-03-21,CRUDEOILM,2024-08-19,0.0,0.0,0.0,6736.0,6736.0,0,0
2024-03-21,CRUDEOILM,2024-09-19,0.0,0.0,0.0,6733.0,6733.0,0,0
2024-03-22,CRUDEOIL,2024-04-19,6715.0,6803.0,6705.0,6746.0,6733.0,9748,2883
2024-03-22,CRUDEOIL,2024-05-20,6691.0,6768.0,6688.0,6716.0,6719.0,212,107
2024-03-22,CRUDEOIL,2024-06-18,6705.0,6705.0,6705.0,6705.0,6705.0,1,1
2024-03-22,CRUDEOIL,2024-07-19,0.0,0.0,0.0,6691.0,6691.0,0,0
2024-03-22,CRUDEOIL,2024-08-19,0.0,0.0,0.0,6677.0,6677.0,0,0
2024-03-22,CRUDEOIL,2024-09-19,0.0,0.0,0.0,6663.0,6663.0,0,0
2024-03-22,CRUDEOILM,2024-04-19,6704.0,6802.0,6704.0,6746.0,6735.0,14487,5589
2024-03-22,CRUDEOILM,2024-05-20,6702.0,6775.0,6688.0,6714.0,6720.0,818,387
2024-03-22,CRUDEOILM,2024-06-18,6734.0,6734.0,6734.0,6734.0,6709.0,2,8
2024-03-22,CRUDEOILM,2024-07-19,0.0,0.0,0.0,6690.0,6690.0,0,0
2024-03-22,CRUDEOILM,2024-08-19,0.0,0.0,0.0,6675.0,6675.0,0,0
2024-03-22,CRUDEOILM,2024-09-19,0.0,0.0,0.0,6660.0,6660.0,0,0
2024-03-25,CRUDEOIL,2024-04-19,6744.0,6874.0,6742.0,6824.0,6746.0,10740,4122
2024-03-25,CRUDEOIL,2024-05-20,6716.0,6828.0,6716.0,6788.0,6716.0,191,115
2024-03-25,CRUDEOIL,2024-06-18,0.0,0.0,0.0,6705.0,6705.0,0,1
2024-03-25,CRUDEOIL,2024-07-19,0.0,0.0,0.0,6657.0,6657.0,0,0
2024-03-25,CRUDEOIL,2024-08-19,0.0,0.0,0.0,6627.0,6627.0,0,0
2024-03-25,CRUDEOIL,2024-09-19,0.0,0.0,0.0,6597.0,6597.0,0,0
2024-03-25,CRUDEOILM,2024-04-19,6794.0,6871.0,6742.0,6823.0,6746.0,12108,6161
2024-03-25,CRUDEOILM,2024-05-20,6719.0,6835.0,6702.0,6780.0,6714.0,908,473
2024-03-25,CRUDEOILM,2024-06-18,0.0,0.0,0.0,6734.0,6734.0,0,8
2024-03-25,CRUDEOILM,2024-07-19,0.0,0.0,0.0,6652.0,6652.0,0,0
2024-03-25,CRUDEOILM,2024-08-19,0.0,0.0,0.0,6620.0,6620.0,0,0
2024-03-25,CRUDEOILM,2024-09-19,0.0,0.0,0.0,6588.0,6588.0,0,0
2024-03-26,CRUDEOIL,2024-04-19,6831.0,6859.0,6790.0,6817.0,6824.0,11838,3406
2024-03-26,CRUDEOIL,2024-05-20,6795.0,6815.0,6760.0,6783.0,6788.0,229,99
2024-03-26,CRUDEOIL,2024-06-18,0.0,0.0,0.0,6754.0,6754.0,0,1
2024-03-26,CRUDEOIL,2024-07-19,0.0,0.0,0.0,6718.0,6718.0,0,0
2024-03-26,CRUDEOIL,2024-08-19,0.0,0.0,0.0,6682.0,6682.0,0,0
2024-03-26,CRUDEOIL,2024-09-19,0.0,0.0,0.0,6646.0,6646.0,0,0
2024-03-26,CRUDEOILM,2024-04-19,6837.0,6857.0,6787.0,6815.0,6823.0,16016,6109
2024-03-26,CRUDEOILM,2024-05-20,6775.0,6815.0,6755.0,6784.0,6780.0,954,518
2024-03-26,CRUDEOILM,2024-06-18,0.0,0.0,0.0,6739.0,6739.0,0,8
2024-03-26,CRUDEOILM,2024-07-19,0.0,0.0,0.0,6696.0,6696.0,0,0
2024-03-26,CRUDEOILM,2024-08-19,0.0,0.0,0.0,6653.0,6653.0,0,0
2024-03-26,CRUDEOILM,2024-09-19,0.0,0.0,0.0,6610.0,6610.0,0,0
2024-03-27,CRUDEOIL,2024-04-19,6765.0,6800.0,6723.0,6776.0,6817.0,13644,2971
2024-03-27,CRUDEOIL,2024-05-20,6720.0,6767.0,6695.0,6746.0,6783.0,317,148
2024-03-27,CRUDEOIL,2024-06-18,0.0,0.0,0.0,6751.0,6751.0,0,1
2024-03-27,CRUDEOIL,2024-07-19,0.0,0.0,0.0,6717.0,6717.0,0,0
2024-03-27,CRUDEOIL,2024-08-19,0.0,0.0,0.0,6683.0,6683.0,0,0
2024-03-27,CRUDEOIL,2024-09-19,0.0,0.0,0.0,6649.0,6649.0,0,0
2024-03-27,CRUDEOILM,2024-04-19,6753.0,6865.0,6725.0,6776.0,6815.0,15546,5403
2024-03-27,CRUDEOILM,2024-05-20,6725.0,6766.0,6697.0,6749.0,6784.0,1232,490
2024-03-27,CRUDEOILM,2024-06-18,6714.0,6754.0,6692.0,6719.0,6755.0,4,8
2024-03-27,CRUDEOILM,2024-07-19,0.0,0.0,0.0,6724.0,6724.0,0,0
2024-03-27,CRUDEOILM,2024-08-19,0.0,0.0,0.0,6693.0,6693.0,0,0
2024-03-27,CRUDEOILM,2024-09-19,0.0,0.0,0.0,6662.0,6662.0,0,0
2024-03-28,CRUDEOIL,2024-04-19,6785.0,6923.0,6785.0,6909.0,6776.0,16282,5964
2024-03-28,CRUDEOIL,2024-05-20,6770.0,6881.0,6770.0,6877.0,6746.0,437,243
2024-03-28,CRUDEOIL,2024-06-18,0.0,0.0,0.0,6717.0,6717.0,0,1
2024-03-28,CRUDEOIL,2024-07-19,0.0,0.0,0.0,6687.0,6687.0,0,0
2024-03-28,CRUDEOIL,2024-08-19,0.0,0.0,0.0,6657.0,6657.0,0,0
2024-03-28,CRUDEOIL,2024-09-19,0.0,0.0,0.0,6627.0,6627.0,0,0
2024-03-28,CRUDEOILM,2024-04-19,6802.0,6915.0,6798.0,6906.0,6776.0,15738,7014
2024-03-28,CRUDEOILM,2024-05-20,6794.0,6878.0,6772.0,6869.0,6749.0,1345,768
2024-03-28,CRUDEOILM,2024-06-18,6754.0,6850.0,6749.0,6815.0,6719.0,8,11
2024-03-28,CRUDEOILM,2024-07-19,0.0,0.0,0.0,6696.0,6696.0,0,0
2024-03-28,CRUDEOILM,2024-08-19,0.0,0.0,0.0,6669.0,6669.0,0,0
2024-03-28,CRUDEOILM,2024-09-19,0.0,0.0,0.0,6642.0,6642.0,0,0
2024-04-01,CRUDEOIL,2024-04-19,6940.0,7045.0,6892.0,6997.0,6909.0,16637,7543
2024-04-01,CRUDEOIL,2024-05-20,6908.0,6978.0,6843.0,6939.0,6877.0,442,307
2024-04-01,CRUDEOIL,2024-06-18,6990.0,6990.0,6950.0,6970.0,6847.0,2,2
2024-04-01,CRUDEOIL,2024-07-19,0.0,0.0,0.0,6815.0,6815.0,0,0
2024-04-01,CRUDEOIL,2024-08-19,0.0,0.0,0.0,6783.0,6783.0,0,0
2024-04-01,CRUDEOIL,2024-09-19,0.0,0.0,0.0,6751.0,6751.0,0,0
2024-04-01,CRUDEOILM,2024-04-19,6926.0,7038.0,6890.0,6997.0,6906.0,17158,7913
2024-04-01,CRUDEOILM,2024-05-20,6899.0,6973.0,6847.0,6941.0,6869.0,1728,1016
2024-04-01,CRUDEOILM,2024-06-18,6957.0,6957.0,6918.0,6931.0,6815.0,3,12
2024-04-01,CRUDEOILM,2024-07-19,0.0,0.0,0.0,6797.0,6797.0,0,0
2024-04-01,CRUDEOILM,2024-08-19,0.0,0.0,0.0,6760.0,6760.0,0,0
2024-04-01,CRUDEOILM,2024-09-19,0.0,0.0,0.0,6723.0,6723.0,0,0
2024-04-02,CRUDEOIL,2024-04-19,7013.0,7123.0,7003.0,7077.0,6997.0,19401,8114
2024-04-02,CRUDEOIL,2024-05-20,6955.0,7059.0,6946.0,7020.0,6939.0,644,448
2024-04-02,CRUDEOIL,2024-06-18,7069.0,7069.0,7069.0,7069.0,6970.0,1,3
2024-04-02,CRUDEOIL,2024-07-19,0.0,0.0,0.0,6826.0,6826.0,0,0
2024-04-02,CRUDEOIL,2024-08-19,0.0,0.0,0.0,6768.0,6768.0,0,0
2024-04-02,CRUDEOIL,2024-09-19,0.0,0.0,0.0,6710.0,6710.0,0,0
2024-04-02,CRUDEOILM,2024-04-19,6999.0,7120.0,6999.0,7077.0,6997.0,16953,8168
2024-04-02,CRUDEOILM,2024-05-20,6949.0,7054.0,6947.0,7019.0,6941.0,1717,1248
2024-04-02,CRUDEOILM,2024-06-18,7012.0,7012.0,6926.0,6983.0,6931.0,3,13
2024-04-02,CRUDEOILM,2024-07-19,0.0,0.0,0.0,6832.0,6832.0,0,0
2024-04-02,CRUDEOILM,2024-08-19,0.0,0.0,0.0,6776.0,6776.0,0,0
2024-04-02,CRUDEOILM,2024-09-19,0.0,0.0,0.0,6720.0,6720.0,0,0
2024-04-03,CRUDEOIL,2024-04-19,7092.0,7191.0,7076.0,7162.0,7077.0,17260,10793
2024-04-03,CRUDEOIL,2024-05-20,7047.0,7140.0,7033.0,7121.0,7020.0,488,492
2024-04-03,CRUDEOIL,2024-06-18,0.0,0.0,0.0,7069.0,7069.0,0,3
2024-04-03,CRUDEOIL,2024-07-19,0.0,0.0,0.0,6826.0,6826.0,0,0
2024-04-03,CRUDEOIL,2024-08-19,0.0,0.0,0.0,6768.0,6768.0,0,0
2024-04-03,CRUDEOIL,2024-09-19,0.0,0.0,0.0,6710.0,6710.0,0,0
2024-04-03,CRUDEOILM,2024-04-19,7100.0,7192.0,7072.0,7161.0,7077.0,16163,8954
2024-04-03,CRUDEOILM,2024-05-20,7035.0,7137.0,7028.0,7116.0,7019.0,1894,1520
2024-04-03,CRUDEOILM,2024-06-18,6998.0,7100.0,6995.0,7043.0,6983.0,13,13
2024-04-03,CRUDEOILM,2024-07-19,0.0,0.0,0.0,6832.0,6832.0,0,0
2024-04-03,CRUDEOILM,2024-08-19,0.0,0.0,0.0,6776.0,6776.0,0,0
2024-04-03,CRUDEOILM,2024-09-19,0.0,0.0,0.0,6720.0,6720.0,0,0
2024-04-04,CRUDEOIL,2024-04-19,7162.0,7162.0,7060.0,7123.0,7162.0,13461,7951
2024-04-04,CRUDEOIL,2024-05-20,7111.0,7115.0,7030.0,7082.0,7121.0,431,438
2024-04-04,CRUDEOIL,2024-06-18,0.0,0.0,0.0,7082.0,7082.0,0,3
2024-04-04,CRUDEOIL,2024-07-19,0.0,0.0,0.0,7041.0,7041.0,0,0
2024-04-04,CRUDEOIL,2024-08-19,0.0,0.0,0.0,7000.0,7000.0,0,0
2024-04-04,CRUDEOIL,2024-09-19,0.0,0.0,0.0,6959.0,6959.0,0,0
2024-04-04,CRUDEOILM,2024-04-19,7145.0,7156.0,7062.0,7120.0,7161.0,14058,7999
2024-04-04,CRUDEOILM,2024-05-20,7110.0,7111.0,7028.0,7076.0,7116.0,1164,1459
2024-04-04,CRUDEOILM,2024-06-18,7060.0,7073.0,7006.0,7053.0,7043.0,10,16
2024-04-04,CRUDEOILM,2024-07-19,0.0,0.0,0.0,7028.0,7028.0,0,0
2024-04-04,CRUDEOILM,2024-08-19,0.0,0.0,0.0,6983.0,6983.0,0,0
2024-04-04,CRUDEOILM,2024-09-19,0.0,0.0,0.0,6938.0,6938.0,0,0
2024-04-05,CRUDEOIL,2024-04-19,7198.0,7296.0,7188.0,7284.0,7123.0,22652,9925
2024-04-05,CRUDEOIL,2024-05-20,7170.0,7248.0,7150.0,7238.0,7082.0,936,477
2024-04-05,CRUDEOIL,2024-06-18,7279.0,7279.0,7151.0,7215.0,7043.0,2,3
2024-04-05,CRUDEOIL,2024-07-19,0.0,0.0,0.0,7002.0,7002.0,0,0
2024-04-05,CRUDEOIL,2024-08-19,0.0,0.0,0.0,6961.0,6961.0,0,0
2024-04-05,CRUDEOIL,2024-09-19,0.0,0.0,0.0,6920.0,6920.0,0,0
2024-04-05,CRUDEOILM,2024-04-19,7205.0,7294.0,7186.0,7282.0,7120.0,19584,8654
2024-04-05,CRUDEOILM,2024-05-20,7150.0,7244.0,7146.0,7232.0,7076.0,2558,1887
2024-04-05,CRUDEOILM,2024-06-18,7152.0,7229.0,7150.0,7178.0,7053.0,19,22
2024-04-05,CRUDEOILM,2024-07-19,0.0,0.0,0.0,6990.0,6990.0,0,0
2024-04-05,CRUDEOILM,2024-08-19,0.0,0.0,0.0,6946.0,6946.0,0,0
2024-04-05,CRUDEOILM,2024-09-19,0.0,0.0,0.0,6902.0,6902.0,0,0
2024-04-08,CRUDEOIL,2024-04-19,7129.0,7248.0,7112.0,7179.0,7284.0,23908,6529
2024-04-08,CRUDEOIL,2024-05-20,7084.0,7200.0,7075.0,7130.0,7238.0,965,608
2024-04-08,CRUDEOIL,2024-06-18,7190.0,7190.0,7190.0,7190.0,7215.0,1,3
2024-04-08,CRUDEOIL,2024-07-19,0.0,0.0,0.0,7148.0,7148.0,0,0
2024-04-08,CRUDEOIL,2024-08-19,0.0,0.0,0.0,7102.0,7102.0,0,0
2024-04-08,CRUDEOIL,2024-09-19,0.0,0.0,0.0,7056.0,7056.0,0,0
2024-04-08,CRUDEOILM,2024-04-19,7200.0,7251.0,7115.0,7178.0,7282.0,21712,6992
2024-04-08,CRUDEOILM,2024-05-20,7126.0,7190.0,7074.0,7124.0,7232.0,2642,1796
2024-04-08,CRUDEOILM,2024-06-18,7075.0,7110.0,7060.0,7087.0,7178.0,6,23
2024-04-08,CRUDEOILM,2024-07-19,0.0,0.0,0.0,7135.0,7135.0,0,0
2024-04-08,CRUDEOILM,2024-08-19,0.0,0.0,0.0,7085.0,7085.0,0,0
2024-04-08,CRUDEOILM,2024-09-19,0.0,0.0,0.0,7035.0,7035.0,0,0
2024-04-09,CRUDEOIL,2024-04-19,7213.0,7236.0,7086.0,7102.0,7179.0,15223,6084
2024-04-09,CRUDEOIL,2024-05-20,7158.0,7183.0,7037.0,7049.0,7130.0,629,665
2024-04-09,CRUDEOIL,2024-06-18,7053.0,7053.0,7053.0,7053.0,7190.0,1,3
2024-04-09,CRUDEOIL,2024-07-19,0.0,0.0,0.0,7035.0,7035.0,0,0
2024-04-09,CRUDEOIL,2024-08-19,0.0,0.0,0.0,6986.0,6986.0,0,0
2024-04-09,CRUDEOIL,2024-09-19,0.0,0.0,0.0,6937.0,6937.0,0,0
2024-04-09,CRUDEOILM,2024-04-19,7217.0,7238.0,7075.0,7103.0,7178.0,17511,7219
2024-04-09,CRUDEOILM,2024-05-20,7140.0,7180.0,7036.0,7052.0,7124.0,3059,2360
2024-04-09,CRUDEOILM,2024-06-18,7144.0,7144.0,7035.0,7052.0,7087.0,19,23
2024-04-09,CRUDEOILM,2024-07-19,0.0,0.0,0.0,7019.0,7019.0,0,0
2024-04-09,CRUDEOILM,2024-08-19,0.0,0.0,0.0,6965.0,6965.0,0,0
2024-04-09,CRUDEOILM,2024-09-19,0.0,0.0,0.0,6911.0,6911.0,0,0
2024-04-10,CRUDEOIL,2024-04-19,7125.0,7187.0,7057.0,7159.0,7102.0,24591,7018
2024-04-10,CRUDEOIL,2024-05-20,7055.0,7137.0,7015.0,7115.0,7049.0,1262,771
2024-04-10,CRUDEOIL,2024-06-18,7106.0,7113.0,7052.0,7085.0,7053.0,9,3
2024-04-10,CRUDEOIL,2024-07-19,0.0,0.0,0.0,6946.0,6946.0,0,0
2024-04-10,CRUDEOIL,2024-08-19,0.0,0.0,0.0,6893.0,6893.0,0,0
2024-04-10,CRUDEOIL,2024-09-19,0.0,0.0,0.0,6840.0,6840.0,0,0
2024-04-10,CRUDEOILM,2024-04-19,7097.0,7191.0,7056.0,7157.0,7103.0,24421,6673
2024-04-10,CRUDEOILM,2024-05-20,7056.0,7144.0,7013.0,7113.0,7052.0,3603,2217
2024-04-10,CRUDEOILM,2024-06-18,7044.0,7063.0,7040.0,7041.0,7052.0,13,33
2024-04-10,CRUDEOILM,2024-07-19,0.0,0.0,0.0,6953.0,6953.0,0,0
2024-04-10,CRUDEOILM,2024-08-19,0.0,0.0,0.0,6902.0,6902.0,0,0
2024-04-10,CRUDEOILM,2024-09-19,0.0,0.0,0.0,6851.0,6851.0,0,0
2024-04-11,CRUDEOIL,2024-04-19,7168.0,7169.0,7081.0,7109.0,7159.0,11152,6063
2024-04-11,CRUDEOIL,2024-05-20,7100.0,7128.0,7048.0,7068.0,7115.0,395,784
2024-04-11,CRUDEOIL,2024-06-18,7064.0,7064.0,7064.0,7064.0,7085.0,2,2
2024-04-11,CRUDEOIL,2024-07-19,0.0,0.0,0.0,7029.0,7029.0,0,0
2024-04-11,CRUDEOIL,2024-08-19,0.0,0.0,0.0,6985.0,6985.0,0,0
2024-04-11,CRUDEOIL,2024-09-19,0.0,0.0,0.0,6941.0,6941.0,0,0
2024-04-11,CRUDEOILM,2024-04-19,7150.0,7170.0,7082.0,7109.0,7157.0,10260,6756
2024-04-11,CRUDEOILM,2024-05-20,7120.0,7125.0,7046.0,7076.0,7113.0,1903,2540
2024-04-11,CRUDEOILM,2024-06-18,7077.0,7092.0,7050.0,7080.0,7041.0,11,38
2024-04-11,CRUDEOILM,2024-07-19,0.0,0.0,0.0,7027.0,7027.0,0,0
2024-04-11,CRUDEOILM,2024-08-19,0.0,0.0,0.0,6983.0,6983.0,0,0
2024-04-11,CRUDEOILM,2024-09-19,0.0,0.0,0.0,6939.0,6939.0,0,0
2024-04-12,CRUDEOIL,2024-04-19,7140.0,7322.0,7134.0,7187.0,7109.0,27824,7292
2024-04-12,CRUDEOIL,2024-05-20,7098.0,7280.0,7095.0,7153.0,7068.0,2219,1011
2024-04-12,CRUDEOIL,2024-06-18,0.0,0.0,0.0,7064.0,7064.0,0,2
2024-04-12,CRUDEOIL,2024-07-19,0.0,0.0,0.0,6988.0,6988.0,0,0
2024-04-12,CRUDEOIL,2024-08-19,0.0,0.0,0.0,6947.0,6947.0,0,0
2024-04-12,CRUDEOIL,2024-09-19,0.0,0.0,0.0,6906.0,6906.0,0,0
2024-04-12,CRUDEOILM,2024-04-19,7141.0,7320.0,7137.0,7189.0,7109.0,19302,6156
2024-04-12,CRUDEOILM,2024-05-20,7100.0,7277.0,7085.0,7152.0,7076.0,6584,2618
2024-04-12,CRUDEOILM,2024-06-18,7095.0,7276.0,7095.0,7170.0,7080.0,45,54
2024-04-12,CRUDEOILM,2024-07-19,0.0,0.0,0.0,7012.0,7012.0,0,0
2024-04-12,CRUDEOILM,2024-08-19,0.0,0.0,0.0,6979.0,6979.0,0,0
2024-04-12,CRUDEOILM,2024-09-19,0.0,0.0,0.0,6946.0,6946.0,0,0
2024-04-15,CRUDEOIL,2024-04-19,7126.0,7166.0,7029.0,7115.0,7187.0,30183,4914
2024-04-15,CRUDEOIL,2024-05-20,7115.0,7115.0,6995.0,7085.0,7153.0,4302,1544
2024-04-15,CRUDEOIL,2024-06-18,7121.0,7121.0,7003.0,7069.0,7121.0,61,24
2024-04-15,CRUDEOIL,2024-07-19,0.0,0.0,0.0,7087.0,7087.0,0,0
2024-04-15,CRUDEOIL,2024-08-19,0.0,0.0,0.0,7053.0,7053.0,0,0
2024-04-15,CRUDEOIL,2024-09-19,0.0,0.0,0.0,7019.0,7019.0,0,0
2024-04-15,CRUDEOILM,2024-04-19,7090.0,7148.0,7030.0,7115.0,7189.0,20586,5689
2024-04-15,CRUDEOILM,2024-05-20,7120.0,7130.0,7000.0,7085.0,7152.0,7727,2694
2024-04-15,CRUDEOILM,2024-06-18,7124.0,7132.0,7001.0,7083.0,7170.0,141,83
2024-04-15,CRUDEOILM,2024-07-19,0.0,0.0,0.0,7080.0,7080.0,0,0
2024-04-15,CRUDEOILM,2024-08-19,0.0,0.0,0.0,7043.0,7043.0,0,0
2024-04-15,CRUDEOILM,2024-09-19,0.0,0.0,0.0,7006.0,7006.0,0,0
2024-04-16,CRUDEOIL,2024-04-19,7191.0,7192.0,7091.0,7135.0,7115.0,18789,6418
2024-04-16,CRUDEOIL,2024-05-20,7149.0,7160.0,7055.0,7101.0,7085.0,4570,1845
2024-04-16,CRUDEOIL,2024-06-18,7035.0,7081.0,7035.0,7069.0,7069.0,5,26
2024-04-16,CRUDEOIL,2024-07-19,0.0,0.0,0.0,7026.0,7026.0,0,0
2024-04-16,CRUDEOIL,2024-08-19,0.0,0.0,0.0,6996.0,6996.0,0,0
2024-04-16,CRUDEOIL,2024-09-19,0.0,0.0,0.0,6966.0,6966.0,0,0
2024-04-16,CRUDEOILM,2024-04-19,7116.0,7199.0,7090.0,7136.0,7115.0,11920,4974
2024-04-16,CRUDEOILM,2024-05-20,7120.0,7159.0,7058.0,7101.0,7085.0,7243,2699
2024-04-16,CRUDEOILM,2024-06-18,7130.0,7144.0,7041.0,7095.0,7083.0,95,112
2024-04-16,CRUDEOILM,2024-07-19,0.0,0.0,0.0,7026.0,7026.0,0,0
2024-04-16,CRUDEOILM,2024-08-19,0.0,0.0,0.0,6996.0,6996.0,0,0
2024-04-16,CRUDEOILM,2024-09-19,0.0,0.0,0.0,6966.0,6966.0,0,0
2024-04-17,CRUDEOIL,2024-04-19,7109.0,7115.0,6911.0,6934.0,7135.0,27675,4452
2024-04-17,CRUDEOIL,2024-05-20,7094.0,7104.0,6878.0,6898.0,7101.0,6510,3053
2024-04-17,CRUDEOIL,2024-06-18,7063.0,7063.0,6870.0,6879.0,7069.0,29,33
2024-04-17,CRUDEOIL,2024-07-19,0.0,0.0,0.0,7035.0,7035.0,0,0
2024-04-17,CRUDEOIL,2024-08-19,0.0,0.0,0.0,7001.0,7001.0,0,0
2024-04-17,CRUDEOIL,2024-09-19,0.0,0.0,0.0,6967.0,6967.0,0,0
2024-04-17,CRUDEOILM,2024-04-19,7108.0,7117.0,6916.0,6937.0,7136.0,13619,4653
2024-04-17,CRUDEOILM,2024-05-20,7096.0,7104.0,6885.0,6903.0,7101.0,8435,3928
2024-04-17,CRUDEOILM,2024-06-18,7181.0,7200.0,6870.0,6892.0,7095.0,336,232
2024-04-17,CRUDEOILM,2024-07-19,0.0,0.0,0.0,7033.0,7033.0,0,0
2024-04-17,CRUDEOILM,2024-08-19,0.0,0.0,0.0,6998.0,6998.0,0,0
2024-04-17,CRUDEOILM,2024-09-19,0.0,0.0,0.0,6963.0,6963.0,0,0
2024-04-18,CRUDEOIL,2024-04-19,6928.0,6984.0,6818.0,6933.0,6934.0,9291,1386
2024-04-18,CRUDEOIL,2024-05-20,6904.0,6937.0,6790.0,6896.0,6898.0,9932,3530
2024-04-18,CRUDEOIL,2024-06-18,6880.0,6913.0,6790.0,6877.0,6879.0,278,158
2024-04-18,CRUDEOIL,2024-07-19,0.0,0.0,0.0,6828.0,6828.0,0,0
2024-04-18,CRUDEOIL,2024-08-19,0.0,0.0,0.0,6792.0,6792.0,0,0
2024-04-18,CRUDEOIL,2024-09-19,0.0,0.0,0.0,6756.0,6756.0,0,0
2024-04-18,CRUDEOILM,2024-04-19,6972.0,6982.0,6817.0,6933.0,6937.0,9896,3384
2024-04-18,CRUDEOILM,2024-05-20,6900.0,6937.0,6797.0,6896.0,6903.0,15999,3929
2024-04-18,CRUDEOILM,2024-06-18,6877.0,6934.0,6800.0,6911.0,6892.0,449,266
2024-04-18,CRUDEOILM,2024-07-19,6837.0,6837.0,6837.0,6837.0,6837.0,1,1
2024-04-18,CRUDEOILM,2024-08-19,0.0,0.0,0.0,6803.0,6803.0,0,0
2024-04-18,CRUDEOILM,2024-09-19,0.0,0.0,0.0,6769.0,6769.0,0,0
2024-04-19,CRUDEOIL,2024-04-19,6980.0,7109.0,6837.0,6981.0,6933.0,3322,1421
2024-04-19,CRUDEOIL,2024-05-20,6989.0,7067.0,6786.0,6897.0,6896.0,21205,4089
2024-04-19,CRUDEOIL,2024-06-18,7010.0,7027.0,6776.0,6871.0,6877.0,264,210
2024-04-19,CRUDEOIL,2024-07-19,0.0,0.0,0.0,6824.0,6824.0,0,0
2024-04-19,CRUDEOIL,2024-08-19,0.0,0.0,0.0,6787.0,6787.0,0,0
2024-04-19,CRUDEOIL,2024-09-19,0.0,0.0,0.0,6750.0,6750.0,0,0
2024-04-19,CRUDEOILM,2024-04-19,7052.0,7195.0,6843.0,6980.0,6933.0,7192,2788
2024-04-19,CRUDEOILM,2024-05-20,6940.0,7084.0,6791.0,6899.0,6896.0,24881,4358
2024-04-19,CRUDEOILM,2024-06-18,6988.0,7060.0,6781.0,6862.0,6911.0,1005,462
2024-04-19,CRUDEOILM,2024-07-19,6908.0,6908.0,6908.0,6908.0,6837.0,1,1
2024-04-19,CRUDEOILM,2024-08-19,0.0,0.0,0.0,6787.0,6787.0,0,0
2024-04-19,CRUDEOILM,2024-09-19,0.0,0.0,0.0,6750.0,6750.0,0,0
2024-04-22,CRUDEOIL,2024-05-20,6870.0,6873.0,6744.0,6834.0,6897.0,15025,4610
2024-04-22,CRUDEOIL,2024-06-18,6808.0,6832.0,6718.0,6796.0,6871.0,653,314
2024-04-22,CRUDEOIL,2024-07-19,0.0,0.0,0.0,6843.0,6843.0,0,0
2024-04-22,CRUDEOIL,2024-08-19,0.0,0.0,0.0,6815.0,6815.0,0,0
2024-04-22,CRUDEOIL,2024-09-19,0.0,0.0,0.0,6787.0,6787.0,0,0
2024-04-22,CRUDEOIL,2024-10-21,0.0,0.0,0.0,6646.0,6646.0,0,0
2024-04-22,CRUDEOILM,2024-05-20,6880.0,6880.0,6748.0,6835.0,6899.0,22294,4550
2024-04-22,CRUDEOILM,2024-06-18,6819.0,6896.0,6722.0,6802.0,6862.0,1763,601
2024-04-22,CRUDEOILM,2024-07-19,6804.0,6839.0,6737.0,6806.0,6908.0,8,6
2024-04-22,CRUDEOILM,2024-08-19,0.0,0.0,0.0,6782.0,6782.0,0,0
2024-04-22,CRUDEOILM,2024-09-19,0.0,0.0,0.0,6743.0,6743.0,0,0
2024-04-22,CRUDEOILM,2024-10-21,0.0,0.0,0.0,6646.0,6646.0,0,0
2024-04-23,CRUDEOIL,2024-05-20,6865.0,6939.0,6756.0,6928.0,6834.0,23516,5037
2024-04-23,CRUDEOIL,2024-06-18,6824.0,6899.0,6732.0,6864.0,6796.0,567,451
2024-04-23,CRUDEOIL,2024-07-19,0.0,0.0,0.0,6755.0,6755.0,0,0
2024-04-23,CRUDEOIL,2024-08-19,0.0,0.0,0.0,6714.0,6714.0,0,0
2024-04-23,CRUDEOIL,2024-09-19,0.0,0.0,0.0,6674.0,6674.0,0,0
2024-04-23,CRUDEOIL,2024-10-21,0.0,0.0,0.0,6632.0,6632.0,0,0
2024-04-23,CRUDEOILM,2024-05-20,6850.0,6935.0,6757.0,6925.0,6835.0,27658,4576
2024-04-23,CRUDEOILM,2024-06-18,6834.0,6898.0,6733.0,6883.0,6802.0,1872,686
2024-04-23,CRUDEOILM,2024-07-19,6815.0,6815.0,6754.0,6782.0,6806.0,7,9
2024-04-23,CRUDEOILM,2024-08-19,0.0,0.0,0.0,6731.0,6731.0,0,0
2024-04-23,CRUDEOILM,2024-09-19,0.0,0.0,0.0,6696.0,6696.0,0,0
2024-04-23,CRUDEOILM,2024-10-21,0.0,0.0,0.0,6659.0,6659.0,0,0
2024-04-24,CRUDEOIL,2024-05-20,6946.0,6979.0,6881.0,6889.0,6928.0,15062,5326
2024-04-24,CRUDEOIL,2024-06-18,6907.0,6932.0,6851.0,6864.0,6864.0,348,438
2024-04-24,CRUDEOIL,2024-07-19,0.0,0.0,0.0,6795.0,6795.0,0,0
2024-04-24,CRUDEOIL,2024-08-19,0.0,0.0,0.0,6727.0,6727.0,0,0
2024-04-24,CRUDEOIL,2024-09-19,0.0,0.0,0.0,6658.0,6658.0,0,0
2024-04-24,CRUDEOIL,2024-10-21,0.0,0.0,0.0,6588.0,6588.0,0,0
2024-04-24,CRUDEOILM,2024-05-20,6910.0,6979.0,6881.0,6893.0,6925.0,22495,4892
2024-04-24,CRUDEOILM,2024-06-18,6989.0,6989.0,6855.0,6866.0,6883.0,1444,756
2024-04-24,CRUDEOILM,2024-07-19,6938.0,6938.0,6938.0,6938.0,6782.0,1,10
2024-04-24,CRUDEOILM,2024-08-19,0.0,0.0,0.0,6793.0,6793.0,0,0
2024-04-24,CRUDEOILM,2024-09-19,0.0,0.0,0.0,6748.0,6748.0,0,0
2024-04-24,CRUDEOILM,2024-10-21,0.0,0.0,0.0,6701.0,6701.0,0,0
2024-04-25,CRUDEOIL,2024-05-20,6900.0,6946.0,6842.0,6911.0,6889.0,15557,5242
2024-04-25,CRUDEOIL,2024-06-18,6870.0,6906.0,6809.0,6873.0,6864.0,310,419
2024-04-25,CRUDEOIL,2024-07-19,0.0,0.0,0.0,6837.0,6837.0,0,0
2024-04-25,CRUDEOIL,2024-08-19,0.0,0.0,0.0,6810.0,6810.0,0,0
2024-04-25,CRUDEOIL,2024-09-19,0.0,0.0,0.0,6783.0,6783.0,0,0
2024-04-25,CRUDEOIL,2024-10-21,0.0,0.0,0.0,6756.0,6756.0,0,0
2024-04-25,CRUDEOILM,2024-05-20,6906.0,6947.0,6843.0,6911.0,6893.0,19566,4440
2024-04-25,CRUDEOILM,2024-06-18,6877.0,6908.0,6815.0,6876.0,6866.0,948,754
2024-04-25,CRUDEOILM,2024-07-19,6838.0,6878.0,6838.0,6855.0,6938.0,3,9
2024-04-25,CRUDEOILM,2024-08-19,0.0,0.0,0.0,6808.0,6808.0,0,0
2024-04-25,CRUDEOILM,2024-09-19,0.0,0.0,0.0,6779.0,6779.0,0,0
2024-04-25,CRUDEOILM,2024-10-21,0.0,0.0,0.0,6749.0,6749.0,0,0
2024-04-26,CRUDEOIL,2024-05-20,6965.0,7043.0,6958.0,6999.0,6911.0,18511,5696
2024-04-26,CRUDEOIL,2024-06-18,6943.0,6999.0,6920.0,6958.0,6873.0,394,409
2024-04-26,CRUDEOIL,2024-07-19,0.0,0.0,0.0,6832.0,6832.0,0,0
2024-04-26,CRUDEOIL,2024-08-19,0.0,0.0,0.0,6791.0,6791.0,0,0
2024-04-26,CRUDEOIL,2024-09-19,0.0,0.0,0.0,6751.0,6751.0,0,0
2024-04-26,CRUDEOIL,2024-10-21,0.0,0.0,0.0,6709.0,6709.0,0,0
2024-04-26,CRUDEOILM,2024-05-20,6950.0,7038.0,6950.0,6998.0,6911.0,19681,4135
2024-04-26,CRUDEOILM,2024-06-18,6947.0,6995.0,6919.0,6965.0,6876.0,1470,796
2024-04-26,CRUDEOILM,2024-07-19,6927.0,6970.0,6927.0,6949.0,6855.0,2,9
2024-04-26,CRUDEOILM,2024-08-19,0.0,0.0,0.0,6801.0,6801.0,0,0
2024-04-26,CRUDEOILM,2024-09-19,0.0,0.0,0.0,6763.0,6763.0,0,0
2024-04-26,CRUDEOILM,2024-10-21,0.0,0.0,0.0,6725.0,6725.0,0,0
2024-04-29,CRUDEOIL,2024-05-20,6951.0,7005.0,6887.0,6899.0,6999.0,13368,5846
2024-04-29,CRUDEOIL,2024-06-18,6929.0,6966.0,6862.0,6869.0,6958.0,356,418
2024-04-29,CRUDEOIL,2024-07-19,0.0,0.0,0.0,6914.0,6914.0,0,0
2024-04-29,CRUDEOIL,2024-08-19,0.0,0.0,0.0,6870.0,6870.0,0,0
2024-04-29,CRUDEOIL,2024-09-19,0.0,0.0,0.0,6826.0,6826.0,0,0
2024-04-29,CRUDEOIL,2024-10-21,0.0,0.0,0.0,6781.0,6781.0,0,0
2024-04-29,CRUDEOILM,2024-05-20,6940.0,7007.0,6890.0,6903.0,6998.0,17737,4532
2024-04-29,CRUDEOILM,2024-06-18,6907.0,6966.0,6865.0,6873.0,6965.0,1283,706
2024-04-29,CRUDEOILM,2024-07-19,6871.0,6871.0,6871.0,6871.0,6949.0,1,9
2024-04-29,CRUDEOILM,2024-08-19,0.0,0.0,0.0,6894.0,6894.0,0,0
2024-04-29,CRUDEOILM,2024-09-19,0.0,0.0,0.0,6859.0,6859.0,0,0
2024-04-29,CRUDEOILM,2024-10-21,0.0,0.0,0.0,6822.0,6822.0,0,0
2024-04-30,CRUDEOIL,2024-05-20,6900.0,6956.0,6772.0,6838.0,6899.0,26456,7742
2024-04-30,CRUDEOIL,2024-06-18,6876.0,6920.0,6743.0,6812.0,6869.0,668,583
2024-04-30,CRUDEOIL,2024-07-19,0.0,0.0,0.0,6836.0,6836.0,0,0
2024-04-30,CRUDEOIL,2024-08-19,0.0,0.0,0.0,6804.0,6804.0,0,0
2024-04-30,CRUDEOIL,2024-09-19,0.0,0.0,0.0,6772.0,6772.0,0,0
2024-04-30,CRUDEOIL,2024-10-21,0.0,0.0,0.0,6739.0,6739.0,0,0
2024-04-30,CRUDEOILM,2024-05-20,6917.0,6959.0,6766.0,6840.0,6903.0,25844,4495
2024-04-30,CRUDEOILM,2024-06-18,6872.0,6920.0,6740.0,6812.0,6873.0,2089,988
2024-04-30,CRUDEOILM,2024-07-19,6799.0,6799.0,6799.0,6799.0,6871.0,1,10
2024-04-30,CRUDEOILM,2024-08-19,0.0,0.0,0.0,6808.0,6808.0,0,0
2024-04-30,CRUDEOILM,2024-09-19,0.0,0.0,0.0,6776.0,6776.0,0,0
2024-04-30,CRUDEOILM,2024-10-21,0.0,0.0,0.0,6743.0,6743.0,0,0
2024-05-01,CRUDEOIL,2024-05-20,6771.0,6818.0,6610.0,6622.0,6838.0,28812,13392
2024-05-01,CRUDEOIL,2024-06-18,6739.0,6788.0,6589.0,6596.0,6812.0,1514,1130
2024-05-01,CRUDEOIL,2024-07-19,0.0,0.0,0.0,6784.0,6784.0,0,0
2024-05-01,CRUDEOIL,2024-08-19,0.0,0.0,0.0,6756.0,6756.0,0,0
2024-05-01,CRUDEOIL,2024-09-19,0.0,0.0,0.0,6728.0,6728.0,0,0
2024-05-01,CRUDEOIL,2024-10-21,0.0,0.0,0.0,6699.0,6699.0,0,0
2024-05-01,CRUDEOILM,2024-05-20,6800.0,6818.0,6615.0,6626.0,6840.0,23427,7539
2024-05-01,CRUDEOILM,2024-06-18,6750.0,6788.0,6594.0,6601.0,6812.0,3235,2097
2024-05-01,CRUDEOILM,2024-07-19,6745.0,6748.0,6600.0,6615.0,6799.0,18,24
2024-05-01,CRUDEOILM,2024-08-19,0.0,0.0,0.0,6752.0,6752.0,0,0
2024-05-01,CRUDEOILM,2024-09-19,0.0,0.0,0.0,6722.0,6722.0,0,0
2024-05-01,CRUDEOILM,2024-10-21,0.0,0.0,0.0,6691.0,6691.0,0,0
2024-05-02,CRUDEOIL,2024-05-20,6647.0,6678.0,6559.0,6601.0,6622.0,27004,12828
2024-05-02,CRUDEOIL,2024-06-18,6635.0,6647.0,6540.0,6576.0,6596.0,1074,1183
2024-05-02,CRUDEOIL,2024-07-19,0.0,0.0,0.0,6568.0,6568.0,0,0
2024-05-02,CRUDEOIL,2024-08-19,0.0,0.0,0.0,6540.0,6540.0,0,0
2024-05-02,CRUDEOIL,2024-09-19,0.0,0.0,0.0,6512.0,6512.0,0,0
2024-05-02,CRUDEOIL,2024-10-21,0.0,0.0,0.0,6483.0,6483.0,0,0
2024-05-02,CRUDEOILM,2024-05-20,6625.0,6680.0,6563.0,6604.0,6626.0,24205,7808
2024-05-02,CRUDEOILM,2024-06-18,6645.0,6654.0,6547.0,6589.0,6601.0,2873,2504
2024-05-02,CRUDEOILM,2024-07-19,6610.0,6646.0,6574.0,6602.0,6615.0,14,34
2024-05-02,CRUDEOILM,2024-08-19,0.0,0.0,0.0,6547.0,6547.0,0,0
2024-05-02,CRUDEOILM,2024-09-19,0.0,0.0,0.0,6520.0,6520.0,0,0
2024-05-02,CRUDEOILM,2024-10-21,0.0,0.0,0.0,6493.0,6493.0,0,0
2024-05-03,CRUDEOIL,2024-05-20,6606.0,6648.0,6540.0,6546.0,6601.0,19021,12678
2024-05-03,CRUDEOIL,2024-06-18,6592.0,6627.0,6526.0,6533.0,6576.0,859,1091
2024-05-03,CRUDEOIL,2024-07-19,0.0,0.0,0.0,6549.0,6549.0,0,0
2024-05-03,CRUDEOIL,2024-08-19,0.0,0.0,0.0,6522.0,6522.0,0,0
2024-05-03,CRUDEOIL,2024-09-19,0.0,0.0,0.0,6495.0,6495.0,0,0
2024-05-03,CRUDEOIL,2024-10-21,0.0,0.0,0.0,6468.0,6468.0,0,0
2024-05-03,CRUDEOILM,2024-05-20,6591.0,6648.0,6546.0,6551.0,6604.0,17876,8418
2024-05-03,CRUDEOILM,2024-06-18,6650.0,6650.0,6532.0,6541.0,6589.0,2046,2803
2024-05-03,CRUDEOILM,2024-07-19,6618.0,6618.0,6564.0,6582.0,6602.0,3,35
2024-05-03,CRUDEOILM,2024-08-19,0.0,0.0,0.0,6556.0,6556.0,0,0
2024-05-03,CRUDEOILM,2024-09-19,0.0,0.0,0.0,6540.0,6540.0,0,0
2024-05-03,CRUDEOILM,2024-10-21,0.0,0.0,0.0,6524.0,6524.0,0,0
2024-05-06,CRUDEOIL,2024-05-20,6552.0,6613.0,6520.0,6542.0,6546.0,17156,11943
2024-05-06,CRUDEOIL,2024-06-18,6538.0,6598.0,6510.0,6531.0,6533.0,1202,1126
2024-05-06,CRUDEOIL,2024-07-19,0.0,0.0,0.0,6519.0,6519.0,0,0
2024-05-06,CRUDEOIL,2024-08-19,0.0,0.0,0.0,6505.0,6505.0,0,0
2024-05-06,CRUDEOIL,2024-09-19,0.0,0.0,0.0,6491.0,6491.0,0,0
2024-05-06,CRUDEOIL,2024-10-21,0.0,0.0,0.0,6476.0,6476.0,0,0
2024-05-06,CRUDEOILM,2024-05-20,6540.0,6615.0,6523.0,6544.0,6551.0,17826,8143
2024-05-06,CRUDEOILM,2024-06-18,6536.0,6602.0,6512.0,6536.0,6541.0,2799,2922
2024-05-06,CRUDEOILM,2024-07-19,6578.0,6590.0,6549.0,6568.0,6582.0,10,38
2024-05-06,CRUDEOILM,2024-08-19,0.0,0.0,0.0,6519.0,6519.0,0,0
2024-05-06,CRUDEOILM,2024-09-19,0.0,0.0,0.0,6508.0,6508.0,0,0
2024-05-06,CRUDEOILM,2024-10-21,0.0,0.0,0.0,6497.0,6497.0,0,0
2024-05-07,CRUDEOIL,2024-05-20,6582.0,6611.0,6488.0,6585.0,6542.0,20043,10236
2024-05-07,CRUDEOIL,2024-06-18,6573.0,6600.0,6486.0,6577.0,6531.0,1364,1215
2024-05-07,CRUDEOIL,2024-07-19,0.0,0.0,0.0,6519.0,6519.0,0,0
2024-05-07,CRUDEOIL,2024-08-19,0.0,0.0,0.0,6507.0,6507.0,0,0
2024-05-07,CRUDEOIL,2024-09-19,0.0,0.0,0.0,6495.0,6495.0,0,0
2024-05-07,CRUDEOIL,2024-10-21,0.0,0.0,0.0,6483.0,6483.0,0,0
2024-05-07,CRUDEOILM,2024-05-20,6581.0,6612.0,6490.0,6583.0,6544.0,18646,7603
2024-05-07,CRUDEOILM,2024-06-18,6578.0,6602.0,6490.0,6580.0,6536.0,3809,2779
2024-05-07,CRUDEOILM,2024-07-19,6573.0,6586.0,6518.0,6549.0,6568.0,10,39
2024-05-07,CRUDEOILM,2024-08-19,0.0,0.0,0.0,6518.0,6518.0,0,0
2024-05-07,CRUDEOILM,2024-09-19,0.0,0.0,0.0,6510.0,6510.0,0,0
2024-05-07,CRUDEOILM,2024-10-21,0.0,0.0,0.0,6501.0,6501.0,0,0
2024-05-08,CRUDEOIL,2024-05-20,6533.0,6612.0,6434.0,6587.0,6585.0,24208,9495
2024-05-08,CRUDEOIL,2024-06-18,6514.0,6599.0,6434.0,6576.0,6577.0,1426,1287
2024-05-08,CRUDEOIL,2024-07-19,6462.0,6610.0,6462.0,6545.0,6568.0,3,3
2024-05-08,CRUDEOIL,2024-08-19,0.0,0.0,0.0,6559.0,6559.0,0,0
2024-05-08,CRUDEOIL,2024-09-19,0.0,0.0,0.0,6551.0,6551.0,0,0
2024-05-08,CRUDEOIL,2024-10-21,0.0,0.0,0.0,6542.0,6542.0,0,0
2024-05-08,CRUDEOILM,2024-05-20,6538.0,6606.0,6438.0,6585.0,6583.0,22467,7014
2024-05-08,CRUDEOILM,2024-06-18,6533.0,6599.0,6438.0,6574.0,6580.0,4145,3074
2024-05-08,CRUDEOILM,2024-07-19,6548.0,6600.0,6475.0,6572.0,6549.0,37,45
2024-05-08,CRUDEOILM,2024-08-19,0.0,0.0,0.0,6573.0,6573.0,0,0
2024-05-08,CRUDEOILM,2024-09-19,0.0,0.0,0.0,6570.0,6570.0,0,0
2024-05-08,CRUDEOILM,2024-10-21,0.0,0.0,0.0,6567.0,6567.0,0,0
2024-05-09,CRUDEOIL,2024-05-20,6623.0,6675.0,6594.0,6606.0,6587.0,17954,7328
2024-05-09,CRUDEOIL,2024-06-18,6618.0,6652.0,6578.0,6587.0,6576.0,1103,1266
2024-05-09,CRUDEOIL,2024-07-19,6620.0,6624.0,6601.0,6604.0,6545.0,52,55
2024-05-09,CRUDEOIL,2024-08-19,0.0,0.0,0.0,6552.0,6552.0,0,0
2024-05-09,CRUDEOIL,2024-09-19,0.0,0.0,0.0,6540.0,6540.0,0,0
2024-05-09,CRUDEOIL,2024-10-21,0.0,0.0,0.0,6528.0,6528.0,0,0
2024-05-09,CRUDEOILM,2024-05-20,6618.0,6669.0,6595.0,6607.0,6585.0,16420,6418
2024-05-09,CRUDEOILM,2024-06-18,6602.0,6650.0,6580.0,6589.0,6574.0,3267,2893
2024-05-09,CRUDEOILM,2024-07-19,6625.0,6650.0,6620.0,6622.0,6572.0,20,43
2024-05-09,CRUDEOILM,2024-08-19,0.0,0.0,0.0,6550.0,6550.0,0,0
2024-05-09,CRUDEOILM,2024-09-19,0.0,0.0,0.0,6538.0,6538.0,0,0
2024-05-09,CRUDEOILM,2024-10-21,0.0,0.0,0.0,6526.0,6526.0,0,0
2024-05-10,CRUDEOIL,2024-05-20,6630.0,6689.0,6546.0,6551.0,6606.0,15292,7421
2024-05-10,CRUDEOIL,2024-06-18,6642.0,6659.0,6530.0,6535.0,6587.0,1018,1480
2024-05-10,CRUDEOIL,2024-07-19,0.0,0.0,0.0,6604.0,6604.0,0,55
2024-05-10,CRUDEOIL,2024-08-19,0.0,0.0,0.0,6546.0,6546.0,0,0
2024-05-10,CRUDEOIL,2024-09-19,0.0,0.0,0.0,6526.0,6526.0,0,0
2024-05-10,CRUDEOIL,2024-10-21,0.0,0.0,0.0,6505.0,6505.0,0,0
2024-05-10,CRUDEOILM,2024-05-20,6635.0,6690.0,6542.0,6553.0,6607.0,14184,6042
2024-05-10,CRUDEOILM,2024-06-18,6633.0,6657.0,6532.0,6538.0,6589.0,3074,3168
2024-05-10,CRUDEOILM,2024-07-19,6643.0,6662.0,6590.0,6641.0,6622.0,15,43
2024-05-10,CRUDEOILM,2024-08-19,0.0,0.0,0.0,6550.0,6550.0,0,0
2024-05-10,CRUDEOILM,2024-09-19,0.0,0.0,0.0,6531.0,6531.0,0,0
2024-05-10,CRUDEOILM,2024-10-21,0.0,0.0,0.0,6511.0,6511.0,0,0
2024-05-13,CRUDEOIL,2024-05-20,6532.0,6640.0,6516.0,6594.0,6551.0,11678,6583
2024-05-13,CRUDEOIL,2024-06-18,6520.0,6618.0,6502.0,6571.0,6535.0,1992,1687
2024-05-13,CRUDEOIL,2024-07-19,6538.0,6562.0,6538.0,6550.0,6517.0,2,56
2024-05-13,CRUDEOIL,2024-08-19,0.0,0.0,0.0,6500.0,6500.0,0,0
2024-05-13,CRUDEOIL,2024-09-19,0.0,0.0,0.0,6483.0,6483.0,0,0
2024-05-13,CRUDEOIL,2024-10-21,0.0,0.0,0.0,6466.0,6466.0,0,0
2024-05-13,CRUDEOILM,2024-05-20,6530.0,6640.0,6512.0,6594.0,6553.0,11971,5492
2024-05-13,CRUDEOILM,2024-06-18,6531.0,6620.0,6507.0,6572.0,6538.0,4544,3407
2024-05-13,CRUDEOILM,2024-07-19,6554.0,6620.0,6554.0,6587.0,6641.0,9,43
2024-05-13,CRUDEOILM,2024-08-19,0.0,0.0,0.0,6505.0,6505.0,0,0
2024-05-13,CRUDEOILM,2024-09-19,0.0,0.0,0.0,6489.0,6489.0,0,0
2024-05-13,CRUDEOILM,2024-10-21,0.0,0.0,0.0,6473.0,6473.0,0,0
2024-05-14,CRUDEOIL,2024-05-20,6617.0,6626.0,6501.0,6512.0,6594.0,20979,9145
2024-05-14,CRUDEOIL,2024-06-18,6591.0,6600.0,6478.0,6498.0,6571.0,3698,2545
2024-05-14,CRUDEOIL,2024-07-19,6570.0,6571.0,6506.0,6513.0,6550.0,32,79
2024-05-14,CRUDEOIL,2024-08-19,0.0,0.0,0.0,6521.0,6521.0,0,0
2024-05-14,CRUDEOIL,2024-09-19,0.0,0.0,0.0,6497.0,6497.0,0,0
2024-05-14,CRUDEOIL,2024-10-21,0.0,0.0,0.0,6471.0,6471.0,0,0
2024-05-14,CRUDEOILM,2024-05-20,6619.0,6627.0,6503.0,6514.0,6594.0,15239,5658
2024-05-14,CRUDEOILM,2024-06-18,6599.0,6605.0,6483.0,6506.0,6572.0,6024,4960
2024-05-14,CRUDEOILM,2024-07-19,6620.0,6623.0,6507.0,6530.0,6587.0,62,64
2024-05-14,CRUDEOILM,2024-08-19,0.0,0.0,0.0,6524.0,6524.0,0,0
2024-05-14,CRUDEOILM,2024-09-19,0.0,0.0,0.0,6501.0,6501.0,0,0
2024-05-14,CRUDEOILM,2024-10-21,0.0,0.0,0.0,6477.0,6477.0,0,0
2024-05-15,CRUDEOIL,2024-05-20,6554.0,6577.0,6415.0,6551.0,6512.0,31727,6192
2024-05-15,CRUDEOIL,2024-06-18,6534.0,6557.0,6402.0,6535.0,6498.0,9474,2834
2024-05-15,CRUDEOIL,2024-07-19,6537.0,6553.0,6415.0,6519.0,6513.0,103,112
2024-05-15,CRUDEOIL,2024-08-19,0.0,0.0,0.0,6468.0,6468.0,0,0
2024-05-15,CRUDEOIL,2024-09-19,0.0,0.0,0.0,6453.0,6453.0,0,0
2024-05-15,CRUDEOIL,2024-10-21,0.0,0.0,0.0,6437.0,6437.0,0,0
2024-05-15,CRUDEOILM,2024-05-20,6566.0,6579.0,6416.0,6548.0,6514.0,17713,4270
2024-05-15,CRUDEOILM,2024-06-18,6562.0,6565.0,6408.0,6535.0,6506.0,11524,5189
2024-05-15,CRUDEOILM,2024-07-19,6535.0,6576.0,6430.0,6516.0,6530.0,155,141
2024-05-15,CRUDEOILM,2024-08-19,0.0,0.0,0.0,6488.0,6488.0,0,0
2024-05-15,CRUDEOILM,2024-09-19,0.0,0.0,0.0,6480.0,6480.0,0,0
2024-05-15,CRUDEOILM,2024-10-21,0.0,0.0,0.0,6471.0,6471.0,0,0
2024-05-16,CRUDEOIL,2024-05-20,6616.0,6662.0,6530.0,6615.0,6551.0,17992,5288
2024-05-16,CRUDEOIL,2024-06-18,6555.0,6636.0,6507.0,6591.0,6535.0,7200,3555
2024-05-16,CRUDEOIL,2024-07-19,6552.0,6600.0,6500.0,6561.0,6519.0,55,119
2024-05-16,CRUDEOIL,2024-08-19,0.0,0.0,0.0,6500.0,6500.0,0,0
2024-05-16,CRUDEOIL,2024-09-19,0.0,0.0,0.0,6483.0,6483.0,0,0
2024-05-16,CRUDEOIL,2024-10-21,0.0,0.0,0.0,6466.0,6466.0,0,0
2024-05-16,CRUDEOILM,2024-05-20,6515.0,6663.0,6515.0,6616.0,6548.0,11770,3289
2024-05-16,CRUDEOILM,2024-06-18,6575.0,6629.0,6511.0,6590.0,6535.0,9072,4600
2024-05-16,CRUDEOILM,2024-07-19,6380.0,6596.0,6380.0,6566.0,6516.0,210,174
2024-05-16,CRUDEOILM,2024-08-19,6760.0,6760.0,6760.0,6760.0,6507.0,1,1
2024-05-16,CRUDEOILM,2024-09-19,0.0,0.0,0.0,6493.0,6493.0,0,0
2024-05-16,CRUDEOILM,2024-10-21,0.0,0.0,0.0,6478.0,6478.0,0,0
2024-05-17,CRUDEOIL,2024-05-20,6616.0,6675.0,6586.0,6662.0,6615.0,14695,5324
2024-05-17,CRUDEOIL,2024-06-18,6600.0,6635.0,6564.0,6627.0,6591.0,8275,4653
2024-05-17,CRUDEOIL,2024-07-19,6582.0,6619.0,6544.0,6604.0,6561.0,115,120
2024-05-17,CRUDEOIL,2024-08-19,0.0,0.0,0.0,6539.0,6539.0,0,0
2024-05-17,CRUDEOIL,2024-09-19,0.0,0.0,0.0,6514.0,6514.0,0,0
2024-05-17,CRUDEOIL,2024-10-21,0.0,0.0,0.0,6487.0,6487.0,0,0
2024-05-17,CRUDEOILM,2024-05-20,6615.0,6670.0,6588.0,6659.0,6616.0,7645,2512
2024-05-17,CRUDEOILM,2024-06-18,6625.0,6632.0,6564.0,6625.0,6590.0,8773,4663
2024-05-17,CRUDEOILM,2024-07-19,6579.0,6611.0,6551.0,6602.0,6566.0,240,198
2024-05-17,CRUDEOILM,2024-08-19,0.0,0.0,0.0,6760.0,6760.0,0,1
2024-05-17,CRUDEOILM,2024-09-19,0.0,0.0,0.0,6506.0,6506.0,0,0
2024-05-17,CRUDEOILM,2024-10-21,0.0,0.0,0.0,6477.0,6477.0,0,0
2024-05-20,CRUDEOIL,2024-05-20,6630.0,6721.0,6603.0,6619.0,6662.0,3720,3710
2024-05-20,CRUDEOIL,2024-06-18,6608.0,6682.0,6569.0,6579.0,6627.0,8606,5562
2024-05-20,CRUDEOIL,2024-07-19,6608.0,6670.0,6580.0,6586.0,6604.0,178,180
2024-05-20,CRUDEOIL,2024-08-19,0.0,0.0,0.0,6552.0,6552.0,0,0
2024-05-20,CRUDEOIL,2024-09-19,0.0,0.0,0.0,6514.0,6514.0,0,0
2024-05-20,CRUDEOIL,2024-10-21,0.0,0.0,0.0,6476.0,6476.0,0,0
2024-05-20,CRUDEOILM,2024-05-20,6605.0,6725.0,6565.0,6611.0,6659.0,3717,1832
2024-05-20,CRUDEOILM,2024-06-18,6620.0,6681.0,6573.0,6581.0,6625.0,10783,5802
2024-05-20,CRUDEOILM,2024-07-19,6605.0,6674.0,6590.0,6600.0,6602.0,389,322
2024-05-20,CRUDEOILM,2024-08-19,0.0,0.0,0.0,6552.0,6552.0,0,1
2024-05-20,CRUDEOILM,2024-09-19,0.0,0.0,0.0,6515.0,6515.0,0,0
2024-05-20,CRUDEOILM,2024-10-21,0.0,0.0,0.0,6478.0,6478.0,0,0
2024-05-21,CRUDEOIL,2024-06-18,6570.0,6593.0,6488.0,6568.0,6579.0,15953,5786
2024-05-21,CRUDEOIL,2024-07-19,6587.0,6587.0,6498.0,6565.0,6586.0,493,303
2024-05-21,CRUDEOIL,2024-08-19,0.0,0.0,0.0,6593.0,6593.0,0,0
2024-05-21,CRUDEOIL,2024-09-19,0.0,0.0,0.0,6600.0,6600.0,0,0
2024-05-21,CRUDEOIL,2024-10-21,0.0,0.0,0.0,6607.0,6607.0,0,0
2024-05-21,CRUDEOIL,2024-11-19,0.0,0.0,0.0,6415.0,6415.0,0,0
2024-05-21,CRUDEOILM,2024-06-18,6581.0,6595.0,6480.0,6567.0,6581.0,20649,6246
2024-05-21,CRUDEOILM,2024-07-19,6597.0,6597.0,6503.0,6569.0,6600.0,1576,716
2024-05-21,CRUDEOILM,2024-08-19,6400.0,6700.0,6400.0,6518.0,6619.0,9,6
2024-05-21,CRUDEOILM,2024-09-19,0.0,0.0,0.0,6638.0,6638.0,0,0
2024-05-21,CRUDEOILM,2024-10-21,0.0,0.0,0.0,6657.0,6657.0,0,0
2024-05-21,CRUDEOILM,2024-11-19,0.0,0.0,0.0,6415.0,6415.0,0,0
2024-05-22,CRUDEOIL,2024-06-18,6513.0,6538.0,6455.0,6492.0,6568.0,15760,7026
2024-05-22,CRUDEOIL,2024-07-19,6516.0,6529.0,6458.0,6487.0,6565.0,487,375
2024-05-22,CRUDEOIL,2024-08-19,0.0,0.0,0.0,6562.0,6562.0,0,0
2024-05-22,CRUDEOIL,2024-09-19,0.0,0.0,0.0,6559.0,6559.0,0,0
2024-05-22,CRUDEOIL,2024-10-21,0.0,0.0,0.0,6555.0,6555.0,0,0
2024-05-22,CRUDEOIL,2024-11-19,0.0,0.0,0.0,6553.0,6553.0,0,0
2024-05-22,CRUDEOILM,2024-06-18,6525.0,6536.0,6458.0,6492.0,6567.0,20647,7517
2024-05-22,CRUDEOILM,2024-07-19,6517.0,6533.0,6465.0,6485.0,6569.0,1604,977
2024-05-22,CRUDEOILM,2024-08-19,6472.0,6500.0,6471.0,6481.0,6518.0,6,12
2024-05-22,CRUDEOILM,2024-09-19,0.0,0.0,0.0,6573.0,6573.0,0,0
2024-05-22,CRUDEOILM,2024-10-21,0.0,0.0,0.0,6575.0,6575.0,0,0
2024-05-22,CRUDEOILM,2024-11-19,0.0,0.0,0.0,6576.0,6576.0,0,0
2024-05-23,CRUDEOIL,2024-06-18,6455.0,6556.0,6388.0,6397.0,6492.0,18004,8543
2024-05-23,CRUDEOIL,2024-07-19,6428.0,6536.0,6385.0,6394.0,6487.0,598,483
2024-05-23,CRUDEOIL,2024-08-19,0.0,0.0,0.0,6482.0,6482.0,0,0
2024-05-23,CRUDEOIL,2024-09-19,0.0,0.0,0.0,6477.0,6477.0,0,0
2024-05-23,CRUDEOIL,2024-10-21,0.0,0.0,0.0,6471.0,6471.0,0,0
2024-05-23,CRUDEOIL,2024-11-19,0.0,0.0,0.0,6467.0,6467.0,0,0
2024-05-23,CRUDEOILM,2024-06-18,6439.0,6557.0,6380.0,6403.0,6492.0,26678,8995
2024-05-23,CRUDEOILM,2024-07-19,6455.0,6542.0,6385.0,6400.0,6485.0,2296,1322
2024-05-23,CRUDEOILM,2024-08-19,6504.0,6504.0,6380.0,6458.0,6481.0,24,22
2024-05-23,CRUDEOILM,2024-09-19,0.0,0.0,0.0,6471.0,6471.0,0,0
2024-05-23,CRUDEOILM,2024-10-21,0.0,0.0,0.0,6463.0,6463.0,0,0
2024-05-23,CRUDEOILM,2024-11-19,0.0,0.0,0.0,6457.0,6457.0,0,0
2024-05-24,CRUDEOIL,2024-06-18,6414.0,6480.0,6345.0,6471.0,6397.0,16280,7191
2024-05-24,CRUDEOIL,2024-07-19,6406.0,6467.0,6339.0,6455.0,6394.0,613,535
2024-05-24,CRUDEOIL,2024-08-19,6350.0,6350.0,6350.0,6350.0,6391.0,1,1
2024-05-24,CRUDEOIL,2024-09-19,0.0,0.0,0.0,6388.0,6388.0,0,0
2024-05-24,CRUDEOIL,2024-10-21,0.0,0.0,0.0,6384.0,6384.0,0,0
2024-05-24,CRUDEOIL,2024-11-19,0.0,0.0,0.0,6382.0,6382.0,0,0
2024-05-24,CRUDEOILM,2024-06-18,6414.0,6477.0,6345.0,6468.0,6403.0,21832,7707
2024-05-24,CRUDEOILM,2024-07-19,6415.0,6460.0,6341.0,6450.0,6400.0,1911,1504
2024-05-24,CRUDEOILM,2024-08-19,6497.0,6497.0,6380.0,6416.0,6458.0,27,21
2024-05-24,CRUDEOILM,2024-09-19,0.0,0.0,0.0,6394.0,6394.0,0,0
2024-05-24,CRUDEOILM,2024-10-21,0.0,0.0,0.0,6390.0,6390.0,0,0
2024-05-24,CRUDEOILM,2024-11-19,0.0,0.0,0.0,6388.0,6388.0,0,0
2024-05-27,CRUDEOIL,2024-06-18,6490.0,6565.0,6469.0,6547.0,6471.0,10132,6333
2024-05-27,CRUDEOIL,2024-07-19,6475.0,6541.0,6453.0,6532.0,6455.0,548,642
2024-05-27,CRUDEOIL,2024-08-19,0.0,0.0,0.0,6350.0,6350.0,0,1
2024-05-27,CRUDEOIL,2024-09-19,0.0,0.0,0.0,6423.0,6423.0,0,0
2024-05-27,CRUDEOIL,2024-10-21,0.0,0.0,0.0,6406.0,6406.0,0,0
2024-05-27,CRUDEOIL,2024-11-19,0.0,0.0,0.0,6391.0,6391.0,0,0
2024-05-27,CRUDEOILM,2024-06-18,6451.0,6555.0,6451.0,6545.0,6468.0,11627,6830
2024-05-27,CRUDEOILM,2024-07-19,6466.0,6538.0,6441.0,6527.0,6450.0,1378,1426
2024-05-27,CRUDEOILM,2024-08-19,6495.0,6529.0,6470.0,6499.0,6416.0,11,22
2024-05-27,CRUDEOILM,2024-09-19,0.0,0.0,0.0,6414.0,6414.0,0,0
2024-05-27,CRUDEOILM,2024-10-21,0.0,0.0,0.0,6395.0,6395.0,0,0
2024-05-27,CRUDEOILM,2024-11-19,0.0,0.0,0.0,6378.0,6378.0,0,0
2024-05-28,CRUDEOIL,2024-06-18,6559.0,6650.0,6546.0,6637.0,6547.0,12347,6532
2024-05-28,CRUDEOIL,2024-07-19,6551.0,6634.0,6530.0,6624.0,6532.0,307,642
2024-05-28,CRUDEOIL,2024-08-19,0.0,0.0,0.0,6517.0,6517.0,0,1
2024-05-28,CRUDEOIL,2024-09-19,0.0,0.0,0.0,6502.0,6502.0,0,0
2024-05-28,CRUDEOIL,2024-10-21,0.0,0.0,0.0,6486.0,6486.0,0,0
2024-05-28,CRUDEOIL,2024-11-19,0.0,0.0,0.0,6472.0,6472.0,0,0
2024-05-28,CRUDEOILM,2024-06-18,6573.0,6647.0,6542.0,6633.0,6545.0,16369,6050
2024-05-28,CRUDEOILM,2024-07-19,6555.0,6632.0,6528.0,6620.0,6527.0,1348,1309
2024-05-28,CRUDEOILM,2024-08-19,6526.0,6600.0,6526.0,6578.0,6499.0,15,30
2024-05-28,CRUDEOILM,2024-09-19,0.0,0.0,0.0,6491.0,6491.0,0,0
2024-05-28,CRUDEOILM,2024-10-21,0.0,0.0,0.0,6472.0,6472.0,0,0
2024-05-28,CRUDEOILM,2024-11-19,0.0,0.0,0.0,6455.0,6455.0,0,0
2024-05-29,CRUDEOIL,2024-06-18,6654.0,6728.0,6607.0,6624.0,6637.0,12286,5710
2024-05-29,CRUDEOIL,2024-07-19,6654.0,6703.0,6595.0,6604.0,6624.0,430,647
2024-05-29,CRUDEOIL,2024-08-19,0.0,0.0,0.0,6611.0,6611.0,0,1
2024-05-29,CRUDEOIL,2024-09-19,0.0,0.0,0.0,6598.0,6598.0,0,0
2024-05-29,CRUDEOIL,2024-10-21,0.0,0.0,0.0,6584.0,6584.0,0,0
2024-05-29,CRUDEOIL,2024-11-19,0.0,0.0,0.0,6572.0,6572.0,0,0
2024-05-29,CRUDEOILM,2024-06-18,6655.0,6724.0,6608.0,6624.0,6633.0,15849,5682
2024-05-29,CRUDEOILM,2024-07-19,6630.0,6703.0,6593.0,6610.0,6620.0,1561,1277
2024-05-29,CRUDEOILM,2024-08-19,6630.0,6689.0,6575.0,6633.0,6578.0,17,31
2024-05-29,CRUDEOILM,2024-09-19,0.0,0.0,0.0,6594.0,6594.0,0,0
2024-05-29,CRUDEOILM,2024-10-21,0.0,0.0,0.0,6580.0,6580.0,0,0
2024-05-29,CRUDEOILM,2024-11-19,0.0,0.0,0.0,6568.0,6568.0,0,0
2024-05-30,CRUDEOIL,2024-06-18,6613.0,6621.0,6477.0,6488.0,6624.0,21295,5661
2024-05-30,CRUDEOIL,2024-07-19,6590.0,6603.0,6472.0,6480.0,6604.0,618,814
2024-05-30,CRUDEOIL,2024-08-19,0.0,0.0,0.0,6584.0,6584.0,0,1
2024-05-30,CRUDEOIL,2024-09-19,0.0,0.0,0.0,6564.0,6564.0,0,0
2024-05-30,CRUDEOIL,2024-10-21,0.0,0.0,0.0,6543.0,6543.0,0,0
2024-05-30,CRUDEOIL,2024-11-19,0.0,0.0,0.0,6524.0,6524.0,0,0
2024-05-30,CRUDEOILM,2024-06-18,6629.0,6629.0,6478.0,6490.0,6624.0,22977,6008
2024-05-30,CRUDEOILM,2024-07-19,6598.0,6605.0,6475.0,6483.0,6610.0,1988,1619
2024-05-30,CRUDEOILM,2024-08-19,6642.0,6642.0,6499.0,6520.0,6633.0,23,30
2024-05-30,CRUDEOILM,2024-09-19,0.0,0.0,0.0,6582.0,6582.0,0,0
2024-05-30,CRUDEOILM,2024-10-21,0.0,0.0,0.0,6567.0,6567.0,0,0
2024-05-30,CRUDEOILM,2024-11-19,0.0,0.0,0.0,6554.0,6554.0,0,0
2024-05-31,CRUDEOIL,2024-06-18,6464.0,6561.0,6413.0,6453.0,6488.0,15636,6677
2024-05-31,CRUDEOIL,2024-07-19,6462.0,6551.0,6407.0,6450.0,6480.0,556,931
2024-05-31,CRUDEOIL,2024-08-19,0.0,0.0,0.0,6472.0,6472.0,0,1
2024-05-31,CRUDEOIL,2024-09-19,0.0,0.0,0.0,6464.0,6464.0,0,0
2024-05-31,CRUDEOIL,2024-10-21,0.0,0.0,0.0,6455.0,6455.0,0,0
2024-05-31,CRUDEOIL,2024-11-19,0.0,0.0,0.0,6448.0,6448.0,0,0
2024-05-31,CRUDEOILM,2024-06-18,6483.0,6562.0,6415.0,6455.0,6490.0,19754,6696
2024-05-31,CRUDEOILM,2024-07-19,6456.0,6550.0,6410.0,6451.0,6483.0,2300,2004
2024-05-31,CRUDEOILM,2024-08-19,6470.0,6520.0,6430.0,6454.0,6520.0,24,34
2024-05-31,CRUDEOILM,2024-09-19,0.0,0.0,0.0,6469.0,6469.0,0,0
2024-05-31,CRUDEOILM,2024-10-21,0.0,0.0,0.0,6461.0,6461.0,0,0
2024-05-31,CRUDEOILM,2024-11-19,0.0,0.0,0.0,6455.0,6455.0,0,0
2024-06-03,CRUDEOIL,2024-06-18,6412.0,6441.0,6169.0,6181.0,6453.0,38611,16982
2024-06-03,CRUDEOIL,2024-07-19,6399.0,6435.0,6183.0,6192.0,6450.0,1470,1554
2024-06-03,CRUDEOIL,2024-08-19,0.0,0.0,0.0,6447.0,6447.0,0,1
2024-06-03,CRUDEOIL,2024-09-19,0.0,0.0,0.0,6444.0,6444.0,0,0
2024-06-03,CRUDEOIL,2024-10-21,0.0,0.0,0.0,6440.0,6440.0,0,0
2024-06-03,CRUDEOIL,2024-11-19,0.0,0.0,0.0,6438.0,6438.0,0,0
2024-06-03,CRUDEOILM,2024-06-18,6406.0,6451.0,6176.0,6184.0,6455.0,28868,11141
2024-06-03,CRUDEOILM,2024-07-19,6421.0,6495.0,6188.0,6199.0,6451.0,5346,3979
2024-06-03,CRUDEOILM,2024-08-19,6370.0,6440.0,6221.0,6234.0,6454.0,86,84
2024-06-03,CRUDEOILM,2024-09-19,0.0,0.0,0.0,6443.0,6443.0,0,0
2024-06-03,CRUDEOILM,2024-10-21,0.0,0.0,0.0,6438.0,6438.0,0,0
2024-06-03,CRUDEOILM,2024-11-19,0.0,0.0,0.0,6435.0,6435.0,0,0
2024-06-04,CRUDEOIL,2024-06-18,6165.0,6175.0,6073.0,6167.0,6181.0,20559,15755
2024-06-04,CRUDEOIL,2024-07-19,6162.0,6187.0,6090.0,6176.0,6192.0,1197,1652
2024-06-04,CRUDEOIL,2024-08-19,0.0,0.0,0.0,6203.0,6203.0,0,1
2024-06-04,CRUDEOIL,2024-09-19,0.0,0.0,0.0,6214.0,6214.0,0,0
2024-06-04,CRUDEOIL,2024-10-21,0.0,0.0,0.0,6225.0,6225.0,0,0
2024-06-04,CRUDEOIL,2024-11-19,0.0,0.0,0.0,6235.0,6235.0,0,0
2024-06-04,CRUDEOILM,2024-06-18,6159.0,6181.0,6077.0,6167.0,6184.0,19559,10885
2024-06-04,CRUDEOILM,2024-07-19,6190.0,6190.0,6095.0,6173.0,6199.0,3396,4597
2024-06-04,CRUDEOILM,2024-08-19,6213.0,6218.0,6140.0,6177.0,6234.0,40,109
2024-06-04,CRUDEOILM,2024-09-19,0.0,0.0,0.0,6229.0,6229.0,0,0
2024-06-04,CRUDEOILM,2024-10-21,0.0,0.0,0.0,6244.0,6244.0,0,0
2024-06-04,CRUDEOILM,2024-11-19,0.0,0.0,0.0,6258.0,6258.0,0,0
2024-06-05,CRUDEOIL,2024-06-18,6130.0,6197.0,6079.0,6190.0,6167.0,19229,14563
2024-06-05,CRUDEOIL,2024-07-19,6134.0,6202.0,6094.0,6194.0,6176.0,791,1818
2024-06-05,CRUDEOIL,2024-08-19,6170.0,6200.0,6170.0,6185.0,6185.0,2,2
2024-06-05,CRUDEOIL,2024-09-19,0.0,0.0,0.0,6194.0,6194.0,0,0
2024-06-05,CRUDEOIL,2024-10-21,0.0,0.0,0.0,6203.0,6203.0,0,0
2024-06-05,CRUDEOIL,2024-11-19,0.0,0.0,0.0,6211.0,6211.0,0,0
2024-06-05,CRUDEOILM,2024-06-18,6129.0,6196.0,6085.0,6189.0,6167.0,19027,10928
2024-06-05,CRUDEOILM,2024-07-19,6136.0,6204.0,6096.0,6197.0,6173.0,2599,4808
2024-06-05,CRUDEOILM,2024-08-19,6166.0,6224.0,6147.0,6220.0,6177.0,93,119
2024-06-05,CRUDEOILM,2024-09-19,0.0,0.0,0.0,6185.0,6185.0,0,0
2024-06-05,CRUDEOILM,2024-10-21,0.0,0.0,0.0,6191.0,6191.0,0,0
2024-06-05,CRUDEOILM,2024-11-19,0.0,0.0,0.0,6196.0,6196.0,0,0
2024-06-06,CRUDEOIL,2024-06-18,6212.0,6332.0,6194.0,6326.0,6190.0,20444,9711
2024-06-06,CRUDEOIL,2024-07-19,6222.0,6336.0,6200.0,6322.0,6194.0,1711,1580
2024-06-06,CRUDEOIL,2024-08-19,6300.0,6330.0,6227.0,6256.0,6185.0,14,8
2024-06-06,CRUDEOIL,2024-09-19,0.0,0.0,0.0,6202.0,6202.0,0,0
2024-06-06,CRUDEOIL,2024-10-21,0.0,0.0,0.0,6206.0,6206.0,0,0
2024-06-06,CRUDEOIL,2024-11-19,0.0,0.0,0.0,6209.0,6209.0,0,0
2024-06-06,CRUDEOILM,2024-06-18,6200.0,6328.0,6195.0,6322.0,6189.0,25376,8855
2024-06-06,CRUDEOILM,2024-07-19,6214.0,6335.0,6199.0,6317.0,6197.0,3857,4142
2024-06-06,CRUDEOILM,2024-08-19,6223.0,6337.0,6223.0,6313.0,6220.0,88,107
2024-06-06,CRUDEOILM,2024-09-19,0.0,0.0,0.0,6213.0,6213.0,0,0
2024-06-06,CRUDEOILM,2024-10-21,0.0,0.0,0.0,6221.0,6221.0,0,0
2024-06-06,CRUDEOILM,2024-11-19,0.0,0.0,0.0,6228.0,6228.0,0,0
2024-06-07,CRUDEOIL,2024-06-18,6318.0,6370.0,6284.0,6323.0,6326.0,15674,8527
2024-06-07,CRUDEOIL,2024-07-19,6310.0,6364.0,6282.0,6321.0,6322.0,1039,1525
2024-06-07,CRUDEOIL,2024-08-19,6320.0,6320.0,6306.0,6313.0,6256.0,2,9
2024-06-07,CRUDEOIL,2024-09-19,0.0,0.0,0.0,6314.0,6314.0,0,0
2024-06-07,CRUDEOIL,2024-10-21,0.0,0.0,0.0,6309.0,6309.0,0,0
2024-06-07,CRUDEOIL,2024-11-19,0.0,0.0,0.0,6306.0,6306.0,0,0
2024-06-07,CRUDEOILM,2024-06-18,6316.0,6368.0,6282.0,6320.0,6322.0,19603,8219
2024-06-07,CRUDEOILM,2024-07-19,6310.0,6363.0,6280.0,6318.0,6317.0,2991,3879
2024-06-07,CRUDEOILM,2024-08-19,6321.0,6355.0,6293.0,6335.0,6313.0,52,108
2024-06-07,CRUDEOILM,2024-09-19,0.0,0.0,0.0,6307.0,6307.0,0,0
2024-06-07,CRUDEOILM,2024-10-21,0.0,0.0,0.0,6301.0,6301.0,0,0
2024-06-07,CRUDEOILM,2024-11-19,0.0,0.0,0.0,6297.0,6297.0,0,0
2024-06-10,CRUDEOIL,2024-06-18,6330.0,6493.0,6294.0,6486.0,6323.0,20291,7418
2024-06-10,CRUDEOIL,2024-07-19,6333.0,6476.0,6291.0,6472.0,6321.0,1659,1376
2024-06-10,CRUDEOIL,2024-08-19,6353.0,6455.0,6353.0,6448.0,6313.0,20,17
2024-06-10,CRUDEOIL,2024-09-19,0.0,0.0,0.0,6317.0,6317.0,0,0
2024-06-10,CRUDEOIL,2024-10-21,0.0,0.0,0.0,6314.0,6314.0,0,0
2024-06-10,CRUDEOIL,2024-11-19,0.0,0.0,0.0,6313.0,6313.0,0,0
2024-06-10,CRUDEOILM,2024-06-18,6315.0,6488.0,6291.0,6482.0,6320.0,22000,6900
2024-06-10,CRUDEOILM,2024-07-19,6320.0,6473.0,6291.0,6465.0,6318.0,3606,3280
2024-06-10,CRUDEOILM,2024-08-19,6347.0,6453.0,6300.0,6446.0,6335.0,80,107
2024-06-10,CRUDEOILM,2024-09-19,0.0,0.0,0.0,6314.0,6314.0,0,0
2024-06-10,CRUDEOILM,2024-10-21,0.0,0.0,0.0,6311.0,6311.0,0,0
2024-06-10,CRUDEOILM,2024-11-19,0.0,0.0,0.0,6310.0,6310.0,0,0
2024-06-11,CRUDEOIL,2024-06-18,6480.0,6552.0,6460.0,6526.0,6486.0,15971,7078
2024-06-11,CRUDEOIL,2024-07-19,6464.0,6538.0,6449.0,6517.0,6472.0,2426,1557
2024-06-11,CRUDEOIL,2024-08-19,6460.0,6503.0,6445.0,6469.0,6448.0,5,17
2024-06-11,CRUDEOIL,2024-09-19,0.0,0.0,0.0,6444.0,6444.0,0,0
2024-06-11,CRUDEOIL,2024-10-21,0.0,0.0,0.0,6429.0,6429.0,0,0
2024-06-11,CRUDEOIL,2024-11-19,0.0,0.0,0.0,6416.0,6416.0,0,0
2024-06-11,CRUDEOILM,2024-06-18,6469.0,6547.0,6456.0,6524.0,6482.0,18066,6034
2024-06-11,CRUDEOILM,2024-07-19,6457.0,6534.0,6449.0,6511.0,6465.0,3698,3017
2024-06-11,CRUDEOILM,2024-08-19,6430.0,6524.0,6430.0,6508.0,6446.0,64,120
2024-06-11,CRUDEOILM,2024-09-19,0.0,0.0,0.0,6431.0,6431.0,0,0
2024-06-11,CRUDEOILM,2024-10-21,0.0,0.0,0.0,6413.0,6413.0,0,0
2024-06-11,CRUDEOILM,2024-11-19,0.0,0.0,0.0,6397.0,6397.0,0,0
2024-06-12,CRUDEOIL,2024-06-18,6541.0,6622.0,6507.0,6577.0,6526.0,14998,6375
2024-06-12,CRUDEOIL,2024-07-19,6533.0,6601.0,6495.0,6561.0,6517.0,3757,1832
2024-06-12,CRUDEOIL,2024-08-19,6503.0,6565.0,6500.0,6518.0,6469.0,35,31
2024-06-12,CRUDEOIL,2024-09-19,0.0,0.0,0.0,6499.0,6499.0,0,0
2024-06-12,CRUDEOIL,2024-10-21,0.0,0.0,0.0,6489.0,6489.0,0,0
2024-06-12,CRUDEOIL,2024-11-19,0.0,0.0,0.0,6481.0,6481.0,0,0
2024-06-12,CRUDEOILM,2024-06-18,6538.0,6617.0,6504.0,6573.0,6524.0,18635,4326
2024-06-12,CRUDEOILM,2024-07-19,6502.0,6596.0,6496.0,6561.0,6511.0,5309,2844
2024-06-12,CRUDEOILM,2024-08-19,6504.0,6589.0,6500.0,6552.0,6508.0,181,149
2024-06-12,CRUDEOILM,2024-09-19,0.0,0.0,0.0,6485.0,6485.0,0,0
2024-06-12,CRUDEOILM,2024-10-21,0.0,0.0,0.0,6471.0,6471.0,0,0
2024-06-12,CRUDEOILM,2024-11-19,0.0,0.0,0.0,6459.0,6459.0,0,0
2024-06-13,CRUDEOIL,2024-06-18,6552.0,6589.0,6491.0,6568.0,6577.0,13156,5669
2024-06-13,CRUDEOIL,2024-07-19,6524.0,6570.0,6482.0,6550.0,6561.0,3615,2030
2024-06-13,CRUDEOIL,2024-08-19,6518.0,6575.0,6479.0,6547.0,6518.0,157,88
2024-06-13,CRUDEOIL,2024-09-19,0.0,0.0,0.0,6529.0,6529.0,0,0
2024-06-13,CRUDEOIL,2024-10-21,0.0,0.0,0.0,6512.0,6512.0,0,0
2024-06-13,CRUDEOIL,2024-11-19,0.0,0.0,0.0,6497.0,6497.0,0,0
2024-06-13,CRUDEOILM,2024-06-18,6553.0,6588.0,6491.0,6567.0,6573.0,14398,3856
2024-06-13,CRUDEOILM,2024-07-19,6541.0,6570.0,6481.0,6548.0,6561.0,5720,2963
2024-06-13,CRUDEOILM,2024-08-19,6510.0,6568.0,6485.0,6543.0,6552.0,192,180
2024-06-13,CRUDEOILM,2024-09-19,0.0,0.0,0.0,6537.0,6537.0,0,0
2024-06-13,CRUDEOILM,2024-10-21,0.0,0.0,0.0,6524.0,6524.0,0,0
2024-06-13,CRUDEOILM,2024-11-19,0.0,0.0,0.0,6513.0,6513.0,0,0
2024-06-14,CRUDEOIL,2024-06-18,6542.0,6609.0,6511.0,6574.0,6568.0,13598,5594
2024-06-14,CRUDEOIL,2024-07-19,6523.0,6590.0,6497.0,6551.0,6550.0,5753,2413
2024-06-14,CRUDEOIL,2024-08-19,6522.0,6585.0,6501.0,6555.0,6547.0,75,91
2024-06-14,CRUDEOIL,2024-09-19,0.0,0.0,0.0,6514.0,6514.0,0,0
2024-06-14,CRUDEOIL,2024-10-21,0.0,0.0,0.0,6495.0,6495.0,0,0
2024-06-14,CRUDEOIL,2024-11-19,0.0,0.0,0.0,6478.0,6478.0,0,0
2024-06-14,CRUDEOILM,2024-06-18,6538.0,6607.0,6510.0,6573.0,6567.0,12399,3431
2024-06-14,CRUDEOILM,2024-07-19,6519.0,6589.0,6497.0,6551.0,6548.0,6317,3318
2024-06-14,CRUDEOILM,2024-08-19,6509.0,6585.0,6509.0,6573.0,6543.0,340,234
2024-06-14,CRUDEOILM,2024-09-19,0.0,0.0,0.0,6510.0,6510.0,0,0
2024-06-14,CRUDEOILM,2024-10-21,0.0,0.0,0.0,6490.0,6490.0,0,0
2024-06-14,CRUDEOILM,2024-11-19,0.0,0.0,0.0,6472.0,6472.0,0,0
2024-06-17,CRUDEOIL,2024-06-18,6558.0,6678.0,6541.0,6670.0,6574.0,7251,2924
2024-06-17,CRUDEOIL,2024-07-19,6552.0,6639.0,6545.0,6630.0,6551.0,5177,2904
2024-06-17,CRUDEOIL,2024-08-19,6560.0,6609.0,6543.0,6604.0,6555.0,131,106
2024-06-17,CRUDEOIL,2024-09-19,0.0,0.0,0.0,6505.0,6505.0,0,0
2024-06-17,CRUDEOIL,2024-10-21,0.0,0.0,0.0,6481.0,6481.0,0,0
2024-06-17,CRUDEOIL,2024-11-19,0.0,0.0,0.0,6459.0,6459.0,0,0
2024-06-17,CRUDEOILM,2024-06-18,6480.0,6676.0,6480.0,6665.0,6573.0,5238,3177
2024-06-17,CRUDEOILM,2024-07-19,6558.0,6630.0,6542.0,6624.0,6551.0,6512,3460
2024-06-17,CRUDEOILM,2024-08-19,6574.0,6615.0,6555.0,6597.0,6573.0,278,199
2024-06-17,CRUDEOILM,2024-09-19,0.0,0.0,0.0,6507.0,6507.0,0,0
2024-06-17,CRUDEOILM,2024-10-21,0.0,0.0,0.0,6484.0,6484.0,0,0
2024-06-17,CRUDEOILM,2024-11-19,0.0,0.0,0.0,6463.0,6463.0,0,0
2024-06-18,CRUDEOIL,2024-06-18,6692.0,6813.0,6656.0,6786.0,6670.0,3815,2285
2024-06-18,CRUDEOIL,2024-07-19,6649.0,6734.0,6612.0,6702.0,6630.0,10026,3603
2024-06-18,CRUDEOIL,2024-08-19,6642.0,6697.0,6588.0,6667.0,6604.0,146,115
2024-06-18,CRUDEOIL,2024-09-19,0.0,0.0,0.0,6550.0,6550.0,0,0
2024-06-18,CRUDEOIL,2024-10-21,0.0,0.0,0.0,6508.0,6508.0,0,0
2024-06-18,CRUDEOIL,2024-11-19,0.0,0.0,0.0,6471.0,6471.0,0,0
2024-06-18,CRUDEOILM,2024-06-18,6689.0,6814.0,6657.0,6786.0,6665.0,5290,1993
2024-06-18,CRUDEOILM,2024-07-19,6647.0,6730.0,6611.0,6702.0,6624.0,15325,4212
2024-06-18,CRUDEOILM,2024-08-19,6570.0,6730.0,6570.0,6696.0,6597.0,669,309
2024-06-18,CRUDEOILM,2024-09-19,6747.0,6748.0,6747.0,6748.0,6542.0,5,5
2024-06-18,CRUDEOILM,2024-10-21,0.0,0.0,0.0,6499.0,6499.0,0,0
2024-06-18,CRUDEOILM,2024-11-19,0.0,0.0,0.0,6461.0,6461.0,0,0
2024-06-19,CRUDEOIL,2024-07-19,6732.0,6773.0,6705.0,6733.0,6702.0,7789,4249
2024-06-19,CRUDEOIL,2024-08-19,6699.0,6735.0,6680.0,6701.0,6667.0,219,151
2024-06-19,CRUDEOIL,2024-09-19,0.0,0.0,0.0,6632.0,6632.0,0,0
2024-06-19,CRUDEOIL,2024-10-21,0.0,0.0,0.0,6595.0,6595.0,0,0
2024-06-19,CRUDEOIL,2024-11-19,0.0,0.0,0.0,6563.0,6563.0,0,0
2024-06-19,CRUDEOIL,2024-12-18,0.0,0.0,0.0,6463.0,6463.0,0,0
2024-06-19,CRUDEOILM,2024-07-19,6727.0,6772.0,6704.0,6732.0,6702.0,13146,4971
2024-06-19,CRUDEOILM,2024-08-19,6717.0,6738.0,6680.0,6706.0,6696.0,917,375
2024-06-19,CRUDEOILM,2024-09-19,6650.0,6700.0,6650.0,6666.0,6748.0,4,8
2024-06-19,CRUDEOILM,2024-10-21,0.0,0.0,0.0,6683.0,6683.0,0,0
2024-06-19,CRUDEOILM,2024-11-19,0.0,0.0,0.0,6678.0,6678.0,0,0
2024-06-19,CRUDEOILM,2024-12-18,0.0,0.0,0.0,6463.0,6463.0,0,0
2024-06-20,CRUDEOIL,2024-07-19,6729.0,6818.0,6719.0,6799.0,6733.0,10507,4908
2024-06-20,CRUDEOIL,2024-08-19,6694.0,6775.0,6687.0,6760.0,6701.0,177,159
2024-06-20,CRUDEOIL,2024-09-19,0.0,0.0,0.0,6669.0,6669.0,0,0
2024-06-20,CRUDEOIL,2024-10-21,0.0,0.0,0.0,6635.0,6635.0,0,0
2024-06-20,CRUDEOIL,2024-11-19,0.0,0.0,0.0,6606.0,6606.0,0,0
2024-06-20,CRUDEOIL,2024-12-18,0.0,0.0,0.0,6576.0,6576.0,0,0
2024-06-20,CRUDEOILM,2024-07-19,6715.0,6820.0,6715.0,6799.0,6732.0,14497,5741
2024-06-20,CRUDEOILM,2024-08-19,6689.0,6800.0,6689.0,6753.0,6706.0,1432,412
2024-06-20,CRUDEOILM,2024-09-19,6666.0,6743.0,6666.0,6709.0,6666.0,7,13
2024-06-20,CRUDEOILM,2024-10-21,0.0,0.0,0.0,6653.0,6653.0,0,0
2024-06-20,CRUDEOILM,2024-11-19,0.0,0.0,0.0,6628.0,6628.0,0,0
2024-06-20,CRUDEOILM,2024-12-18,0.0,0.0,0.0,6604.0,6604.0,0,0
2024-06-21,CRUDEOIL,2024-07-19,6795.0,6839.0,6731.0,6746.0,6799.0,11250,4470
2024-06-21,CRUDEOIL,2024-08-19,6750.0,6791.0,6695.0,6710.0,6760.0,245,178
2024-06-21,CRUDEOIL,2024-09-19,0.0,0.0,0.0,6721.0,6721.0,0,0
2024-06-21,CRUDEOIL,2024-10-21,0.0,0.0,0.0,6680.0,6680.0,0,0
2024-06-21,CRUDEOIL,2024-11-19,0.0,0.0,0.0,6644.0,6644.0,0,0
2024-06-21,CRUDEOIL,2024-12-18,0.0,0.0,0.0,6607.0,6607.0,0,0
2024-06-21,CRUDEOILM,2024-07-19,6788.0,6838.0,6734.0,6748.0,6799.0,17574,5412
2024-06-21,CRUDEOILM,2024-08-19,6751.0,6790.0,6695.0,6713.0,6753.0,982,444
2024-06-21,CRUDEOILM,2024-09-19,6786.0,6786.0,6723.0,6755.0,6709.0,2,13
2024-06-21,CRUDEOILM,2024-10-21,0.0,0.0,0.0,6659.0,6659.0,0,0
2024-06-21,CRUDEOILM,2024-11-19,0.0,0.0,0.0,6616.0,6616.0,0,0
2024-06-21,CRUDEOILM,2024-12-18,0.0,0.0,0.0,6573.0,6573.0,0,0
2024-06-24,CRUDEOIL,2024-07-19,6738.0,6829.0,6700.0,6822.0,6746.0,11650,4935
2024-06-24,CRUDEOIL,2024-08-19,6708.0,6787.0,6680.0,6780.0,6710.0,207,171
2024-06-24,CRUDEOIL,2024-09-19,0.0,0.0,0.0,6674.0,6674.0,0,0
2024-06-24,CRUDEOIL,2024-10-21,0.0,0.0,0.0,6636.0,6636.0,0,0
2024-06-24,CRUDEOIL,2024-11-19,0.0,0.0,0.0,6603.0,6603.0,0,0
2024-06-24,CRUDEOIL,2024-12-18,0.0,0.0,0.0,6569.0,6569.0,0,0
2024-06-24,CRUDEOILM,2024-07-19,6753.0,6825.0,6708.0,6819.0,6748.0,15829,6202
2024-06-24,CRUDEOILM,2024-08-19,6704.0,6788.0,6670.0,6776.0,6713.0,994,542
2024-06-24,CRUDEOILM,2024-09-19,6685.0,6760.0,6685.0,6723.0,6755.0,2,14
2024-06-24,CRUDEOILM,2024-10-21,0.0,0.0,0.0,6641.0,6641.0,0,0
2024-06-24,CRUDEOILM,2024-11-19,0.0,0.0,0.0,6609.0,6609.0,0,0
2024-06-24,CRUDEOILM,2024-12-18,0.0,0.0,0.0,6576.0,6576.0,0,0
2024-06-25,CRUDEOIL,2024-07-19,6818.0,6830.0,6751.0,6771.0,6822.0,10965,4513
2024-06-25,CRUDEOIL,2024-08-19,6778.0,6784.0,6713.0,6736.0,6780.0,195,205
2024-06-25,CRUDEOIL,2024-09-19,0.0,0.0,0.0,6738.0,6738.0,0,0
2024-06-25,CRUDEOIL,2024-10-21,0.0,0.0,0.0,6694.0,6694.0,0,0
2024-06-25,CRUDEOIL,2024-11-19,0.0,0.0,0.0,6655.0,6655.0,0,0
2024-06-25,CRUDEOIL,2024-12-18,0.0,0.0,0.0,6616.0,6616.0,0,0
2024-06-25,CRUDEOILM,2024-07-19,6812.0,6827.0,6752.0,6770.0,6819.0,15060,5611
2024-06-25,CRUDEOILM,2024-08-19,6773.0,6781.0,6712.0,6731.0,6776.0,1130,576
2024-06-25,CRUDEOILM,2024-09-19,6769.0,6769.0,6700.0,6744.0,6723.0,5,18
2024-06-25,CRUDEOILM,2024-10-21,0.0,0.0,0.0,6688.0,6688.0,0,0
2024-06-25,CRUDEOILM,2024-11-19,0.0,0.0,0.0,6648.0,6648.0,0,0
2024-06-25,CRUDEOILM,2024-12-18,0.0,0.0,0.0,6608.0,6608.0,0,0
2024-06-26,CRUDEOIL,2024-07-19,6786.0,6828.0,6706.0,6805.0,6771.0,16045,4879
2024-06-26,CRUDEOIL,2024-08-19,6739.0,6785.0,6672.0,6761.0,6736.0,382,278
2024-06-26,CRUDEOIL,2024-09-19,6740.0,6740.0,6668.0,6704.0,6701.0,2,0
2024-06-26,CRUDEOIL,2024-10-21,0.0,0.0,0.0,6664.0,6664.0,0,0
2024-06-26,CRUDEOIL,2024-11-19,0.0,0.0,0.0,6632.0,6632.0,0,0
2024-06-26,CRUDEOIL,2024-12-18,0.0,0.0,0.0,6599.0,6599.0,0,0
2024-06-26,CRUDEOILM,2024-07-19,6786.0,6824.0,6711.0,6803.0,6770.0,21430,5836
2024-06-26,CRUDEOILM,2024-08-19,6741.0,6784.0,6678.0,6764.0,6731.0,1304,593
2024-06-26,CRUDEOILM,2024-09-19,6729.0,6766.0,6691.0,6723.0,6744.0,8,21
2024-06-26,CRUDEOILM,2024-10-21,0.0,0.0,0.0,6651.0,6651.0,0,0
2024-06-26,CRUDEOILM,2024-11-19,0.0,0.0,0.0,6615.0,6615.0,0,0
2024-06-26,CRUDEOILM,2024-12-18,0.0,0.0,0.0,6578.0,6578.0,0,0
2024-06-27,CRUDEOIL,2024-07-19,6761.0,6846.0,6736.0,6804.0,6805.0,12729,4901
2024-06-27,CRUDEOIL,2024-08-19,6708.0,6789.0,6700.0,6759.0,6761.0,217,266
2024-06-27,CRUDEOIL,2024-09-19,0.0,0.0,0.0,6704.0,6704.0,0,0
2024-06-27,CRUDEOIL,2024-10-21,0.0,0.0,0.0,6671.0,6671.0,0,0
2024-06-27,CRUDEOIL,2024-11-19,0.0,0.0,0.0,6630.0,6630.0,0,0
2024-06-27,CRUDEOIL,2024-12-18,0.0,0.0,0.0,6589.0,6589.0,0,0
2024-06-27,CRUDEOILM,2024-07-19,6741.0,6850.0,6741.0,6805.0,6803.0,17042,5608
2024-06-27,CRUDEOILM,2024-08-19,6722.0,6790.0,6700.0,6756.0,6764.0,983,644
2024-06-27,CRUDEOILM,2024-09-19,6760.0,6760.0,6728.0,6752.0,6723.0,4,20
2024-06-27,CRUDEOILM,2024-10-21,0.0,0.0,0.0,6684.0,6684.0,0,0
2024-06-27,CRUDEOILM,2024-11-19,0.0,0.0,0.0,6648.0,6648.0,0,0
2024-06-27,CRUDEOILM,2024-12-18,0.0,0.0,0.0,6611.0,6611.0,0,0
2024-06-28,CRUDEOIL,2024-07-19,6854.0,6899.0,6759.0,6805.0,6804.0,15987,4483
2024-06-28,CRUDEOIL,2024-08-19,6804.0,6840.0,6712.0,6748.0,6759.0,340,280
2024-06-28,CRUDEOIL,2024-09-19,0.0,0.0,0.0,6714.0,6714.0,0,0
2024-06-28,CRUDEOIL,2024-10-21,0.0,0.0,0.0,6667.0,6667.0,0,0
2024-06-28,CRUDEOIL,2024-11-19,0.0,0.0,0.0,6625.0,6625.0,0,0
2024-06-28,CRUDEOIL,2024-12-18,0.0,0.0,0.0,6583.0,6583.0,0,0
2024-06-28,CRUDEOILM,2024-07-19,6845.0,6896.0,6762.0,6806.0,6805.0,19649,5639
2024-06-28,CRUDEOILM,2024-08-19,6803.0,6835.0,6718.0,6751.0,6756.0,1420,712
2024-06-28,CRUDEOILM,2024-09-19,6810.0,6826.0,6688.0,6778.0,6752.0,13,23
2024-06-28,CRUDEOILM,2024-10-21,0.0,0.0,0.0,6656.0,6656.0,0,0
2024-06-28,CRUDEOILM,2024-11-19,0.0,0.0,0.0,6610.0,6610.0,0,0
2024-06-28,CRUDEOILM,2024-12-18,0.0,0.0,0.0,6564.0,6564.0,0,0
2024-07-01,CRUDEOIL,2024-07-19,6835.0,6958.0,6817.0,6950.0,6805.0,16523,7291
2024-07-01,CRUDEOIL,2024-08-19,6779.0,6889.0,6767.0,6881.0,6748.0,580,253
2024-07-01,CRUDEOIL,2024-09-19,0.0,0.0,0.0,6691.0,6691.0,0,0
2024-07-01,CRUDEOIL,2024-10-21,0.0,0.0,0.0,6632.0,6632.0,0,0
2024-07-01,CRUDEOIL,2024-11-19,0.0,0.0,0.0,6578.0,6578.0,0,0
2024-07-01,CRUDEOIL,2024-12-18,0.0,0.0,0.0,6525.0,6525.0,0,0
2024-07-01,CRUDEOILM,2024-07-19,6821.0,6951.0,6818.0,6944.0,6806.0,20188,7176
2024-07-01,CRUDEOILM,2024-08-19,6759.0,6880.0,6759.0,6872.0,6751.0,2165,978
2024-07-01,CRUDEOILM,2024-09-19,6754.0,6888.0,6754.0,6838.0,6778.0,11,25
2024-07-01,CRUDEOILM,2024-10-21,0.0,0.0,0.0,6639.0,6639.0,0,0
2024-07-01,CRUDEOILM,2024-11-19,0.0,0.0,0.0,6587.0,6587.0,0,0
2024-07-01,CRUDEOILM,2024-12-18,0.0,0.0,0.0,6536.0,6536.0,0,0
2024-07-02,CRUDEOIL,2024-07-19,6964.0,7038.0,6936.0,6949.0,6950.0,16078,6102
2024-07-02,CRUDEOIL,2024-08-19,6904.0,6961.0,6878.0,6884.0,6881.0,839,446
2024-07-02,CRUDEOIL,2024-09-19,0.0,0.0,0.0,6812.0,6812.0,0,0
2024-07-02,CRUDEOIL,2024-10-21,0.0,0.0,0.0,6740.0,6740.0,0,0
2024-07-02,CRUDEOIL,2024-11-19,0.0,0.0,0.0,6676.0,6676.0,0,0
2024-07-02,CRUDEOIL,2024-12-18,0.0,0.0,0.0,6611.0,6611.0,0,0
2024-07-02,CRUDEOILM,2024-07-19,6965.0,7037.0,6930.0,6947.0,6944.0,18938,6784
2024-07-02,CRUDEOILM,2024-08-19,6893.0,6963.0,6872.0,6887.0,6872.0,2257,912
2024-07-02,CRUDEOILM,2024-09-19,6884.0,6920.0,6860.0,6881.0,6838.0,12,26
2024-07-02,CRUDEOILM,2024-10-21,0.0,0.0,0.0,6725.0,6725.0,0,0
2024-07-02,CRUDEOILM,2024-11-19,0.0,0.0,0.0,6658.0,6658.0,0,0
2024-07-02,CRUDEOILM,2024-12-18,0.0,0.0,0.0,6590.0,6590.0,0,0
2024-07-03,CRUDEOIL,2024-07-19,6953.0,6969.0,6885.0,6951.0,6949.0,13350,5758
2024-07-03,CRUDEOIL,2024-08-19,6893.0,6915.0,6837.0,6902.0,6884.0,772,672
2024-07-03,CRUDEOIL,2024-09-19,0.0,0.0,0.0,6819.0,6819.0,0,0
2024-07-03,CRUDEOIL,2024-10-21,0.0,0.0,0.0,6751.0,6751.0,0,0
2024-07-03,CRUDEOIL,2024-11-19,0.0,0.0,0.0,6691.0,6691.0,0,0
2024-07-03,CRUDEOIL,2024-12-18,0.0,0.0,0.0,6630.0,6630.0,0,0
2024-07-03,CRUDEOILM,2024-07-19,6941.0,6969.0,6887.0,6950.0,6947.0,16459,6460
2024-07-03,CRUDEOILM,2024-08-19,6895.0,6918.0,6841.0,6898.0,6887.0,1752,911
2024-07-03,CRUDEOILM,2024-09-19,6866.0,6885.0,6824.0,6858.0,6881.0,17,26
2024-07-03,CRUDEOILM,2024-10-21,0.0,0.0,0.0,6765.0,6765.0,0,0
2024-07-03,CRUDEOILM,2024-11-19,0.0,0.0,0.0,6708.0,6708.0,0,0
2024-07-03,CRUDEOILM,2024-12-18,0.0,0.0,0.0,6652.0,6652.0,0,0
2024-07-04,CRUDEOIL,2024-07-19,6954.0,7027.0,6933.0,7024.0,6951.0,9290,7592
2024-07-04,CRUDEOIL,2024-08-19,6911.0,6970.0,6889.0,6964.0,6902.0,363,671
2024-07-04,CRUDEOIL,2024-09-19,0.0,0.0,0.0,6853.0,6853.0,0,0
2024-07-04,CRUDEOIL,2024-10-21,0.0,0.0,0.0,6802.0,6802.0,0,0
2024-07-04,CRUDEOIL,2024-11-19,0.0,0.0,0.0,6756.0,6756.0,0,0
2024-07-04,CRUDEOIL,2024-12-18,0.0,0.0,0.0,6710.0,6710.0,0,0
2024-07-04,CRUDEOILM,2024-07-19,6963.0,7024.0,6932.0,7021.0,6950.0,11875,7136
2024-07-04,CRUDEOILM,2024-08-19,6916.0,6969.0,6882.0,6962.0,6898.0,1195,974
2024-07-04,CRUDEOILM,2024-09-19,6907.0,6929.0,6871.0,6909.0,6858.0,15,23
2024-07-04,CRUDEOILM,2024-10-21,0.0,0.0,0.0,6792.0,6792.0,0,0
2024-07-04,CRUDEOILM,2024-11-19,0.0,0.0,0.0,6743.0,6743.0,0,0
2024-07-04,CRUDEOILM,2024-12-18,0.0,0.0,0.0,6695.0,6695.0,0,0
2024-07-05,CRUDEOIL,2024-07-19,6992.0,7052.0,6962.0,6977.0,7024.0,16660,6690
2024-07-05,CRUDEOIL,2024-08-19,6932.0,6994.0,6909.0,6927.0,6964.0,915,955
2024-07-05,CRUDEOIL,2024-09-19,0.0,0.0,0.0,6904.0,6904.0,0,0
2024-07-05,CRUDEOIL,2024-10-21,0.0,0.0,0.0,6842.0,6842.0,0,0
2024-07-05,CRUDEOIL,2024-11-19,0.0,0.0,0.0,6785.0,6785.0,0,0
2024-07-05,CRUDEOIL,2024-12-18,0.0,0.0,0.0,6729.0,6729.0,0,0
2024-07-05,CRUDEOILM,2024-07-19,6992.0,7050.0,6962.0,6977.0,7021.0,14853,6440
2024-07-05,CRUDEOILM,2024-08-19,6902.0,6992.0,6901.0,6919.0,6962.0,1837,1062
2024-07-05,CRUDEOILM,2024-09-19,6899.0,6944.0,6899.0,6923.0,6909.0,9,22
2024-07-05,CRUDEOILM,2024-10-21,0.0,0.0,0.0,6842.0,6842.0,0,0
2024-07-05,CRUDEOILM,2024-11-19,0.0,0.0,0.0,6786.0,6786.0,0,0
2024-07-05,CRUDEOILM,2024-12-18,0.0,0.0,0.0,6731.0,6731.0,0,0
2024-07-08,CRUDEOIL,2024-07-19,6920.0,6930.0,6861.0,6878.0,6977.0,15589,5102
2024-07-08,CRUDEOIL,2024-08-19,6913.0,6913.0,6815.0,6825.0,6927.0,528,1040
2024-07-08,CRUDEOIL,2024-09-19,6805.0,6805.0,6805.0,6805.0,6877.0,1,1
2024-07-08,CRUDEOIL,2024-10-21,0.0,0.0,0.0,6825.0,6825.0,0,0
2024-07-08,CRUDEOIL,2024-11-19,0.0,0.0,0.0,6778.0,6778.0,0,0
2024-07-08,CRUDEOIL,2024-12-18,0.0,0.0,0.0,6731.0,6731.0,0,0
2024-07-08,CRUDEOILM,2024-07-19,6948.0,6948.0,6864.0,6879.0,6977.0,14900,5832
2024-07-08,CRUDEOILM,2024-08-19,6904.0,6904.0,6814.0,6828.0,6919.0,2331,1043
2024-07-08,CRUDEOILM,2024-09-19,6830.0,6843.0,6795.0,6817.0,6923.0,14,20
2024-07-08,CRUDEOILM,2024-10-21,0.0,0.0,0.0,6801.0,6801.0,0,0
2024-07-08,CRUDEOILM,2024-11-19,0.0,0.0,0.0,6746.0,6746.0,0,0
2024-07-08,CRUDEOILM,2024-12-18,0.0,0.0,0.0,6692.0,6692.0,0,0
2024-07-09,CRUDEOIL,2024-07-19,6851.0,6886.0,6793.0,6830.0,6878.0,20042,5160
2024-07-09,CRUDEOIL,2024-08-19,6858.0,6858.0,6740.0,6774.0,6825.0,1067,1436
2024-07-09,CRUDEOIL,2024-09-19,0.0,0.0,0.0,6805.0,6805.0,0,1
2024-07-09,CRUDEOIL,2024-10-21,0.0,0.0,0.0,6717.0,6717.0,0,0
2024-07-09,CRUDEOIL,2024-11-19,0.0,0.0,0.0,6667.0,6667.0,0,0
2024-07-09,CRUDEOIL,2024-12-18,0.0,0.0,0.0,6618.0,6618.0,0,0
2024-07-09,CRUDEOILM,2024-07-19,6875.0,6888.0,6796.0,6832.0,6879.0,18078,5243
2024-07-09,CRUDEOILM,2024-08-19,6859.0,6860.0,6740.0,6777.0,6828.0,2894,1481
2024-07-09,CRUDEOILM,2024-09-19,6796.0,6800.0,6730.0,6756.0,6817.0,23,24
2024-07-09,CRUDEOILM,2024-10-21,0.0,0.0,0.0,6724.0,6724.0,0,0
2024-07-09,CRUDEOILM,2024-11-19,0.0,0.0,0.0,6676.0,6676.0,0,0
2024-07-09,CRUDEOILM,2024-12-18,0.0,0.0,0.0,6628.0,6628.0,0,0
2024-07-10,CRUDEOIL,2024-07-19,6811.0,6899.0,6754.0,6858.0,6830.0,21336,4536
2024-07-10,CRUDEOIL,2024-08-19,6742.0,6830.0,6696.0,6784.0,6774.0,987,1526
2024-07-10,CRUDEOIL,2024-09-19,6685.0,6729.0,6675.0,6699.0,6718.0,7,7
2024-07-10,CRUDEOIL,2024-10-21,0.0,0.0,0.0,6660.0,6660.0,0,0
2024-07-10,CRUDEOIL,2024-11-19,0.0,0.0,0.0,6607.0,6607.0,0,0
2024-07-10,CRUDEOIL,2024-12-18,0.0,0.0,0.0,6555.0,6555.0,0,0
2024-07-10,CRUDEOILM,2024-07-19,6805.0,6898.0,6758.0,6857.0,6832.0,19938,4709
2024-07-10,CRUDEOILM,2024-08-19,6753.0,6830.0,6698.0,6784.0,6777.0,3968,1645
2024-07-10,CRUDEOILM,2024-09-19,6722.0,6790.0,6682.0,6777.0,6756.0,37,33
2024-07-10,CRUDEOILM,2024-10-21,0.0,0.0,0.0,6665.0,6665.0,0,0
2024-07-10,CRUDEOILM,2024-11-19,0.0,0.0,0.0,6613.0,6613.0,0,0
2024-07-10,CRUDEOILM,2024-12-18,0.0,0.0,0.0,6562.0,6562.0,0,0
2024-07-11,CRUDEOIL,2024-07-19,6907.0,6914.0,6825.0,6893.0,6858.0,21341,4655
2024-07-11,CRUDEOIL,2024-08-19,6844.0,6844.0,6754.0,6805.0,6784.0,1244,1728
2024-07-11,CRUDEOIL,2024-09-19,6785.0,6785.0,6764.0,6775.0,6699.0,2,8
2024-07-11,CRUDEOIL,2024-10-21,0.0,0.0,0.0,6633.0,6633.0,0,0
2024-07-11,CRUDEOIL,2024-11-19,0.0,0.0,0.0,6564.0,6564.0,0,0
2024-07-11,CRUDEOIL,2024-12-18,0.0,0.0,0.0,6495.0,6495.0,0,0
2024-07-11,CRUDEOILM,2024-07-19,6920.0,6920.0,6827.0,6893.0,6857.0,17363,4593
2024-07-11,CRUDEOILM,2024-08-19,6833.0,6845.0,6754.0,6806.0,6784.0,3477,2138
2024-07-11,CRUDEOILM,2024-09-19,6818.0,6822.0,6742.0,6765.0,6777.0,35,45
2024-07-11,CRUDEOILM,2024-10-21,0.0,0.0,0.0,6635.0,6635.0,0,0
2024-07-11,CRUDEOILM,2024-11-19,0.0,0.0,0.0,6567.0,6567.0,0,0
2024-07-11,CRUDEOILM,2024-12-18,0.0,0.0,0.0,6499.0,6499.0,0,0
2024-07-12,CRUDEOIL,2024-07-19,6920.0,6988.0,6880.0,6890.0,6893.0,33058,5233
2024-07-12,CRUDEOIL,2024-08-19,6844.0,6890.0,6788.0,6797.0,6805.0,2451,1659
2024-07-12,CRUDEOIL,2024-09-19,6773.0,6815.0,6766.0,6789.0,6775.0,9,16
2024-07-12,CRUDEOIL,2024-10-21,0.0,0.0,0.0,6626.0,6626.0,0,0
2024-07-12,CRUDEOIL,2024-11-19,0.0,0.0,0.0,6543.0,6543.0,0,0
2024-07-12,CRUDEOIL,2024-12-18,0.0,0.0,0.0,6461.0,6461.0,0,0
2024-07-12,CRUDEOILM,2024-07-19,6903.0,6985.0,6881.0,6890.0,6893.0,19460,4361
2024-07-12,CRUDEOILM,2024-08-19,6835.0,6887.0,6791.0,6800.0,6806.0,3915,2347
2024-07-12,CRUDEOILM,2024-09-19,6804.0,6854.0,6774.0,6798.0,6765.0,37,60
2024-07-12,CRUDEOILM,2024-10-21,0.0,0.0,0.0,6629.0,6629.0,0,0
2024-07-12,CRUDEOILM,2024-11-19,0.0,0.0,0.0,6547.0,6547.0,0,0
2024-07-12,CRUDEOILM,2024-12-18,0.0,0.0,0.0,6466.0,6466.0,0,0
2024-07-15,CRUDEOIL,2024-07-19,6882.0,6894.0,6817.0,6847.0,6890.0,18462,5320
2024-07-15,CRUDEOIL,2024-08-19,6794.0,6806.0,6737.0,6770.0,6797.0,3633,2236
2024-07-15,CRUDEOIL,2024-09-19,6715.0,6738.0,6687.0,6703.0,6789.0,36,37
2024-07-15,CRUDEOIL,2024-10-21,0.0,0.0,0.0,6608.0,6608.0,0,0
2024-07-15,CRUDEOIL,2024-11-19,0.0,0.0,0.0,6521.0,6521.0,0,0
2024-07-15,CRUDEOIL,2024-12-18,0.0,0.0,0.0,6434.0,6434.0,0,0
2024-07-15,CRUDEOILM,2024-07-19,6892.0,6895.0,6820.0,6848.0,6890.0,15144,3815
2024-07-15,CRUDEOILM,2024-08-19,6817.0,6817.0,6736.0,6776.0,6800.0,4625,2528
2024-07-15,CRUDEOILM,2024-09-19,6762.0,6769.0,6700.0,6710.0,6798.0,194,105
2024-07-15,CRUDEOILM,2024-10-21,0.0,0.0,0.0,6617.0,6617.0,0,0
2024-07-15,CRUDEOILM,2024-11-19,0.0,0.0,0.0,6532.0,6532.0,0,0
2024-07-15,CRUDEOILM,2024-12-18,0.0,0.0,0.0,6448.0,6448.0,0,0
2024-07-16,CRUDEOIL,2024-07-19,6831.0,6834.0,6720.0,6779.0,6847.0,28535,5739
2024-07-16,CRUDEOIL,2024-08-19,6751.0,6760.0,6647.0,6704.0,6770.0,6756,2694
2024-07-16,CRUDEOIL,2024-09-19,6674.0,6686.0,6607.0,6641.0,6703.0,136,99
2024-07-16,CRUDEOIL,2024-10-21,0.0,0.0,0.0,6613.0,6613.0,0,0
2024-07-16,CRUDEOIL,2024-11-19,0.0,0.0,0.0,6541.0,6541.0,0,0
2024-07-16,CRUDEOIL,2024-12-18,0.0,0.0,0.0,6469.0,6469.0,0,0
2024-07-16,CRUDEOILM,2024-07-19,6832.0,6835.0,6723.0,6780.0,6848.0,13327,2799
2024-07-16,CRUDEOILM,2024-08-19,6790.0,6790.0,6652.0,6707.0,6776.0,7759,2746
2024-07-16,CRUDEOILM,2024-09-19,6720.0,6735.0,6610.0,6659.0,6710.0,442,212
2024-07-16,CRUDEOILM,2024-10-21,6370.0,6370.0,6370.0,6370.0,6629.0,1,1
2024-07-16,CRUDEOILM,2024-11-19,0.0,0.0,0.0,6562.0,6562.0,0,0
2024-07-16,CRUDEOILM,2024-12-18,0.0,0.0,0.0,6494.0,6494.0,0,0
2024-07-17,CRUDEOIL,2024-07-19,6773.0,6924.0,6773.0,6911.0,6779.0,24527,7386
2024-07-17,CRUDEOIL,2024-08-19,6706.0,6819.0,6690.0,6809.0,6704.0,6798,2436
2024-07-17,CRUDEOIL,2024-09-19,6650.0,6756.0,6640.0,6739.0,6641.0,63,82
2024-07-17,CRUDEOIL,2024-10-21,0.0,0.0,0.0,6551.0,6551.0,0,0
2024-07-17,CRUDEOIL,2024-11-19,0.0,0.0,0.0,6481.0,6481.0,0,0
2024-07-17,CRUDEOIL,2024-12-18,0.0,0.0,0.0,6411.0,6411.0,0,0
2024-07-17,CRUDEOILM,2024-07-19,6790.0,6933.0,6778.0,6912.0,6780.0,10275,2721
2024-07-17,CRUDEOILM,2024-08-19,6712.0,6817.0,6699.0,6806.0,6707.0,6661,2109
2024-07-17,CRUDEOILM,2024-09-19,6660.0,6735.0,6650.0,6729.0,6659.0,218,248
2024-07-17,CRUDEOILM,2024-10-21,0.0,0.0,0.0,6370.0,6370.0,0,1
2024-07-17,CRUDEOILM,2024-11-19,0.0,0.0,0.0,6490.0,6490.0,0,0
2024-07-17,CRUDEOILM,2024-12-18,0.0,0.0,0.0,6422.0,6422.0,0,0
2024-07-18,CRUDEOIL,2024-07-19,6950.0,7006.0,6863.0,6973.0,6911.0,10165,4852
2024-07-18,CRUDEOIL,2024-08-19,6837.0,6887.0,6756.0,6846.0,6809.0,9999,3021
2024-07-18,CRUDEOIL,2024-09-19,6764.0,6799.0,6687.0,6723.0,6739.0,167,100
2024-07-18,CRUDEOIL,2024-10-21,0.0,0.0,0.0,6601.0,6601.0,0,0
2024-07-18,CRUDEOIL,2024-11-19,0.0,0.0,0.0,6506.0,6506.0,0,0
2024-07-18,CRUDEOIL,2024-12-18,0.0,0.0,0.0,6410.0,6410.0,0,0
2024-07-18,CRUDEOILM,2024-07-19,6939.0,7003.0,6862.0,6975.0,6912.0,7393,2090
2024-07-18,CRUDEOILM,2024-08-19,6830.0,6887.0,6756.0,6845.0,6806.0,12853,2753
2024-07-18,CRUDEOILM,2024-09-19,6776.0,6800.0,6694.0,6759.0,6729.0,495,289
2024-07-18,CRUDEOILM,2024-10-21,0.0,0.0,0.0,6590.0,6590.0,0,1
2024-07-18,CRUDEOILM,2024-11-19,0.0,0.0,0.0,6491.0,6491.0,0,0
2024-07-18,CRUDEOILM,2024-12-18,0.0,0.0,0.0,6392.0,6392.0,0,0
2024-07-19,CRUDEOIL,2024-07-19,6899.0,6928.0,6712.0,6725.0,6973.0,4637,2986
2024-07-19,CRUDEOIL,2024-08-19,6779.0,6813.0,6600.0,6612.0,6846.0,18379,4699
2024-07-19,CRUDEOIL,2024-09-19,6686.0,6737.0,6540.0,6553.0,6723.0,335,192
2024-07-19,CRUDEOIL,2024-10-21,0.0,0.0,0.0,6587.0,6587.0,0,0
2024-07-19,CRUDEOIL,2024-11-19,0.0,0.0,0.0,6469.0,6469.0,0,0
2024-07-19,CRUDEOIL,2024-12-18,0.0,0.0,0.0,6350.0,6350.0,0,0
2024-07-19,CRUDEOILM,2024-07-19,6907.0,6933.0,6712.0,6727.0,6975.0,6718,2000
2024-07-19,CRUDEOILM,2024-08-19,6797.0,6814.0,6606.0,6616.0,6845.0,20041,4092
2024-07-19,CRUDEOILM,2024-09-19,6799.0,6799.0,6560.0,6574.0,6759.0,880,515
2024-07-19,CRUDEOILM,2024-10-21,0.0,0.0,0.0,6580.0,6580.0,0,1
2024-07-19,CRUDEOILM,2024-11-19,0.0,0.0,0.0,6459.0,6459.0,0,0
2024-07-19,CRUDEOILM,2024-12-18,0.0,0.0,0.0,6337.0,6337.0,0,0
2024-07-22,CRUDEOIL,2024-08-19,6626.0,6633.0,6499.0,6560.0,6612.0,13806,5925
2024-07-22,CRUDEOIL,2024-09-19,6566.0,6569.0,6451.0,6500.0,6553.0,533,315
2024-07-22,CRUDEOIL,2024-10-21,0.0,0.0,0.0,6492.0,6492.0,0,0
2024-07-22,CRUDEOIL,2024-11-19,0.0,0.0,0.0,6436.0,6436.0,0,0
2024-07-22,CRUDEOIL,2024-12-18,0.0,0.0,0.0,6381.0,6381.0,0,0
2024-07-22,CRUDEOIL,2025-01-17,0.0,0.0,0.0,6316.0,6316.0,0,0
2024-07-22,CRUDEOILM,2024-08-19,6623.0,6638.0,6503.0,6563.0,6616.0,15615,5126
2024-07-22,CRUDEOILM,2024-09-19,6581.0,6593.0,6451.0,6501.0,6574.0,1625,1056
2024-07-22,CRUDEOILM,2024-10-21,6569.0,6569.0,6470.0,6503.0,6530.0,3,2
2024-07-22,CRUDEOILM,2024-11-19,0.0,0.0,0.0,6491.0,6491.0,0,0
2024-07-22,CRUDEOILM,2024-12-18,0.0,0.0,0.0,6452.0,6452.0,0,0
2024-07-22,CRUDEOILM,2025-01-17,0.0,0.0,0.0,6316.0,6316.0,0,0
2024-07-23,CRUDEOIL,2024-08-19,6571.0,6600.0,6405.0,6458.0,6560.0,18061,8521
2024-07-23,CRUDEOIL,2024-09-19,6504.0,6535.0,6363.0,6402.0,6500.0,640,577
2024-07-23,CRUDEOIL,2024-10-21,0.0,0.0,0.0,6438.0,6438.0,0,0
2024-07-23,CRUDEOIL,2024-11-19,0.0,0.0,0.0,6381.0,6381.0,0,0
2024-07-23,CRUDEOIL,2024-12-18,0.0,0.0,0.0,6325.0,6325.0,0,0
2024-07-23,CRUDEOIL,2025-01-17,0.0,0.0,0.0,6267.0,6267.0,0,0
2024-07-23,CRUDEOILM,2024-08-19,6653.0,6653.0,6410.0,6460.0,6563.0,18709,5502
2024-07-23,CRUDEOILM,2024-09-19,6500.0,6543.0,6370.0,6411.0,6501.0,1587,1269
2024-07-23,CRUDEOILM,2024-10-21,6503.0,6503.0,6297.0,6401.0,6503.0,4,4
2024-07-23,CRUDEOILM,2024-11-19,0.0,0.0,0.0,6379.0,6379.0,0,0
2024-07-23,CRUDEOILM,2024-12-18,0.0,0.0,0.0,6321.0,6321.0,0,0
2024-07-23,CRUDEOILM,2025-01-17,0.0,0.0,0.0,6261.0,6261.0,0,0
2024-07-24,CRUDEOIL,2024-08-19,6481.0,6556.0,6454.0,6521.0,6458.0,13510,8113
2024-07-24,CRUDEOIL,2024-09-19,6421.0,6487.0,6395.0,6457.0,6402.0,601,717
2024-07-24,CRUDEOIL,2024-10-21,0.0,0.0,0.0,6344.0,6344.0,0,0
2024-07-24,CRUDEOIL,2024-11-19,0.0,0.0,0.0,6291.0,6291.0,0,0
2024-07-24,CRUDEOIL,2024-12-18,0.0,0.0,0.0,6239.0,6239.0,0,0
2024-07-24,CRUDEOIL,2025-01-17,0.0,0.0,0.0,6185.0,6185.0,0,0
2024-07-24,CRUDEOILM,2024-08-19,6503.0,6559.0,6457.0,6524.0,6460.0,20355,5214
2024-07-24,CRUDEOILM,2024-09-19,6428.0,6495.0,6402.0,6465.0,6411.0,2142,1296
2024-07-24,CRUDEOILM,2024-10-21,6420.0,6469.0,6403.0,6437.0,6401.0,6,3
2024-07-24,CRUDEOILM,2024-11-19,0.0,0.0,0.0,6314.0,6314.0,0,0
2024-07-24,CRUDEOILM,2024-12-18,0.0,0.0,0.0,6268.0,6268.0,0,0
2024-07-24,CRUDEOILM,2025-01-17,0.0,0.0,0.0,6221.0,6221.0,0,0
2024-07-25,CRUDEOIL,2024-08-19,6458.0,6579.0,6383.0,6572.0,6521.0,22951,7054
2024-07-25,CRUDEOIL,2024-09-19,6402.0,6498.0,6328.0,6492.0,6457.0,784,886
2024-07-25,CRUDEOIL,2024-10-21,0.0,0.0,0.0,6390.0,6390.0,0,0
2024-07-25,CRUDEOIL,2024-11-19,0.0,0.0,0.0,6331.0,6331.0,0,0
2024-07-25,CRUDEOIL,2024-12-18,0.0,0.0,0.0,6271.0,6271.0,0,0
2024-07-25,CRUDEOIL,2025-01-17,0.0,0.0,0.0,6209.0,6209.0,0,0
2024-07-25,CRUDEOILM,2024-08-19,6559.0,6578.0,6386.0,6569.0,6524.0,24922,4701
2024-07-25,CRUDEOILM,2024-09-19,6404.0,6504.0,6334.0,6494.0,6465.0,2974,1401
2024-07-25,CRUDEOILM,2024-10-21,6354.0,6450.0,6325.0,6399.0,6437.0,28,11
2024-07-25,CRUDEOILM,2024-11-19,0.0,0.0,0.0,6348.0,6348.0,0,0
2024-07-25,CRUDEOILM,2024-12-18,0.0,0.0,0.0,6293.0,6293.0,0,0
2024-07-25,CRUDEOILM,2025-01-17,0.0,0.0,0.0,6236.0,6236.0,0,0
2024-07-26,CRUDEOIL,2024-08-19,6582.0,6586.0,6394.0,6478.0,6572.0,18750,8132
2024-07-26,CRUDEOIL,2024-09-19,6509.0,6513.0,6330.0,6409.0,6492.0,804,1105
2024-07-26,CRUDEOIL,2024-10-21,0.0,0.0,0.0,6409.0,6409.0,0,0
2024-07-26,CRUDEOIL,2024-11-19,0.0,0.0,0.0,6334.0,6334.0,0,0
2024-07-26,CRUDEOIL,2024-12-18,0.0,0.0,0.0,6259.0,6259.0,0,0
2024-07-26,CRUDEOIL,2025-01-17,0.0,0.0,0.0,6182.0,6182.0,0,0
2024-07-26,CRUDEOILM,2024-08-19,6598.0,6599.0,6400.0,6479.0,6569.0,23524,5436
2024-07-26,CRUDEOILM,2024-09-19,6518.0,6521.0,6331.0,6408.0,6494.0,2893,1752
2024-07-26,CRUDEOILM,2024-10-21,6455.0,6482.0,6322.0,6358.0,6399.0,32,32
2024-07-26,CRUDEOILM,2024-11-19,0.0,0.0,0.0,6346.0,6346.0,0,0
2024-07-26,CRUDEOILM,2024-12-18,0.0,0.0,0.0,6276.0,6276.0,0,0
2024-07-26,CRUDEOILM,2025-01-17,0.0,0.0,0.0,6203.0,6203.0,0,0
2024-07-29,CRUDEOIL,2024-08-19,6479.0,6519.0,6322.0,6351.0,6478.0,23151,12380
2024-07-29,CRUDEOIL,2024-09-19,6408.0,6441.0,6264.0,6286.0,6409.0,1173,1367
2024-07-29,CRUDEOIL,2024-10-21,0.0,0.0,0.0,6337.0,6337.0,0,0
2024-07-29,CRUDEOIL,2024-11-19,0.0,0.0,0.0,6273.0,6273.0,0,0
2024-07-29,CRUDEOIL,2024-12-18,0.0,0.0,0.0,6208.0,6208.0,0,0
2024-07-29,CRUDEOIL,2025-01-17,0.0,0.0,0.0,6141.0,6141.0,0,0
2024-07-29,CRUDEOILM,2024-08-19,6479.0,6518.0,6325.0,6355.0,6479.0,24813,7048
2024-07-29,CRUDEOILM,2024-09-19,6409.0,6442.0,6274.0,6292.0,6408.0,2521,2247
2024-07-29,CRUDEOILM,2024-10-21,6400.0,6425.0,6265.0,6283.0,6358.0,53,65
2024-07-29,CRUDEOILM,2024-11-19,0.0,0.0,0.0,6268.0,6268.0,0,0
2024-07-29,CRUDEOILM,2024-12-18,0.0,0.0,0.0,6201.0,6201.0,0,0
2024-07-29,CRUDEOILM,2025-01-17,0.0,0.0,0.0,6133.0,6133.0,0,0
2024-07-30,CRUDEOIL,2024-08-19,6343.0,6373.0,6258.0,6292.0,6351.0,17692,13934
2024-07-30,CRUDEOIL,2024-09-19,6267.0,6308.0,6211.0,6240.0,6286.0,918,1621
2024-07-30,CRUDEOIL,2024-10-21,0.0,0.0,0.0,6218.0,6218.0,0,0
2024-07-30,CRUDEOIL,2024-11-19,0.0,0.0,0.0,6158.0,6158.0,0,0
2024-07-30,CRUDEOIL,2024-12-18,0.0,0.0,0.0,6097.0,6097.0,0,0
2024-07-30,CRUDEOIL,2025-01-17,0.0,0.0,0.0,6034.0,6034.0,0,0
2024-07-30,CRUDEOILM,2024-08-19,6338.0,6376.0,6265.0,6296.0,6355.0,23791,8451
2024-07-30,CRUDEOILM,2024-09-19,6266.0,6311.0,6215.0,6248.0,6292.0,2398,2854
2024-07-30,CRUDEOILM,2024-10-21,6272.0,6325.0,6225.0,6244.0,6283.0,44,95
2024-07-30,CRUDEOILM,2024-11-19,0.0,0.0,0.0,6168.0,6168.0,0,0
2024-07-30,CRUDEOILM,2024-12-18,0.0,0.0,0.0,6109.0,6109.0,0,0
2024-07-30,CRUDEOILM,2025-01-17,0.0,0.0,0.0,6048.0,6048.0,0,0
2024-07-31,CRUDEOIL,2024-08-19,6341.0,6536.0,6338.0,6524.0,6292.0,28728,8145
2024-07-31,CRUDEOIL,2024-09-19,6300.0,6462.0,6300.0,6452.0,6240.0,1761,1268
2024-07-31,CRUDEOIL,2024-10-21,6433.0,6433.0,6433.0,6433.0,6186.0,1,1
2024-07-31,CRUDEOIL,2024-11-19,0.0,0.0,0.0,6137.0,6137.0,0,0
2024-07-31,CRUDEOIL,2024-12-18,0.0,0.0,0.0,6089.0,6089.0,0,0
2024-07-31,CRUDEOIL,2025-01-17,0.0,0.0,0.0,6038.0,6038.0,0,0
2024-07-31,CRUDEOILM,2024-08-19,6345.0,6533.0,6345.0,6521.0,6296.0,29592,5310
2024-07-31,CRUDEOILM,2024-09-19,6266.0,6464.0,6266.0,6449.0,6248.0,4338,2157
2024-07-31,CRUDEOILM,2024-10-21,6300.0,6414.0,6291.0,6406.0,6244.0,120,51
2024-07-31,CRUDEOILM,2024-11-19,0.0,0.0,0.0,6153.0,6153.0,0,0
2024-07-31,CRUDEOILM,2024-12-18,0.0,0.0,0.0,6108.0,6108.0,0,0
2024-07-31,CRUDEOILM,2025-01-17,0.0,0.0,0.0,6062.0,6062.0,0,0
2024-08-01,CRUDEOIL,2024-08-19,6540.0,6609.0,6427.0,6436.0,6524.0,21842,8059
2024-08-01,CRUDEOIL,2024-09-19,6490.0,6527.0,6363.0,6371.0,6452.0,1309,1240
2024-08-01,CRUDEOIL,2024-10-21,6400.0,6410.0,6400.0,6405.0,6433.0,2,3
2024-08-01,CRUDEOIL,2024-11-19,0.0,0.0,0.0,6310.0,6310.0,0,0
2024-08-01,CRUDEOIL,2024-12-18,0.0,0.0,0.0,6242.0,6242.0,0,0
2024-08-01,CRUDEOIL,2025-01-17,0.0,0.0,0.0,6173.0,6173.0,0,0
2024-08-01,CRUDEOILM,2024-08-19,6547.0,6609.0,6432.0,6442.0,6521.0,25155,5299
2024-08-01,CRUDEOILM,2024-09-19,6465.0,6529.0,6367.0,6377.0,6449.0,3614,2228
2024-08-01,CRUDEOILM,2024-10-21,6447.0,6488.0,6335.0,6368.0,6406.0,66,62
2024-08-01,CRUDEOILM,2024-11-19,0.0,0.0,0.0,6307.0,6307.0,0,0
2024-08-01,CRUDEOILM,2024-12-18,0.0,0.0,0.0,6239.0,6239.0,0,0
2024-08-01,CRUDEOILM,2025-01-17,0.0,0.0,0.0,6170.0,6170.0,0,0
2024-08-02,CRUDEOIL,2024-08-19,6451.0,6481.0,6129.0,6146.0,6436.0,40191,16453
2024-08-02,CRUDEOIL,2024-09-19,6390.0,6410.0,6074.0,6091.0,6371.0,3044,2072
2024-08-02,CRUDEOIL,2024-10-21,6390.0,6390.0,6101.0,6147.0,6405.0,10,12
2024-08-02,CRUDEOIL,2024-11-19,0.0,0.0,0.0,6243.0,6243.0,0,0
2024-08-02,CRUDEOIL,2024-12-18,0.0,0.0,0.0,6182.0,6182.0,0,0
2024-08-02,CRUDEOIL,2025-01-17,0.0,0.0,0.0,6119.0,6119.0,0,0
2024-08-02,CRUDEOILM,2024-08-19,6472.0,6483.0,6135.0,6152.0,6442.0,37478,10136
2024-08-02,CRUDEOILM,2024-09-19,6409.0,6418.0,6088.0,6102.0,6377.0,8625,5506
2024-08-02,CRUDEOILM,2024-10-21,6354.0,6410.0,6120.0,6131.0,6368.0,400,284
2024-08-02,CRUDEOILM,2024-11-19,6300.0,6300.0,6300.0,6300.0,6249.0,2,2
2024-08-02,CRUDEOILM,2024-12-18,0.0,0.0,0.0,6188.0,6188.0,0,0
2024-08-02,CRUDEOILM,2025-01-17,0.0,0.0,0.0,6125.0,6125.0,0,0
2024-08-05,CRUDEOIL,2024-08-19,6177.0,6197.0,6025.0,6146.0,6146.0,44338,15013
2024-08-05,CRUDEOIL,2024-09-19,6120.0,6144.0,5975.0,6097.0,6091.0,2278,2202
2024-08-05,CRUDEOIL,2024-10-21,6101.0,6133.0,6008.0,6090.0,6147.0,6,16
2024-08-05,CRUDEOIL,2024-11-19,0.0,0.0,0.0,5982.0,5982.0,0,0
2024-08-05,CRUDEOIL,2024-12-18,0.0,0.0,0.0,5931.0,5931.0,0,0
2024-08-05,CRUDEOIL,2025-01-17,0.0,0.0,0.0,5878.0,5878.0,0,0
2024-08-05,CRUDEOILM,2024-08-19,6187.0,6198.0,6026.0,6149.0,6152.0,35783,9292
2024-08-05,CRUDEOILM,2024-09-19,6088.0,6149.0,5980.0,6102.0,6102.0,5540,5640
2024-08-05,CRUDEOILM,2024-10-21,6146.0,6166.0,5996.0,6127.0,6131.0,218,350
2024-08-05,CRUDEOILM,2024-11-19,0.0,0.0,0.0,6300.0,6300.0,0,2
2024-08-05,CRUDEOILM,2024-12-18,0.0,0.0,0.0,5956.0,5956.0,0,0
2024-08-05,CRUDEOILM,2025-01-17,0.0,0.0,0.0,5908.0,5908.0,0,0
2024-08-06,CRUDEOIL,2024-08-19,6174.0,6238.0,6078.0,6186.0,6146.0,35842,16000
2024-08-06,CRUDEOIL,2024-09-19,6153.0,6183.0,6030.0,6126.0,6097.0,2100,2213
2024-08-06,CRUDEOIL,2024-10-21,6180.0,6180.0,6050.0,6112.0,6090.0,31,27
2024-08-06,CRUDEOIL,2024-11-19,0.0,0.0,0.0,6000.0,6000.0,0,0
2024-08-06,CRUDEOIL,2024-12-18,0.0,0.0,0.0,5954.0,5954.0,0,0
2024-08-06,CRUDEOIL,2025-01-17,0.0,0.0,0.0,5907.0,5907.0,0,0
2024-08-06,CRUDEOILM,2024-08-19,6163.0,6240.0,6081.0,6188.0,6149.0,34515,8580
2024-08-06,CRUDEOILM,2024-09-19,6143.0,6189.0,6033.0,6131.0,6102.0,4934,5459
2024-08-06,CRUDEOILM,2024-10-21,6160.0,6200.0,6055.0,6134.0,6127.0,132,393
2024-08-06,CRUDEOILM,2024-11-19,0.0,0.0,0.0,6009.0,6009.0,0,2
2024-08-06,CRUDEOILM,2024-12-18,0.0,0.0,0.0,5965.0,5965.0,0,0
2024-08-06,CRUDEOILM,2025-01-17,0.0,0.0,0.0,5920.0,5920.0,0,0
2024-08-07,CRUDEOIL,2024-08-19,6166.0,6373.0,6143.0,6327.0,6186.0,32222,12749
2024-08-07,CRUDEOIL,2024-09-19,6106.0,6294.0,6086.0,6250.0,6126.0,2215,2226
2024-08-07,CRUDEOIL,2024-10-21,6121.0,6232.0,6060.0,6178.0,6112.0,20,28
2024-08-07,CRUDEOIL,2024-11-19,0.0,0.0,0.0,6007.0,6007.0,0,0
2024-08-07,CRUDEOIL,2024-12-18,0.0,0.0,0.0,5951.0,5951.0,0,0
2024-08-07,CRUDEOIL,2025-01-17,0.0,0.0,0.0,5893.0,5893.0,0,0
2024-08-07,CRUDEOILM,2024-08-19,6139.0,6370.0,6139.0,6324.0,6188.0,35193,6968
2024-08-07,CRUDEOILM,2024-09-19,6128.0,6292.0,6090.0,6250.0,6131.0,5607,4282
2024-08-07,CRUDEOILM,2024-10-21,6107.0,6260.0,6107.0,6236.0,6134.0,172,366
2024-08-07,CRUDEOILM,2024-11-19,0.0,0.0,0.0,6018.0,6018.0,0,2
2024-08-07,CRUDEOILM,2024-12-18,0.0,0.0,0.0,5965.0,5965.0,0,0
2024-08-07,CRUDEOILM,2025-01-17,0.0,0.0,0.0,5910.0,5910.0,0,0
2024-08-08,CRUDEOIL,2024-08-19,6334.0,6434.0,6272.0,6422.0,6327.0,30206,10207
2024-08-08,CRUDEOIL,2024-09-19,6276.0,6345.0,6200.0,6334.0,6250.0,1906,2201
2024-08-08,CRUDEOIL,2024-10-21,6245.0,6288.0,6205.0,6220.0,6178.0,18,39
2024-08-08,CRUDEOIL,2024-11-19,0.0,0.0,0.0,6098.0,6098.0,0,0
2024-08-08,CRUDEOIL,2024-12-18,0.0,0.0,0.0,6026.0,6026.0,0,0
2024-08-08,CRUDEOIL,2025-01-17,0.0,0.0,0.0,5951.0,5951.0,0,0
2024-08-08,CRUDEOILM,2024-08-19,6349.0,6429.0,6272.0,6418.0,6324.0,29153,6870
2024-08-08,CRUDEOILM,2024-09-19,6278.0,6341.0,6197.0,6329.0,6250.0,4119,4049
2024-08-08,CRUDEOILM,2024-10-21,6270.0,6298.0,6200.0,6284.0,6236.0,170,386
2024-08-08,CRUDEOILM,2024-11-19,0.0,0.0,0.0,6104.0,6104.0,0,2
2024-08-08,CRUDEOILM,2024-12-18,0.0,0.0,0.0,6035.0,6035.0,0,0
2024-08-08,CRUDEOILM,2025-01-17,0.0,0.0,0.0,5963.0,5963.0,0,0
2024-08-09,CRUDEOIL,2024-08-19,6420.0,6473.0,6376.0,6444.0,6422.0,21330,9408
2024-08-09,CRUDEOIL,2024-09-19,6342.0,6384.0,6294.0,6359.0,6334.0,1659,2302
2024-08-09,CRUDEOIL,2024-10-21,6310.0,6323.0,6259.0,6311.0,6220.0,22,39
2024-08-09,CRUDEOIL,2024-11-19,0.0,0.0,0.0,6160.0,6160.0,0,0
2024-08-09,CRUDEOIL,2024-12-18,0.0,0.0,0.0,6078.0,6078.0,0,0
2024-08-09,CRUDEOIL,2025-01-17,0.0,0.0,0.0,5993.0,5993.0,0,0
2024-08-09,CRUDEOILM,2024-08-19,6435.0,6469.0,6375.0,6440.0,6418.0,22025,6081
2024-08-09,CRUDEOILM,2024-09-19,6326.0,6379.0,6291.0,6353.0,6329.0,4045,4044
2024-08-09,CRUDEOILM,2024-10-21,6291.0,6330.0,6274.0,6322.0,6284.0,126,387
2024-08-09,CRUDEOILM,2024-11-19,0.0,0.0,0.0,6153.0,6153.0,0,2
2024-08-09,CRUDEOILM,2024-12-18,0.0,0.0,0.0,6070.0,6070.0,0,0
2024-08-09,CRUDEOILM,2025-01-17,0.0,0.0,0.0,5984.0,5984.0,0,0
2024-08-12,CRUDEOIL,2024-08-19,6471.0,6680.0,6461.0,6662.0,6444.0,35267,12969
2024-08-12,CRUDEOIL,2024-09-19,6366.0,6568.0,6359.0,6555.0,6359.0,3866,2329
2024-08-12,CRUDEOIL,2024-10-21,6333.0,6480.0,6333.0,6461.0,6311.0,49,41
2024-08-12,CRUDEOIL,2024-11-19,0.0,0.0,0.0,6191.0,6191.0,0,0
2024-08-12,CRUDEOIL,2024-12-18,0.0,0.0,0.0,6112.0,6112.0,0,0
2024-08-12,CRUDEOIL,2025-01-17,0.0,0.0,0.0,6029.0,6029.0,0,0
2024-08-12,CRUDEOILM,2024-08-19,6468.0,6675.0,6425.0,6660.0,6440.0,20575,5593
2024-08-12,CRUDEOILM,2024-09-19,6375.0,6557.0,6350.0,6547.0,6353.0,5886,3403
2024-08-12,CRUDEOILM,2024-10-21,6320.0,6479.0,6318.0,6470.0,6322.0,280,338
2024-08-12,CRUDEOILM,2024-11-19,0.0,0.0,0.0,6181.0,6181.0,0,2
2024-08-12,CRUDEOILM,2024-12-18,6008.0,6008.0,6008.0,6008.0,6100.0,1,1
2024-08-12,CRUDEOILM,2025-01-17,0.0,0.0,0.0,6016.0,6016.0,0,0
2024-08-13,CRUDEOIL,2024-08-19,6664.0,6736.0,6573.0,6596.0,6662.0,42109,8058
2024-08-13,CRUDEOIL,2024-09-19,6536.0,6602.0,6454.0,6474.0,6555.0,5438,2678
2024-08-13,CRUDEOIL,2024-10-21,6484.0,6518.0,6392.0,6397.0,6461.0,111,57
2024-08-13,CRUDEOIL,2024-11-19,0.0,0.0,0.0,6344.0,6344.0,0,0
2024-08-13,CRUDEOIL,2024-12-18,0.0,0.0,0.0,6244.0,6244.0,0,0
2024-08-13,CRUDEOIL,2025-01-17,0.0,0.0,0.0,6140.0,6140.0,0,0
2024-08-13,CRUDEOILM,2024-08-19,6648.0,6731.0,6572.0,6593.0,6660.0,23350,4418
2024-08-13,CRUDEOILM,2024-09-19,6532.0,6599.0,6454.0,6474.0,6547.0,7089,3852
2024-08-13,CRUDEOILM,2024-10-21,6450.0,6515.0,6408.0,6430.0,6470.0,269,330
2024-08-13,CRUDEOILM,2024-11-19,0.0,0.0,0.0,6324.0,6324.0,0,2
2024-08-13,CRUDEOILM,2024-12-18,0.0,0.0,0.0,6008.0,6008.0,0,1
2024-08-13,CRUDEOILM,2025-01-17,0.0,0.0,0.0,6109.0,6109.0,0,0
2024-08-14,CRUDEOIL,2024-08-19,6613.0,6640.0,6476.0,6487.0,6596.0,28792,4564
2024-08-14,CRUDEOIL,2024-09-19,6401.0,6525.0,6392.0,6401.0,6474.0,10211,4591
2024-08-14,CRUDEOIL,2024-10-21,6460.0,6465.0,6370.0,6373.0,6397.0,149,69
2024-08-14,CRUDEOIL,2024-11-19,0.0,0.0,0.0,6233.0,6233.0,0,0
2024-08-14,CRUDEOIL,2024-12-18,0.0,0.0,0.0,6119.0,6119.0,0,0
2024-08-14,CRUDEOIL,2025-01-17,0.0,0.0,0.0,6001.0,6001.0,0,0
2024-08-14,CRUDEOILM,2024-08-19,6468.0,6641.0,6468.0,6487.0,6593.0,19204,3340
2024-08-14,CRUDEOILM,2024-09-19,6519.0,6525.0,6395.0,6406.0,6474.0,8467,4382
2024-08-14,CRUDEOILM,2024-10-21,6459.0,6480.0,6370.0,6377.0,6430.0,148,394
2024-08-14,CRUDEOILM,2024-11-19,0.0,0.0,0.0,6239.0,6239.0,0,2
2024-08-14,CRUDEOILM,2024-12-18,0.0,0.0,0.0,6128.0,6128.0,0,1
2024-08-14,CRUDEOILM,2025-01-17,0.0,0.0,0.0,6013.0,6013.0,0,0
2024-08-16,CRUDEOIL,2024-08-19,6536.0,6553.0,6350.0,6435.0,6487.0,10377,3756
2024-08-16,CRUDEOIL,2024-09-19,6455.0,6468.0,6273.0,6355.0,6401.0,12173,5109
2024-08-16,CRUDEOIL,2024-10-21,6399.0,6410.0,6245.0,6320.0,6373.0,229,139
2024-08-16,CRUDEOIL,2024-11-19,0.0,0.0,0.0,6231.0,6231.0,0,0
2024-08-16,CRUDEOIL,2024-12-18,0.0,0.0,0.0,6151.0,6151.0,0,0
2024-08-16,CRUDEOIL,2025-01-17,0.0,0.0,0.0,6068.0,6068.0,0,0
2024-08-16,CRUDEOILM,2024-08-19,6510.0,6552.0,6343.0,6432.0,6487.0,12694,2910
2024-08-16,CRUDEOILM,2024-09-19,6456.0,6468.0,6271.0,6355.0,6406.0,14497,5490
2024-08-16,CRUDEOILM,2024-10-21,6371.0,6432.0,6251.0,6325.0,6377.0,460,535
2024-08-16,CRUDEOILM,2024-11-19,0.0,0.0,0.0,6246.0,6246.0,0,2
2024-08-16,CRUDEOILM,2024-12-18,0.0,0.0,0.0,6170.0,6170.0,0,1
2024-08-16,CRUDEOILM,2025-01-17,0.0,0.0,0.0,6092.0,6092.0,0,0
2024-08-19,CRUDEOIL,2024-08-19,6424.0,6450.0,6238.0,6253.0,6435.0,2738,3418
2024-08-19,CRUDEOIL,2024-09-19,6333.0,6365.0,6174.0,6190.0,6355.0,22063,6818
2024-08-19,CRUDEOIL,2024-10-21,6287.0,6325.0,6147.0,6165.0,6320.0,718,344
2024-08-19,CRUDEOIL,2024-11-19,0.0,0.0,0.0,6197.0,6197.0,0,0
2024-08-19,CRUDEOIL,2024-12-18,0.0,0.0,0.0,6122.0,6122.0,0,0
2024-08-19,CRUDEOIL,2025-01-17,0.0,0.0,0.0,6045.0,6045.0,0,0
2024-08-19,CRUDEOILM,2024-08-19,6430.0,6450.0,6233.0,6250.0,6432.0,6686,2359
2024-08-19,CRUDEOILM,2024-09-19,6449.0,6449.0,6181.0,6198.0,6355.0,25931,10396
2024-08-19,CRUDEOILM,2024-10-21,6325.0,6330.0,6174.0,6182.0,6325.0,1385,1189
2024-08-19,CRUDEOILM,2024-11-19,0.0,0.0,0.0,6203.0,6203.0,0,2
2024-08-19,CRUDEOILM,2024-12-18,0.0,0.0,0.0,6131.0,6131.0,0,1
2024-08-19,CRUDEOILM,2025-01-17,0.0,0.0,0.0,6056.0,6056.0,0,0
2024-08-20,CRUDEOIL,2024-09-19,6171.0,6243.0,6094.0,6154.0,6190.0,25378,8312
2024-08-20,CRUDEOIL,2024-10-21,6170.0,6204.0,6079.0,6112.0,6165.0,1457,599
2024-08-20,CRUDEOIL,2024-11-19,0.0,0.0,0.0,6142.0,6142.0,0,0
2024-08-20,CRUDEOIL,2024-12-18,0.0,0.0,0.0,6119.0,6119.0,0,0
2024-08-20,CRUDEOIL,2025-01-17,0.0,0.0,0.0,6096.0,6096.0,0,0
2024-08-20,CRUDEOIL,2025-02-19,0.0,0.0,0.0,6127.0,6127.0,0,0
2024-08-20,CRUDEOILM,2024-09-19,6160.0,6249.0,6101.0,6160.0,6198.0,39074,14980
2024-08-20,CRUDEOILM,2024-10-21,6162.0,6211.0,6100.0,6127.0,6182.0,2859,1939
2024-08-20,CRUDEOILM,2024-11-19,6202.0,6203.0,6130.0,6180.0,6167.0,9,10
2024-08-20,CRUDEOILM,2024-12-18,0.0,0.0,0.0,6153.0,6153.0,0,1
2024-08-20,CRUDEOILM,2025-01-17,0.0,0.0,0.0,6138.0,6138.0,0,0
2024-08-20,CRUDEOILM,2025-02-19,0.0,0.0,0.0,6127.0,6127.0,0,0
2024-08-21,CRUDEOIL,2024-09-19,6127.0,6235.0,6020.0,6030.0,6154.0,27069,11617
2024-08-21,CRUDEOIL,2024-10-21,6104.0,6193.0,6000.0,6010.0,6112.0,1462,1092
2024-08-21,CRUDEOIL,2024-11-19,0.0,0.0,0.0,6073.0,6073.0,0,0
2024-08-21,CRUDEOIL,2024-12-18,0.0,0.0,0.0,6035.0,6035.0,0,0
2024-08-21,CRUDEOIL,2025-01-17,0.0,0.0,0.0,5996.0,5996.0,0,0
2024-08-21,CRUDEOIL,2025-02-19,0.0,0.0,0.0,5953.0,5953.0,0,0
2024-08-21,CRUDEOILM,2024-09-19,6137.0,6239.0,6030.0,6040.0,6160.0,36158,19702
2024-08-21,CRUDEOILM,2024-10-21,6128.0,6198.0,6021.0,6030.0,6127.0,3482,3243
2024-08-21,CRUDEOILM,2024-11-19,6130.0,6165.0,6040.0,6051.0,6180.0,41,48
2024-08-21,CRUDEOILM,2024-12-18,6000.0,6000.0,6000.0,6000.0,6067.0,1,1
2024-08-21,CRUDEOILM,2025-01-17,0.0,0.0,0.0,6036.0,6036.0,0,0
2024-08-21,CRUDEOILM,2025-02-19,0.0,0.0,0.0,6002.0,6002.0,0,0
2024-08-22,CRUDEOIL,2024-09-19,6039.0,6188.0,6030.0,6158.0,6030.0,21798,10134
2024-08-22,CRUDEOIL,2024-10-21,6016.0,6145.0,6001.0,6123.0,6010.0,1178,1038
2024-08-22,CRUDEOIL,2024-11-19,6073.0,6073.0,6073.0,6073.0,5991.0,1,1
2024-08-22,CRUDEOIL,2024-12-18,0.0,0.0,0.0,5973.0,5973.0,0,0
2024-08-22,CRUDEOIL,2025-01-17,0.0,0.0,0.0,5955.0,5955.0,0,0
2024-08-22,CRUDEOIL,2025-02-19,0.0,0.0,0.0,5934.0,5934.0,0,0
2024-08-22,CRUDEOILM,2024-09-19,6071.0,6189.0,6038.0,6162.0,6040.0,31708,16451
2024-08-22,CRUDEOILM,2024-10-21,6039.0,6151.0,6013.0,6126.0,6030.0,2635,2950
2024-08-22,CRUDEOILM,2024-11-19,6075.0,6135.0,6030.0,6112.0,6051.0,28,60
2024-08-22,CRUDEOILM,2024-12-18,0.0,0.0,0.0,6000.0,6000.0,0,1
2024-08-22,CRUDEOILM,2025-01-17,0.0,0.0,0.0,6002.0,6002.0,0,0
2024-08-22,CRUDEOILM,2025-02-19,0.0,0.0,0.0,5992.0,5992.0,0,0
2024-08-23,CRUDEOIL,2024-09-19,6140.0,6302.0,6134.0,6293.0,6158.0,18047,9169
2024-08-23,CRUDEOIL,2024-10-21,6113.0,6252.0,6103.0,6248.0,6123.0,954,873
2024-08-23,CRUDEOIL,2024-11-19,6180.0,6180.0,6180.0,6180.0,6073.0,1,0
2024-08-23,CRUDEOIL,2024-12-18,0.0,0.0,0.0,6059.0,6059.0,0,0
2024-08-23,CRUDEOIL,2025-01-17,0.0,0.0,0.0,6026.0,6026.0,0,0
2024-08-23,CRUDEOIL,2025-02-19,0.0,0.0,0.0,5990.0,5990.0,0,0
2024-08-23,CRUDEOILM,2024-09-19,6157.0,6302.0,6135.0,6295.0,6162.0,27665,11996
2024-08-23,CRUDEOILM,2024-10-21,6149.0,6258.0,6116.0,6252.0,6126.0,2498,2220
2024-08-23,CRUDEOILM,2024-11-19,6150.0,6235.0,6150.0,6223.0,6112.0,44,60
2024-08-23,CRUDEOILM,2024-12-18,0.0,0.0,0.0,6060.0,6060.0,0,1
2024-08-23,CRUDEOILM,2025-01-17,0.0,0.0,0.0,6027.0,6027.0,0,0
2024-08-23,CRUDEOILM,2025-02-19,0.0,0.0,0.0,5989.0,5989.0,0,0
2024-08-26,CRUDEOIL,2024-09-19,6321.0,6516.0,6319.0,6483.0,6293.0,23199,7713
2024-08-26,CRUDEOIL,2024-10-21,6277.0,6437.0,6267.0,6399.0,6248.0,1098,644
2024-08-26,CRUDEOIL,2024-11-19,6391.0,6410.0,6381.0,6391.0,6180.0,4,2
2024-08-26,CRUDEOIL,2024-12-18,0.0,0.0,0.0,6166.0,6166.0,0,0
2024-08-26,CRUDEOIL,2025-01-17,0.0,0.0,0.0,6124.0,6124.0,0,0
2024-08-26,CRUDEOIL,2025-02-19,0.0,0.0,0.0,6077.0,6077.0,0,0
2024-08-26,CRUDEOILM,2024-09-19,6314.0,6513.0,6314.0,6483.0,6295.0,30486,7859
2024-08-26,CRUDEOILM,2024-10-21,6249.0,6434.0,6249.0,6400.0,6252.0,3187,1739
2024-08-26,CRUDEOILM,2024-11-19,6260.0,6428.0,6253.0,6402.0,6223.0,119,86
2024-08-26,CRUDEOILM,2024-12-18,0.0,0.0,0.0,6174.0,6174.0,0,1
2024-08-26,CRUDEOILM,2025-01-17,0.0,0.0,0.0,6133.0,6133.0,0,0
2024-08-26,CRUDEOILM,2025-02-19,0.0,0.0,0.0,6089.0,6089.0,0,0
2024-08-27,CRUDEOIL,2024-09-19,6451.0,6513.0,6340.0,6353.0,6483.0,18223,7103
2024-08-27,CRUDEOIL,2024-10-21,6384.0,6426.0,6267.0,6280.0,6399.0,1075,835
2024-08-27,CRUDEOIL,2024-11-19,6335.0,6344.0,6335.0,6340.0,6391.0,2,3
2024-08-27,CRUDEOIL,2024-12-18,0.0,0.0,0.0,6246.0,6246.0,0,0
2024-08-27,CRUDEOIL,2025-01-17,0.0,0.0,0.0,6168.0,6168.0,0,0
2024-08-27,CRUDEOIL,2025-02-19,0.0,0.0,0.0,6081.0,6081.0,0,0
2024-08-27,CRUDEOILM,2024-09-19,6488.0,6510.0,6344.0,6355.0,6483.0,28493,6671
2024-08-27,CRUDEOILM,2024-10-21,6392.0,6421.0,6270.0,6281.0,6400.0,2266,2025
2024-08-27,CRUDEOILM,2024-11-19,6403.0,6406.0,6291.0,6298.0,6402.0,73,147
2024-08-27,CRUDEOILM,2024-12-18,0.0,0.0,0.0,6249.0,6249.0,0,1
2024-08-27,CRUDEOILM,2025-01-17,0.0,0.0,0.0,6171.0,6171.0,0,0
2024-08-27,CRUDEOILM,2025-02-19,0.0,0.0,0.0,6086.0,6086.0,0,0
2024-08-28,CRUDEOIL,2024-09-19,6350.0,6368.0,6213.0,6288.0,6353.0,26860,6998
2024-08-28,CRUDEOIL,2024-10-21,6282.0,6292.0,6153.0,6215.0,6280.0,1095,980
2024-08-28,CRUDEOIL,2024-11-19,6221.0,6221.0,6165.0,6194.0,6340.0,8,11
2024-08-28,CRUDEOIL,2024-12-18,0.0,0.0,0.0,6147.0,6147.0,0,0
2024-08-28,CRUDEOIL,2025-01-17,0.0,0.0,0.0,6079.0,6079.0,0,0
2024-08-28,CRUDEOIL,2025-02-19,0.0,0.0,0.0,6003.0,6003.0,0,0
2024-08-28,CRUDEOILM,2024-09-19,6360.0,6370.0,6217.0,6296.0,6355.0,36395,7616
2024-08-28,CRUDEOILM,2024-10-21,6312.0,6312.0,6161.0,6216.0,6281.0,3283,2814
2024-08-28,CRUDEOILM,2024-11-19,6315.0,6315.0,6186.0,6242.0,6298.0,187,253
2024-08-28,CRUDEOILM,2024-12-18,0.0,0.0,0.0,6146.0,6146.0,0,1
2024-08-28,CRUDEOILM,2025-01-17,0.0,0.0,0.0,6077.0,6077.0,0,0
2024-08-28,CRUDEOILM,2025-02-19,0.0,0.0,0.0,6001.0,6001.0,0,0
2024-08-29,CRUDEOIL,2024-09-19,6322.0,6459.0,6223.0,6362.0,6288.0,32004,6163
2024-08-29,CRUDEOIL,2024-10-21,6205.0,6365.0,6152.0,6286.0,6215.0,2665,1983
2024-08-29,CRUDEOIL,2024-11-19,6166.0,6303.0,6166.0,6268.0,6194.0,8,11
2024-08-29,CRUDEOIL,2024-12-18,0.0,0.0,0.0,6082.0,6082.0,0,0
2024-08-29,CRUDEOIL,2025-01-17,0.0,0.0,0.0,6014.0,6014.0,0,0
2024-08-29,CRUDEOIL,2025-02-19,0.0,0.0,0.0,5938.0,5938.0,0,0
2024-08-29,CRUDEOILM,2024-09-19,6334.0,6456.0,6227.0,6367.0,6296.0,38525,6416
2024-08-29,CRUDEOILM,2024-10-21,6215.0,6365.0,6158.0,6286.0,6216.0,3605,2630
2024-08-29,CRUDEOILM,2024-11-19,6211.0,6365.0,6150.0,6285.0,6242.0,128,228
2024-08-29,CRUDEOILM,2024-12-18,0.0,0.0,0.0,6071.0,6071.0,0,1
2024-08-29,CRUDEOILM,2025-01-17,0.0,0.0,0.0,5996.0,5996.0,0,0
2024-08-29,CRUDEOILM,2025-02-19,0.0,0.0,0.0,5913.0,5913.0,0,0
2024-08-30,CRUDEOIL,2024-09-19,6380.0,6431.0,6177.0,6203.0,6362.0,36408,9596
2024-08-30,CRUDEOIL,2024-10-21,6312.0,6340.0,6116.0,6143.0,6286.0,2019,2447
2024-08-30,CRUDEOIL,2024-11-19,6297.0,6297.0,6096.0,6127.0,6268.0,111,87
2024-08-30,CRUDEOIL,2024-12-18,0.0,0.0,0.0,6148.0,6148.0,0,0
2024-08-30,CRUDEOIL,2025-01-17,0.0,0.0,0.0,6077.0,6077.0,0,0
2024-08-30,CRUDEOIL,2025-02-19,0.0,0.0,0.0,5998.0,5998.0,0,0
2024-08-30,CRUDEOILM,2024-09-19,6373.0,6433.0,6183.0,6207.0,6367.0,38986,9346
2024-08-30,CRUDEOILM,2024-10-21,6302.0,6345.0,6121.0,6148.0,6286.0,4861,4158
2024-08-30,CRUDEOILM,2024-11-19,6299.0,6335.0,6130.0,6140.0,6285.0,321,366
2024-08-30,CRUDEOILM,2024-12-18,0.0,0.0,0.0,6139.0,6139.0,0,1
2024-08-30,CRUDEOILM,2025-01-17,0.0,0.0,0.0,6063.0,6063.0,0,0
2024-08-30,CRUDEOILM,2025-02-19,0.0,0.0,0.0,5979.0,5979.0,0,0
2024-09-02,CRUDEOIL,2024-09-19,6152.0,6254.0,6132.0,6222.0,6203.0,18863,9604
2024-09-02,CRUDEOIL,2024-10-21,6093.0,6185.0,6077.0,6157.0,6143.0,1390,2702
2024-09-02,CRUDEOIL,2024-11-19,6071.0,6120.0,6070.0,6094.0,6127.0,10,92
2024-09-02,CRUDEOIL,2024-12-18,0.0,0.0,0.0,6034.0,6034.0,0,0
2024-09-02,CRUDEOIL,2025-01-17,0.0,0.0,0.0,5978.0,5978.0,0,0
2024-09-02,CRUDEOIL,2025-02-19,0.0,0.0,0.0,5916.0,5916.0,0,0
2024-09-02,CRUDEOILM,2024-09-19,6184.0,6256.0,6133.0,6224.0,6207.0,27886,9585
2024-09-02,CRUDEOILM,2024-10-21,6108.0,6188.0,6084.0,6162.0,6148.0,3105,4606
2024-09-02,CRUDEOILM,2024-11-19,6090.0,6180.0,6090.0,6161.0,6140.0,112,385
2024-09-02,CRUDEOILM,2024-12-18,0.0,0.0,0.0,6041.0,6041.0,0,1
2024-09-02,CRUDEOILM,2025-01-17,0.0,0.0,0.0,5985.0,5985.0,0,0
2024-09-02,CRUDEOILM,2025-02-19,0.0,0.0,0.0,5924.0,5924.0,0,0
2024-09-03,CRUDEOIL,2024-09-19,6217.0,6249.0,5913.0,5919.0,6222.0,64570,22422
2024-09-03,CRUDEOIL,2024-10-21,6159.0,6181.0,5881.0,5887.0,6157.0,4970,4872
2024-09-03,CRUDEOIL,2024-11-19,6152.0,6152.0,5896.0,5905.0,6094.0,144,175
2024-09-03,CRUDEOIL,2024-12-18,0.0,0.0,0.0,6039.0,6039.0,0,0
2024-09-03,CRUDEOIL,2025-01-17,0.0,0.0,0.0,5978.0,5978.0,0,0
2024-09-03,CRUDEOIL,2025-02-19,0.0,0.0,0.0,5911.0,5911.0,0,0
2024-09-03,CRUDEOILM,2024-09-19,6222.0,6252.0,5923.0,5928.0,6224.0,54928,18158
2024-09-03,CRUDEOILM,2024-10-21,6162.0,6186.0,5895.0,5901.0,6162.0,10493,9257
2024-09-03,CRUDEOILM,2024-11-19,6156.0,6165.0,5926.0,5936.0,6161.0,848,913
2024-09-03,CRUDEOILM,2024-12-18,6008.0,6008.0,6008.0,6008.0,6049.0,1,1
2024-09-03,CRUDEOILM,2025-01-17,0.0,0.0,0.0,5991.0,5991.0,0,0
2024-09-03,CRUDEOILM,2025-02-19,0.0,0.0,0.0,5927.0,5927.0,0,0
2024-09-04,CRUDEOIL,2024-09-19,5911.0,6019.0,5822.0,5851.0,5919.0,59534,20569
2024-09-04,CRUDEOIL,2024-10-21,5874.0,5979.0,5805.0,5825.0,5887.0,6695,7198
2024-09-04,CRUDEOIL,2024-11-19,5852.0,5956.0,5819.0,5833.0,5905.0,190,263
2024-09-04,CRUDEOIL,2024-12-18,0.0,0.0,0.0,5829.0,5829.0,0,0
2024-09-04,CRUDEOIL,2025-01-17,0.0,0.0,0.0,5799.0,5799.0,0,0
2024-09-04,CRUDEOIL,2025-02-19,0.0,0.0,0.0,5766.0,5766.0,0,0
2024-09-04,CRUDEOILM,2024-09-19,5907.0,6020.0,5834.0,5860.0,5928.0,53175,19844
2024-09-04,CRUDEOILM,2024-10-21,5909.0,5985.0,5822.0,5841.0,5901.0,10287,12010
2024-09-04,CRUDEOILM,2024-11-19,5921.0,5993.0,5850.0,5866.0,5936.0,844,1221
2024-09-04,CRUDEOILM,2024-12-18,0.0,0.0,0.0,6008.0,6008.0,0,1
2024-09-04,CRUDEOILM,2025-01-17,0.0,0.0,0.0,5826.0,5826.0,0,0
2024-09-04,CRUDEOILM,2025-02-19,0.0,0.0,0.0,5798.0,5798.0,0,0
2024-09-05,CRUDEOIL,2024-09-19,5851.0,5962.0,5800.0,5810.0,5851.0,40101,21179
2024-09-05,CRUDEOIL,2024-10-21,5825.0,5918.0,5775.0,5784.0,5825.0,4755,8393
2024-09-05,CRUDEOIL,2024-11-19,5834.0,5915.0,5798.0,5812.0,5833.0,160,327
2024-09-05,CRUDEOIL,2024-12-18,0.0,0.0,0.0,5777.0,5777.0,0,0
2024-09-05,CRUDEOIL,2025-01-17,0.0,0.0,0.0,5753.0,5753.0,0,0
2024-09-05,CRUDEOIL,2025-02-19,0.0,0.0,0.0,5726.0,5726.0,0,0
2024-09-05,CRUDEOILM,2024-09-19,5871.0,5964.0,5806.0,5817.0,5860.0,45907,21135
2024-09-05,CRUDEOILM,2024-10-21,5842.0,5927.0,5797.0,5804.0,5841.0,10677,15910
2024-09-05,CRUDEOILM,2024-11-19,5864.0,5930.0,5830.0,5837.0,5866.0,456,1372
2024-09-05,CRUDEOILM,2024-12-18,0.0,0.0,0.0,5806.0,5806.0,0,1
2024-09-05,CRUDEOILM,2025-01-17,0.0,0.0,0.0,5788.0,5788.0,0,0
2024-09-05,CRUDEOILM,2025-02-19,0.0,0.0,0.0,5769.0,5769.0,0,0
2024-09-06,CRUDEOIL,2024-09-19,5820.0,5902.0,5657.0,5704.0,5810.0,44000,21233
2024-09-06,CRUDEOIL,2024-10-21,5811.0,5862.0,5640.0,5678.0,5784.0,4528,9307
2024-09-06,CRUDEOIL,2024-11-19,5828.0,5860.0,5670.0,5704.0,5812.0,142,380
2024-09-06,CRUDEOIL,2024-12-18,0.0,0.0,0.0,5736.0,5736.0,0,0
2024-09-06,CRUDEOIL,2025-01-17,0.0,0.0,0.0,5712.0,5712.0,0,0
2024-09-06,CRUDEOIL,2025-02-19,0.0,0.0,0.0,5685.0,5685.0,0,0
2024-09-06,CRUDEOILM,2024-09-19,5825.0,5905.0,5665.0,5710.0,5817.0,44626,22267
2024-09-06,CRUDEOILM,2024-10-21,5820.0,5876.0,5668.0,5701.0,5804.0,10048,18526
2024-09-06,CRUDEOILM,2024-11-19,5863.0,5898.0,5700.0,5737.0,5837.0,717,1709
2024-09-06,CRUDEOILM,2024-12-18,0.0,0.0,0.0,5780.0,5780.0,0,1
2024-09-06,CRUDEOILM,2025-01-17,0.0,0.0,0.0,5768.0,5768.0,0,0
2024-09-06,CRUDEOILM,2025-02-19,0.0,0.0,0.0,5754.0,5754.0,0,0
2024-09-09,CRUDEOIL,2024-09-19,5764.0,5799.0,5667.0,5776.0,5704.0,37461,18139
2024-09-09,CRUDEOIL,2024-10-21,5726.0,5761.0,5641.0,5739.0,5678.0,3456,9300
2024-09-09,CRUDEOIL,2024-11-19,5764.0,5791.0,5700.0,5762.0,5704.0,58,384
2024-09-09,CRUDEOIL,2024-12-18,0.0,0.0,0.0,5630.0,5630.0,0,0
2024-09-09,CRUDEOIL,2025-01-17,0.0,0.0,0.0,5606.0,5606.0,0,0
2024-09-09,CRUDEOIL,2025-02-19,0.0,0.0,0.0,5579.0,5579.0,0,0
2024-09-09,CRUDEOILM,2024-09-19,5765.0,5799.0,5675.0,5777.0,5710.0,38212,19634
2024-09-09,CRUDEOILM,2024-10-21,5749.0,5780.0,5666.0,5761.0,5701.0,7728,18769
2024-09-09,CRUDEOILM,2024-11-19,5781.0,5807.0,5701.0,5785.0,5737.0,383,1751
2024-09-09,CRUDEOILM,2024-12-18,0.0,0.0,0.0,5684.0,5684.0,0,1
2024-09-09,CRUDEOILM,2025-01-17,0.0,0.0,0.0,5676.0,5676.0,0,0
2024-09-09,CRUDEOILM,2025-02-19,0.0,0.0,0.0,5666.0,5666.0,0,0
2024-09-10,CRUDEOIL,2024-09-19,5776.0,5786.0,5501.0,5533.0,5776.0,53293,21857
2024-09-10,CRUDEOIL,2024-10-21,5738.0,5745.0,5495.0,5513.0,5739.0,8856,11896
2024-09-10,CRUDEOIL,2024-11-19,5754.0,5754.0,5506.0,5522.0,5762.0,418,578
2024-09-10,CRUDEOIL,2024-12-18,0.0,0.0,0.0,5671.0,5671.0,0,0
2024-09-10,CRUDEOIL,2025-01-17,0.0,0.0,0.0,5637.0,5637.0,0,0
2024-09-10,CRUDEOIL,2025-02-19,0.0,0.0,0.0,5599.0,5599.0,0,0
2024-09-10,CRUDEOILM,2024-09-19,5772.0,5789.0,5510.0,5537.0,5777.0,49837,22942
2024-09-10,CRUDEOILM,2024-10-21,5754.0,5760.0,5520.0,5533.0,5761.0,18454,25481
2024-09-10,CRUDEOILM,2024-11-19,5785.0,5785.0,5554.0,5562.0,5785.0,1539,2519
2024-09-10,CRUDEOILM,2024-12-18,5859.0,5859.0,5574.0,5752.0,5732.0,3,2
2024-09-10,CRUDEOILM,2025-01-17,0.0,0.0,0.0,5717.0,5717.0,0,0
2024-09-10,CRUDEOILM,2025-02-19,0.0,0.0,0.0,5700.0,5700.0,0,0
2024-09-11,CRUDEOIL,2024-09-19,5565.0,5719.0,5526.0,5690.0,5533.0,47354,17209
2024-09-11,CRUDEOIL,2024-10-21,5547.0,5675.0,5510.0,5658.0,5513.0,8290,11240
2024-09-11,CRUDEOIL,2024-11-19,5548.0,5673.0,5532.0,5655.0,5522.0,204,577
2024-09-11,CRUDEOIL,2024-12-18,0.0,0.0,0.0,5476.0,5476.0,0,0
2024-09-11,CRUDEOIL,2025-01-17,0.0,0.0,0.0,5458.0,5458.0,0,0
2024-09-11,CRUDEOIL,2025-02-19,0.0,0.0,0.0,5437.0,5437.0,0,0
2024-09-11,CRUDEOILM,2024-09-19,5545.0,5716.0,5531.0,5692.0,5537.0,51274,17415
2024-09-11,CRUDEOILM,2024-10-21,5549.0,5688.0,5530.0,5670.0,5533.0,16881,22982
2024-09-11,CRUDEOILM,2024-11-19,5594.0,5700.0,5572.0,5680.0,5562.0,868,2427
2024-09-11,CRUDEOILM,2024-12-18,0.0,0.0,0.0,5752.0,5752.0,0,2
2024-09-11,CRUDEOILM,2025-01-17,0.0,0.0,0.0,5522.0,5522.0,0,0
2024-09-11,CRUDEOILM,2025-02-19,0.0,0.0,0.0,5517.0,5517.0,0,0
2024-09-12,CRUDEOIL,2024-09-19,5690.0,5867.0,5685.0,5809.0,5690.0,36620,14188
2024-09-12,CRUDEOIL,2024-10-21,5658.0,5815.0,5655.0,5765.0,5658.0,7206,10814
2024-09-12,CRUDEOIL,2024-11-19,5648.0,5788.0,5648.0,5751.0,5655.0,337,517
2024-09-12,CRUDEOIL,2024-12-18,0.0,0.0,0.0,5476.0,5476.0,0,0
2024-09-12,CRUDEOIL,2025-01-17,0.0,0.0,0.0,5458.0,5458.0,0,0
2024-09-12,CRUDEOIL,2025-02-19,0.0,0.0,0.0,5437.0,5437.0,0,0
2024-09-12,CRUDEOILM,2024-09-19,5686.0,5866.0,5686.0,5808.0,5692.0,36988,14551
2024-09-12,CRUDEOILM,2024-10-21,5684.0,5824.0,5669.0,5778.0,5670.0,12229,21070
2024-09-12,CRUDEOILM,2024-11-19,5704.0,5820.0,5680.0,5777.0,5680.0,1046,2331
2024-09-12,CRUDEOILM,2024-12-18,0.0,0.0,0.0,5752.0,5752.0,0,2
2024-09-12,CRUDEOILM,2025-01-17,0.0,0.0,0.0,5522.0,5522.0,0,0
2024-09-12,CRUDEOILM,2025-02-19,0.0,0.0,0.0,5517.0,5517.0,0,0
2024-09-13,CRUDEOIL,2024-09-19,5827.0,5905.0,5752.0,5770.0,5809.0,28366,10000
2024-09-13,CRUDEOIL,2024-10-21,5779.0,5844.0,5715.0,5721.0,5765.0,7675,11183
2024-09-13,CRUDEOIL,2024-11-19,5776.0,5822.0,5702.0,5708.0,5751.0,213,534
2024-09-13,CRUDEOIL,2024-12-18,0.0,0.0,0.0,5685.0,5685.0,0,0
2024-09-13,CRUDEOIL,2025-01-17,0.0,0.0,0.0,5644.0,5644.0,0,0
2024-09-13,CRUDEOIL,2025-02-19,0.0,0.0,0.0,5598.0,5598.0,0,0
2024-09-13,CRUDEOILM,2024-09-19,5833.0,5899.0,5760.0,5772.0,5808.0,27398,11869
2024-09-13,CRUDEOILM,2024-10-21,5767.0,5852.0,5729.0,5737.0,5778.0,11764,21844
2024-09-13,CRUDEOILM,2024-11-19,5797.0,5845.0,5735.0,5745.0,5777.0,673,2437
2024-09-13,CRUDEOILM,2024-12-18,0.0,0.0,0.0,5723.0,5723.0,0,2
2024-09-13,CRUDEOILM,2025-01-17,0.0,0.0,0.0,5695.0,5695.0,0,0
2024-09-13,CRUDEOILM,2025-02-19,0.0,0.0,0.0,5664.0,5664.0,0,0
2024-09-16,CRUDEOIL,2024-09-19,5796.0,5933.0,5765.0,5887.0,5770.0,26421,8986
2024-09-16,CRUDEOIL,2024-10-21,5725.0,5863.0,5713.0,5819.0,5721.0,11091,12253
2024-09-16,CRUDEOIL,2024-11-19,5729.0,5830.0,5700.0,5785.0,5708.0,228,562
2024-09-16,CRUDEOIL,2024-12-18,0.0,0.0,0.0,5632.0,5632.0,0,0
2024-09-16,CRUDEOIL,2025-01-17,0.0,0.0,0.0,5586.0,5586.0,0,0
2024-09-16,CRUDEOIL,2025-02-19,0.0,0.0,0.0,5535.0,5535.0,0,0
2024-09-16,CRUDEOILM,2024-09-19,5787.0,5930.0,5761.0,5882.0,5772.0,25001,9170
2024-09-16,CRUDEOILM,2024-10-21,5721.0,5870.0,5721.0,5827.0,5737.0,14512,22132
2024-09-16,CRUDEOILM,2024-11-19,5759.0,5855.0,5725.0,5815.0,5745.0,804,2439
2024-09-16,CRUDEOILM,2024-12-18,0.0,0.0,0.0,5673.0,5673.0,0,2
2024-09-16,CRUDEOILM,2025-01-17,0.0,0.0,0.0,5640.0,5640.0,0,0
2024-09-16,CRUDEOILM,2025-02-19,0.0,0.0,0.0,5604.0,5604.0,0,0
2024-09-17,CRUDEOIL,2024-09-19,5910.0,6026.0,5834.0,5989.0,5887.0,29724,9085
2024-09-17,CRUDEOIL,2024-10-21,5848.0,5938.0,5695.0,5902.0,5819.0,15843,12762
2024-09-17,CRUDEOIL,2024-11-19,5811.0,5900.0,5742.0,5874.0,5785.0,518,577
2024-09-17,CRUDEOIL,2024-12-18,0.0,0.0,0.0,5695.0,5695.0,0,0
2024-09-17,CRUDEOIL,2025-01-17,0.0,0.0,0.0,5632.0,5632.0,0,0
2024-09-17,CRUDEOIL,2025-02-19,0.0,0.0,0.0,5561.0,5561.0,0,0
2024-09-17,CRUDEOILM,2024-09-19,5908.0,6022.0,5831.0,5986.0,5882.0,24663,5433
2024-09-17,CRUDEOILM,2024-10-21,5847.0,5940.0,5779.0,5905.0,5827.0,21210,19863
2024-09-17,CRUDEOILM,2024-11-19,5849.0,5925.0,5772.0,5897.0,5815.0,1542,2422
2024-09-17,CRUDEOILM,2024-12-18,5821.0,5913.0,5821.0,5874.0,5727.0,3,4
2024-09-17,CRUDEOILM,2025-01-17,0.0,0.0,0.0,5675.0,5675.0,0,0
2024-09-17,CRUDEOILM,2025-02-19,0.0,0.0,0.0,5619.0,5619.0,0,0
2024-09-18,CRUDEOIL,2024-09-19,5950.0,5982.0,5815.0,5913.0,5989.0,8230,3704
2024-09-18,CRUDEOIL,2024-10-21,5869.0,5897.0,5769.0,5840.0,5902.0,18527,13852
2024-09-18,CRUDEOIL,2024-11-19,5850.0,5860.0,5734.0,5809.0,5874.0,1060,758
2024-09-18,CRUDEOIL,2024-12-18,0.0,0.0,0.0,5744.0,5744.0,0,0
2024-09-18,CRUDEOIL,2025-01-17,0.0,0.0,0.0,5662.0,5662.0,0,0
2024-09-18,CRUDEOIL,2025-02-19,0.0,0.0,0.0,5573.0,5573.0,0,0
2024-09-18,CRUDEOILM,2024-09-19,5949.0,5983.0,5835.0,5912.0,5986.0,14550,3663
2024-09-18,CRUDEOILM,2024-10-21,5860.0,5900.0,5775.0,5845.0,5905.0,26073,21897
2024-09-18,CRUDEOILM,2024-11-19,5868.0,5882.0,5763.0,5827.0,5897.0,1615,2857
2024-09-18,CRUDEOILM,2024-12-18,5832.0,5832.0,5832.0,5832.0,5874.0,11,15
2024-09-18,CRUDEOILM,2025-01-17,0.0,0.0,0.0,5682.0,5682.0,0,0
2024-09-18,CRUDEOILM,2025-02-19,0.0,0.0,0.0,5598.0,5598.0,0,0
2024-09-19,CRUDEOIL,2024-09-19,5927.0,6062.0,5923.0,6026.0,5913.0,6290,3318
2024-09-19,CRUDEOIL,2024-10-21,5851.0,5996.0,5851.0,5963.0,5840.0,22618,13819
2024-09-19,CRUDEOIL,2024-11-19,5829.0,5950.0,5829.0,5928.0,5809.0,789,655
2024-09-19,CRUDEOIL,2024-12-18,0.0,0.0,0.0,5707.0,5707.0,0,0
2024-09-19,CRUDEOIL,2025-01-17,0.0,0.0,0.0,5639.0,5639.0,0,0
2024-09-19,CRUDEOIL,2025-02-19,0.0,0.0,0.0,5563.0,5563.0,0,0
2024-09-19,CRUDEOILM,2024-09-19,5915.0,6062.0,5914.0,6025.0,5912.0,8470,1976
2024-09-19,CRUDEOILM,2024-10-21,5836.0,5997.0,5836.0,5967.0,5845.0,28165,18272
2024-09-19,CRUDEOILM,2024-11-19,5837.0,5960.0,5837.0,5940.0,5827.0,1653,2604
2024-09-19,CRUDEOILM,2024-12-18,5900.0,5902.0,5900.0,5901.0,5832.0,2,16
2024-09-19,CRUDEOILM,2025-01-17,0.0,0.0,0.0,5660.0,5660.0,0,0
2024-09-19,CRUDEOILM,2025-02-19,0.0,0.0,0.0,5591.0,5591.0,0,0
2024-09-20,CRUDEOIL,2024-10-21,5964.0,5980.0,5897.0,5975.0,5963.0,19817,12965
2024-09-20,CRUDEOIL,2024-11-19,5916.0,5934.0,5862.0,5928.0,5928.0,621,764
2024-09-20,CRUDEOIL,2024-12-18,5825.0,5923.0,5823.0,5858.0,5893.0,4,3
2024-09-20,CRUDEOIL,2025-01-17,0.0,0.0,0.0,5856.0,5856.0,0,0
2024-09-20,CRUDEOIL,2025-02-19,0.0,0.0,0.0,5816.0,5816.0,0,0
2024-09-20,CRUDEOIL,2025-03-19,0.0,0.0,0.0,5792.0,5792.0,0,0
2024-09-20,CRUDEOILM,2024-10-21,5976.0,5983.0,5902.0,5976.0,5967.0,27341,18632
2024-09-20,CRUDEOILM,2024-11-19,5940.0,5950.0,5875.0,5939.0,5940.0,2164,2891
2024-09-20,CRUDEOILM,2024-12-18,5923.0,5950.0,5890.0,5915.0,5901.0,22,29
2024-09-20,CRUDEOILM,2025-01-17,0.0,0.0,0.0,5885.0,5885.0,0,0
2024-09-20,CRUDEOILM,2025-02-19,0.0,0.0,0.0,5854.0,5854.0,0,0
2024-09-20,CRUDEOILM,2025-03-19,0.0,0.0,0.0,5792.0,5792.0,0,0
2024-09-23,CRUDEOIL,2024-10-21,5987.0,6020.0,5830.0,5898.0,5975.0,31828,14128
2024-09-23,CRUDEOIL,2024-11-19,5940.0,5975.0,5803.0,5868.0,5928.0,1259,979
2024-09-23,CRUDEOIL,2024-12-18,5881.0,5881.0,5805.0,5827.0,5858.0,6,7
2024-09-23,CRUDEOIL,2025-01-17,0.0,0.0,0.0,5832.0,5832.0,0,0
2024-09-23,CRUDEOIL,2025-02-19,0.0,0.0,0.0,5778.0,5778.0,0,0
2024-09-23,CRUDEOIL,2025-03-19,0.0,0.0,0.0,5733.0,5733.0,0,0
2024-09-23,CRUDEOILM,2024-10-21,5989.0,6020.0,5839.0,5902.0,5976.0,38530,20208
2024-09-23,CRUDEOILM,2024-11-19,5952.0,5985.0,5820.0,5876.0,5939.0,3628,3585
2024-09-23,CRUDEOILM,2024-12-18,5964.0,5991.0,5840.0,5846.0,5915.0,42,52
2024-09-23,CRUDEOILM,2025-01-17,0.0,0.0,0.0,5863.0,5863.0,0,0
2024-09-23,CRUDEOILM,2025-02-19,0.0,0.0,0.0,5821.0,5821.0,0,0
2024-09-23,CRUDEOILM,2025-03-19,0.0,0.0,0.0,5785.0,5785.0,0,0
2024-09-24,CRUDEOIL,2024-10-21,5930.0,6069.0,5930.0,5983.0,5898.0,28030,13113
2024-09-24,CRUDEOIL,2024-11-19,5909.0,6038.0,5908.0,5954.0,5868.0,1255,845
2024-09-24,CRUDEOIL,2024-12-18,5911.0,6002.0,5911.0,5960.0,5827.0,9,6
2024-09-24,CRUDEOIL,2025-01-17,0.0,0.0,0.0,5806.0,5806.0,0,0
2024-09-24,CRUDEOIL,2025-02-19,0.0,0.0,0.0,5772.0,5772.0,0,0
2024-09-24,CRUDEOIL,2025-03-19,0.0,0.0,0.0,5743.0,5743.0,0,0
2024-09-24,CRUDEOILM,2024-10-21,5915.0,6069.0,5915.0,5990.0,5902.0,35570,16531
2024-09-24,CRUDEOILM,2024-11-19,5915.0,6042.0,5901.0,5967.0,5876.0,3931,3093
2024-09-24,CRUDEOILM,2024-12-18,5933.0,6040.0,5933.0,5984.0,5846.0,108,88
2024-09-24,CRUDEOILM,2025-01-17,0.0,0.0,0.0,5823.0,5823.0,0,0
2024-09-24,CRUDEOILM,2025-02-19,0.0,0.0,0.0,5793.0,5793.0,0,0
2024-09-24,CRUDEOILM,2025-03-19,0.0,0.0,0.0,5768.0,5768.0,0,0
2024-09-25,CRUDEOIL,2024-10-21,5960.0,6004.0,5818.0,5841.0,5983.0,36944,16016
2024-09-25,CRUDEOIL,2024-11-19,5968.0,5975.0,5801.0,5822.0,5954.0,1705,1139
2024-09-25,CRUDEOIL,2024-12-18,5946.0,5946.0,5810.0,5842.0,5960.0,21,23
2024-09-25,CRUDEOIL,2025-01-17,0.0,0.0,0.0,5895.0,5895.0,0,0
2024-09-25,CRUDEOIL,2025-02-19,0.0,0.0,0.0,5862.0,5862.0,0,0
2024-09-25,CRUDEOIL,2025-03-19,0.0,0.0,0.0,5834.0,5834.0,0,0
2024-09-25,CRUDEOILM,2024-10-21,5989.0,6012.0,5826.0,5849.0,5990.0,43243,21380
2024-09-25,CRUDEOILM,2024-11-19,5962.0,5987.0,5815.0,5835.0,5967.0,4366,4465
2024-09-25,CRUDEOILM,2024-12-18,5979.0,5991.0,5848.0,5866.0,5984.0,288,278
2024-09-25,CRUDEOILM,2025-01-17,0.0,0.0,0.0,5920.0,5920.0,0,0
2024-09-25,CRUDEOILM,2025-02-19,0.0,0.0,0.0,5894.0,5894.0,0,0
2024-09-25,CRUDEOILM,2025-03-19,0.0,0.0,0.0,5871.0,5871.0,0,0
2024-09-26,CRUDEOIL,2024-10-21,5859.0,5862.0,5627.0,5663.0,5841.0,53816,19544
2024-09-26,CRUDEOIL,2024-11-19,5830.0,5840.0,5618.0,5656.0,5822.0,3623,2004
2024-09-26,CRUDEOIL,2024-12-18,5833.0,5833.0,5664.0,5697.0,5842.0,44,58
2024-09-26,CRUDEOIL,2025-01-17,0.0,0.0,0.0,5783.0,5783.0,0,0
2024-09-26,CRUDEOIL,2025-02-19,0.0,0.0,0.0,5761.0,5761.0,0,0
2024-09-26,CRUDEOIL,2025-03-19,0.0,0.0,0.0,5743.0,5743.0,0,0
2024-09-26,CRUDEOILM,2024-10-21,5863.0,5869.0,5636.0,5669.0,5849.0,57756,27736
2024-09-26,CRUDEOILM,2024-11-19,5841.0,5858.0,5636.0,5669.0,5835.0,8971,7301
2024-09-26,CRUDEOILM,2024-12-18,5878.0,5880.0,5698.0,5729.0,5866.0,338,503
2024-09-26,CRUDEOILM,2025-01-17,0.0,0.0,0.0,5806.0,5806.0,0,0
2024-09-26,CRUDEOILM,2025-02-19,0.0,0.0,0.0,5790.0,5790.0,0,0
2024-09-26,CRUDEOILM,2025-03-19,0.0,0.0,0.0,5777.0,5777.0,0,0
2024-09-27,CRUDEOIL,2024-10-21,5667.0,5761.0,5638.0,5694.0,5663.0,27755,18961
2024-09-27,CRUDEOIL,2024-11-19,5660.0,5742.0,5632.0,5679.0,5656.0,2187,2213
2024-09-27,CRUDEOIL,2024-12-18,5705.0,5749.0,5686.0,5726.0,5697.0,65,76
2024-09-27,CRUDEOIL,2025-01-17,0.0,0.0,0.0,5641.0,5641.0,0,0
2024-09-27,CRUDEOIL,2025-02-19,0.0,0.0,0.0,5633.0,5633.0,0,0
2024-09-27,CRUDEOIL,2025-03-19,0.0,0.0,0.0,5627.0,5627.0,0,0
2024-09-27,CRUDEOILM,2024-10-21,5671.0,5764.0,5645.0,5701.0,5669.0,38093,27028
2024-09-27,CRUDEOILM,2024-11-19,5671.0,5750.0,5643.0,5695.0,5669.0,4658,7656
2024-09-27,CRUDEOILM,2024-12-18,5733.0,5800.0,5720.0,5767.0,5729.0,165,578
2024-09-27,CRUDEOILM,2025-01-17,0.0,0.0,0.0,5669.0,5669.0,0,0
2024-09-27,CRUDEOILM,2025-02-19,0.0,0.0,0.0,5669.0,5669.0,0,0
2024-09-27,CRUDEOILM,2025-03-19,0.0,0.0,0.0,5669.0,5669.0,0,0
2024-09-30,CRUDEOIL,2024-10-21,5760.0,5824.0,5683.0,5742.0,5694.0,31799,17574
2024-09-30,CRUDEOIL,2024-11-19,5736.0,5808.0,5674.0,5732.0,5679.0,2596,2105
2024-09-30,CRUDEOIL,2024-12-18,5762.0,5843.0,5732.0,5786.0,5726.0,28,80
2024-09-30,CRUDEOIL,2025-01-17,0.0,0.0,0.0,5648.0,5648.0,0,0
2024-09-30,CRUDEOIL,2025-02-19,0.0,0.0,0.0,5631.0,5631.0,0,0
2024-09-30,CRUDEOIL,2025-03-19,0.0,0.0,0.0,5616.0,5616.0,0,0
2024-09-30,CRUDEOILM,2024-10-21,5707.0,5825.0,5686.0,5748.0,5701.0,44192,25069
2024-09-30,CRUDEOILM,2024-11-19,5739.0,5815.0,5690.0,5745.0,5695.0,6560,7319
2024-09-30,CRUDEOILM,2024-12-18,5808.0,5855.0,5756.0,5803.0,5767.0,170,592
2024-09-30,CRUDEOILM,2025-01-17,0.0,0.0,0.0,5682.0,5682.0,0,0
2024-09-30,CRUDEOILM,2025-02-19,0.0,0.0,0.0,5675.0,5675.0,0,0
2024-09-30,CRUDEOILM,2025-03-19,0.0,0.0,0.0,5670.0,5670.0,0,0
2024-10-01,CRUDEOIL,2024-10-21,5750.0,6048.0,5577.0,5935.0,5742.0,90753,14496
2024-10-01,CRUDEOIL,2024-11-19,5734.0,6020.0,5581.0,5911.0,5732.0,7504,2007
2024-10-01,CRUDEOIL,2024-12-18,5765.0,6014.0,5631.0,5944.0,5786.0,171,118
2024-10-01,CRUDEOIL,2025-01-17,0.0,0.0,0.0,5711.0,5711.0,0,0
2024-10-01,CRUDEOIL,2025-02-19,0.0,0.0,0.0,5700.0,5700.0,0,0
2024-10-01,CRUDEOIL,2025-03-19,0.0,0.0,0.0,5690.0,5690.0,0,0
2024-10-01,CRUDEOILM,2024-10-21,5752.0,6047.0,5586.0,5939.0,5748.0,94078,16820
2024-10-01,CRUDEOILM,2024-11-19,5742.0,6022.0,5595.0,5919.0,5745.0,19333,5629
2024-10-01,CRUDEOILM,2024-12-18,5798.0,6035.0,5665.0,5954.0,5803.0,920,639
2024-10-01,CRUDEOILM,2025-01-17,0.0,0.0,0.0,5738.0,5738.0,0,0
2024-10-01,CRUDEOILM,2025-02-19,0.0,0.0,0.0,5735.0,5735.0,0,0
2024-10-01,CRUDEOILM,2025-03-19,0.0,0.0,0.0,5732.0,5732.0,0,0
2024-10-03,CRUDEOIL,2024-10-21,5986.0,6211.0,5936.0,6161.0,5935.0,52716,14659
2024-10-03,CRUDEOIL,2024-11-19,5965.0,6170.0,5925.0,6137.0,5911.0,4622,1845
2024-10-03,CRUDEOIL,2024-12-18,5980.0,6177.0,5955.0,6159.0,5944.0,223,116
2024-10-03,CRUDEOIL,2025-01-17,0.0,0.0,0.0,5862.0,5862.0,0,0
2024-10-03,CRUDEOIL,2025-02-19,0.0,0.0,0.0,5834.0,5834.0,0,0
2024-10-03,CRUDEOIL,2025-03-19,0.0,0.0,0.0,5811.0,5811.0,0,0
2024-10-03,CRUDEOILM,2024-10-21,5967.0,6208.0,5934.0,6164.0,5939.0,64948,12642
2024-10-03,CRUDEOILM,2024-11-19,5976.0,6178.0,5927.0,6139.0,5919.0,11562,4513
2024-10-03,CRUDEOILM,2024-12-18,6011.0,6184.0,5955.0,6158.0,5954.0,813,496
2024-10-03,CRUDEOILM,2025-01-17,0.0,0.0,0.0,5878.0,5878.0,0,0
2024-10-03,CRUDEOILM,2025-02-19,0.0,0.0,0.0,5855.0,5855.0,0,0
2024-10-03,CRUDEOILM,2025-03-19,0.0,0.0,0.0,5836.0,5836.0,0,0
2024-10-04,CRUDEOIL,2024-10-21,6201.0,6360.0,6177.0,6339.0,6161.0,39235,14564
2024-10-04,CRUDEOIL,2024-11-19,6165.0,6306.0,6153.0,6288.0,6137.0,3205,2141
2024-10-04,CRUDEOIL,2024-12-18,6171.0,6308.0,6171.0,6298.0,6159.0,197,135
2024-10-04,CRUDEOIL,2025-01-17,0.0,0.0,0.0,6088.0,6088.0,0,0
2024-10-04,CRUDEOIL,2025-02-19,0.0,0.0,0.0,6060.0,6060.0,0,0
2024-10-04,CRUDEOIL,2025-03-19,0.0,0.0,0.0,6037.0,6037.0,0,0
2024-10-04,CRUDEOILM,2024-10-21,6189.0,6357.0,6180.0,6340.0,6164.0,44768,11598
2024-10-04,CRUDEOILM,2024-11-19,6172.0,6314.0,6154.0,6297.0,6139.0,8446,4306
2024-10-04,CRUDEOILM,2024-12-18,6183.0,6308.0,6174.0,6299.0,6158.0,535,461
2024-10-04,CRUDEOILM,2025-01-17,0.0,0.0,0.0,6088.0,6088.0,0,0
2024-10-04,CRUDEOILM,2025-02-19,0.0,0.0,0.0,6059.0,6059.0,0,0
2024-10-04,CRUDEOILM,2025-03-19,0.0,0.0,0.0,6035.0,6035.0,0,0
2024-10-07,CRUDEOIL,2024-10-21,6263.0,6495.0,6229.0,6475.0,6339.0,32990,14153
2024-10-07,CRUDEOIL,2024-11-19,6292.0,6446.0,6191.0,6430.0,6288.0,3066,2042
2024-10-07,CRUDEOIL,2024-12-18,6201.0,6433.0,6192.0,6426.0,6298.0,179,124
2024-10-07,CRUDEOIL,2025-01-17,0.0,0.0,0.0,6088.0,6088.0,0,0
2024-10-07,CRUDEOIL,2025-02-19,0.0,0.0,0.0,6060.0,6060.0,0,0
2024-10-07,CRUDEOIL,2025-03-19,0.0,0.0,0.0,6037.0,6037.0,0,0
2024-10-07,CRUDEOILM,2024-10-21,6271.0,6491.0,6230.0,6473.0,6340.0,46953,10967
2024-10-07,CRUDEOILM,2024-11-19,6268.0,6449.0,6186.0,6432.0,6297.0,9840,3750
2024-10-07,CRUDEOILM,2024-12-18,6230.0,6436.0,6205.0,6419.0,6299.0,538,387
2024-10-07,CRUDEOILM,2025-01-17,0.0,0.0,0.0,6088.0,6088.0,0,0
2024-10-07,CRUDEOILM,2025-02-19,0.0,0.0,0.0,6059.0,6059.0,0,0
2024-10-07,CRUDEOILM,2025-03-19,0.0,0.0,0.0,6035.0,6035.0,0,0
2024-10-08,CRUDEOIL,2024-10-21,6430.0,6430.0,6114.0,6244.0,6475.0,38704,12244
2024-10-08,CRUDEOIL,2024-11-19,6355.0,6368.0,6089.0,6208.0,6430.0,3186,2162
2024-10-08,CRUDEOIL,2024-12-18,6344.0,6350.0,6101.0,6163.0,6426.0,156,193
2024-10-08,CRUDEOIL,2025-01-17,0.0,0.0,0.0,6338.0,6338.0,0,0
2024-10-08,CRUDEOIL,2025-02-19,0.0,0.0,0.0,6287.0,6287.0,0,0
2024-10-08,CRUDEOIL,2025-03-19,0.0,0.0,0.0,6243.0,6243.0,0,0
2024-10-08,CRUDEOILM,2024-10-21,6403.0,6430.0,6121.0,6246.0,6473.0,47857,12129
2024-10-08,CRUDEOILM,2024-11-19,6358.0,6394.0,6101.0,6217.0,6432.0,9282,4935
2024-10-08,CRUDEOILM,2024-12-18,6351.0,6375.0,6126.0,6216.0,6419.0,460,447
2024-10-08,CRUDEOILM,2025-01-17,0.0,0.0,0.0,6348.0,6348.0,0,0
2024-10-08,CRUDEOILM,2025-02-19,0.0,0.0,0.0,6301.0,6301.0,0,0
2024-10-08,CRUDEOILM,2025-03-19,0.0,0.0,0.0,6262.0,6262.0,0,0
2024-10-09,CRUDEOIL,2024-10-21,6211.0,6256.0,6012.0,6119.0,6244.0,38545,11949
2024-10-09,CRUDEOIL,2024-11-19,6173.0,6221.0,5999.0,6084.0,6208.0,3670,2494
2024-10-09,CRUDEOIL,2024-12-18,6180.0,6210.0,6020.0,6087.0,6163.0,177,246
2024-10-09,CRUDEOIL,2025-01-17,0.0,0.0,0.0,6134.0,6134.0,0,0
2024-10-09,CRUDEOIL,2025-02-19,0.0,0.0,0.0,6093.0,6093.0,0,0
2024-10-09,CRUDEOIL,2025-03-19,0.0,0.0,0.0,6059.0,6059.0,0,0
2024-10-09,CRUDEOILM,2024-10-21,6230.0,6259.0,6015.0,6125.0,6246.0,47244,12752
2024-10-09,CRUDEOILM,2024-11-19,6201.0,6228.0,6007.0,6100.0,6217.0,9574,5870
2024-10-09,CRUDEOILM,2024-12-18,6218.0,6243.0,6035.0,6096.0,6216.0,569,605
2024-10-09,CRUDEOILM,2025-01-17,0.0,0.0,0.0,6158.0,6158.0,0,0
2024-10-09,CRUDEOILM,2025-02-19,0.0,0.0,0.0,6125.0,6125.0,0,0
2024-10-09,CRUDEOILM,2025-03-19,0.0,0.0,0.0,6097.0,6097.0,0,0
2024-10-10,CRUDEOIL,2024-10-21,6190.0,6403.0,6175.0,6394.0,6119.0,33385,13587
2024-10-10,CRUDEOIL,2024-11-19,6149.0,6348.0,6140.0,6342.0,6084.0,3059,2163
2024-10-10,CRUDEOIL,2024-12-18,6157.0,6326.0,6127.0,6321.0,6087.0,176,226
2024-10-10,CRUDEOIL,2025-01-17,0.0,0.0,0.0,6012.0,6012.0,0,0
2024-10-10,CRUDEOIL,2025-02-19,0.0,0.0,0.0,5972.0,5972.0,0,0
2024-10-10,CRUDEOIL,2025-03-19,0.0,0.0,0.0,5939.0,5939.0,0,0
2024-10-10,CRUDEOILM,2024-10-21,6189.0,6401.0,6175.0,6394.0,6125.0,44986,10805
2024-10-10,CRUDEOILM,2024-11-19,6153.0,6350.0,6144.0,6344.0,6100.0,9939,4828
2024-10-10,CRUDEOILM,2024-12-18,6155.0,6339.0,6140.0,6326.0,6096.0,666,447
2024-10-10,CRUDEOILM,2025-01-17,0.0,0.0,0.0,6049.0,6049.0,0,0
2024-10-10,CRUDEOILM,2025-02-19,0.0,0.0,0.0,6020.0,6020.0,0,0
2024-10-10,CRUDEOILM,2025-03-19,0.0,0.0,0.0,5996.0,5996.0,0,0
2024-10-11,CRUDEOIL,2024-10-21,6400.0,6400.0,6273.0,6364.0,6394.0,25746,13392
2024-10-11,CRUDEOIL,2024-11-19,6323.0,6352.0,6232.0,6323.0,6342.0,2620,2298
2024-10-11,CRUDEOIL,2024-12-18,6307.0,6360.0,6230.0,6326.0,6321.0,137,224
2024-10-11,CRUDEOIL,2025-01-17,0.0,0.0,0.0,6236.0,6236.0,0,0
2024-10-11,CRUDEOIL,2025-02-19,0.0,0.0,0.0,6177.0,6177.0,0,0
2024-10-11,CRUDEOIL,2025-03-19,0.0,0.0,0.0,6126.0,6126.0,0,0
2024-10-11,CRUDEOILM,2024-10-21,6383.0,6399.0,6276.0,6365.0,6394.0,31537,8966
2024-10-11,CRUDEOILM,2024-11-19,6338.0,6354.0,6236.0,6331.0,6344.0,7229,4235
2024-10-11,CRUDEOILM,2024-12-18,6312.0,6349.0,6236.0,6328.0,6326.0,381,429
2024-10-11,CRUDEOILM,2025-01-17,0.0,0.0,0.0,6242.0,6242.0,0,0
2024-10-11,CRUDEOILM,2025-02-19,0.0,0.0,0.0,6185.0,6185.0,0,0
2024-10-11,CRUDEOILM,2025-03-19,0.0,0.0,0.0,6137.0,6137.0,0,0
2024-10-14,CRUDEOIL,2024-10-21,6293.0,6300.0,6180.0,6245.0,6364.0,26079,12522
2024-10-14,CRUDEOIL,2024-11-19,6264.0,6268.0,6144.0,6211.0,6323.0,3690,2749
2024-10-14,CRUDEOIL,2024-12-18,6252.0,6252.0,6150.0,6195.0,6326.0,140,259
2024-10-14,CRUDEOIL,2025-01-17,0.0,0.0,0.0,6239.0,6239.0,0,0
2024-10-14,CRUDEOIL,2025-02-19,0.0,0.0,0.0,6192.0,6192.0,0,0
2024-10-14,CRUDEOIL,2025-03-19,0.0,0.0,0.0,6153.0,6153.0,0,0
2024-10-14,CRUDEOILM,2024-10-21,6299.0,6299.0,6182.0,6247.0,6365.0,32556,9094
2024-10-14,CRUDEOILM,2024-11-19,6272.0,6272.0,6151.0,6218.0,6331.0,10888,5778
2024-10-14,CRUDEOILM,2024-12-18,6261.0,6265.0,6167.0,6234.0,6328.0,445,492
2024-10-14,CRUDEOILM,2025-01-17,0.0,0.0,0.0,6261.0,6261.0,0,0
2024-10-14,CRUDEOILM,2025-02-19,0.0,0.0,0.0,6223.0,6223.0,0,0
2024-10-14,CRUDEOILM,2025-03-19,0.0,0.0,0.0,6190.0,6190.0,0,0
2024-10-15,CRUDEOIL,2024-10-21,6150.0,6150.0,5871.0,5923.0,6245.0,43611,10232
2024-10-15,CRUDEOIL,2024-11-19,6029.0,6029.0,5851.0,5897.0,6211.0,15045,7711
2024-10-15,CRUDEOIL,2024-12-18,6000.0,6034.0,5857.0,5901.0,6195.0,746,540
2024-10-15,CRUDEOIL,2025-01-17,0.0,0.0,0.0,6141.0,6141.0,0,0
2024-10-15,CRUDEOIL,2025-02-19,0.0,0.0,0.0,6103.0,6103.0,0,0
2024-10-15,CRUDEOIL,2025-03-19,0.0,0.0,0.0,6070.0,6070.0,0,0
2024-10-15,CRUDEOILM,2024-10-21,6185.0,6185.0,5873.0,5925.0,6247.0,38081,9201
2024-10-15,CRUDEOILM,2024-11-19,6145.0,6145.0,5866.0,5909.0,6218.0,24368,13475
2024-10-15,CRUDEOILM,2024-12-18,6110.0,6110.0,5880.0,5924.0,6234.0,2149,1422
2024-10-15,CRUDEOILM,2025-01-17,6400.0,6400.0,6050.0,6123.0,6159.0,5,5
2024-10-15,CRUDEOILM,2025-02-19,0.0,0.0,0.0,6126.0,6126.0,0,0
2024-10-15,CRUDEOILM,2025-03-19,0.0,0.0,0.0,6098.0,6098.0,0,0
2024-10-16,CRUDEOIL,2024-10-21,5945.0,5992.0,5858.0,5923.0,5923.0,25352,8524
2024-10-16,CRUDEOIL,2024-11-19,5941.0,5971.0,5840.0,5902.0,5897.0,12326,10853
2024-10-16,CRUDEOIL,2024-12-18,5930.0,5963.0,5845.0,5899.0,5901.0,436,588
2024-10-16,CRUDEOIL,2025-01-17,0.0,0.0,0.0,5844.0,5844.0,0,0
2024-10-16,CRUDEOIL,2025-02-19,0.0,0.0,0.0,5814.0,5814.0,0,0
2024-10-16,CRUDEOIL,2025-03-19,0.0,0.0,0.0,5789.0,5789.0,0,0
2024-10-16,CRUDEOILM,2024-10-21,5951.0,5996.0,5862.0,5926.0,5925.0,25702,7413
2024-10-16,CRUDEOILM,2024-11-19,5956.0,5980.0,5855.0,5913.0,5909.0,15004,14637
2024-10-16,CRUDEOILM,2024-12-18,5926.0,5980.0,5855.0,5921.0,5924.0,972,1569
2024-10-16,CRUDEOILM,2025-01-17,5932.0,5985.0,5932.0,5959.0,6123.0,2,5
2024-10-16,CRUDEOILM,2025-02-19,0.0,0.0,0.0,5858.0,5858.0,0,0
2024-10-16,CRUDEOILM,2025-03-19,0.0,0.0,0.0,5842.0,5842.0,0,0
2024-10-17,CRUDEOIL,2024-10-21,5936.0,5968.0,5836.0,5897.0,5923.0,24164,7834
2024-10-17,CRUDEOIL,2024-11-19,5915.0,5941.0,5822.0,5877.0,5902.0,13349,13159
2024-10-17,CRUDEOIL,2024-12-18,5923.0,5934.0,5822.0,5870.0,5899.0,332,688
2024-10-17,CRUDEOIL,2025-01-17,0.0,0.0,0.0,5859.0,5859.0,0,0
2024-10-17,CRUDEOIL,2025-02-19,0.0,0.0,0.0,5835.0,5835.0,0,0
2024-10-17,CRUDEOIL,2025-03-19,0.0,0.0,0.0,5815.0,5815.0,0,0
2024-10-17,CRUDEOILM,2024-10-21,5947.0,5967.0,5837.0,5894.0,5926.0,21674,6059
2024-10-17,CRUDEOILM,2024-11-19,5927.0,5948.0,5831.0,5883.0,5913.0,17366,16149
2024-10-17,CRUDEOILM,2024-12-18,5921.0,5950.0,5840.0,5889.0,5921.0,1157,1823
2024-10-17,CRUDEOILM,2025-01-17,0.0,0.0,0.0,5959.0,5959.0,0,5
2024-10-17,CRUDEOILM,2025-02-19,0.0,0.0,0.0,5871.0,5871.0,0,0
2024-10-17,CRUDEOILM,2025-03-19,0.0,0.0,0.0,5859.0,5859.0,0,0
2024-10-18,CRUDEOIL,2024-10-21,5930.0,5984.0,5772.0,5855.0,5897.0,14663,5229
2024-10-18,CRUDEOIL,2024-11-19,5926.0,5964.0,5757.0,5839.0,5877.0,19647,14381
2024-10-18,CRUDEOIL,2024-12-18,5924.0,5951.0,5757.0,5839.0,5870.0,810,825
2024-10-18,CRUDEOIL,2025-01-17,0.0,0.0,0.0,5836.0,5836.0,0,0
2024-10-18,CRUDEOIL,2025-02-19,0.0,0.0,0.0,5813.0,5813.0,0,0
2024-10-18,CRUDEOIL,2025-03-19,0.0,0.0,0.0,5794.0,5794.0,0,0
2024-10-18,CRUDEOILM,2024-10-21,5935.0,5986.0,5773.0,5856.0,5894.0,16556,4600
2024-10-18,CRUDEOILM,2024-11-19,5914.0,5971.0,5764.0,5846.0,5883.0,27853,18304
2024-10-18,CRUDEOILM,2024-12-18,5938.0,5963.0,5777.0,5855.0,5889.0,2562,2263
2024-10-18,CRUDEOILM,2025-01-17,5885.0,5900.0,5880.0,5885.0,5860.0,5,10
2024-10-18,CRUDEOILM,2025-02-19,0.0,0.0,0.0,5848.0,5848.0,0,0
2024-10-18,CRUDEOILM,2025-03-19,0.0,0.0,0.0,5837.0,5837.0,0,0
2024-10-21,CRUDEOIL,2024-10-21,5860.0,5972.0,5831.0,5962.0,5855.0,4361,4686
2024-10-21,CRUDEOIL,2024-11-19,5821.0,5939.0,5818.0,5932.0,5839.0,18171,14264
2024-10-21,CRUDEOIL,2024-12-18,5834.0,5930.0,5814.0,5923.0,5839.0,674,877
2024-10-21,CRUDEOIL,2025-01-17,0.0,0.0,0.0,5806.0,5806.0,0,0
2024-10-21,CRUDEOIL,2025-02-19,0.0,0.0,0.0,5788.0,5788.0,0,0
2024-10-21,CRUDEOIL,2025-03-19,0.0,0.0,0.0,5772.0,5772.0,0,0
2024-10-21,CRUDEOILM,2024-10-21,5985.0,5985.0,5803.0,5959.0,5856.0,10073,2988
2024-10-21,CRUDEOILM,2024-11-19,5881.0,5943.0,5825.0,5937.0,5846.0,25125,17949
2024-10-21,CRUDEOILM,2024-12-18,5853.0,5941.0,5833.0,5936.0,5855.0,2507,2319
2024-10-21,CRUDEOILM,2025-01-17,5947.0,5952.0,5912.0,5930.0,5885.0,7,7
2024-10-21,CRUDEOILM,2025-02-19,0.0,0.0,0.0,5814.0,5814.0,0,0
2024-10-21,CRUDEOILM,2025-03-19,0.0,0.0,0.0,5804.0,5804.0,0,0
2024-10-22,CRUDEOIL,2024-11-19,5914.0,6081.0,5852.0,6040.0,5932.0,29203,14338
2024-10-22,CRUDEOIL,2024-12-18,5891.0,6060.0,5845.0,6028.0,5923.0,1742,785
2024-10-22,CRUDEOIL,2025-01-17,5870.0,6028.0,5870.0,5975.0,5913.0,3,2
2024-10-22,CRUDEOIL,2025-02-19,0.0,0.0,0.0,5903.0,5903.0,0,0
2024-10-22,CRUDEOIL,2025-03-19,0.0,0.0,0.0,5894.0,5894.0,0,0
2024-10-22,CRUDEOIL,2025-04-21,0.0,0.0,0.0,5845.0,5845.0,0,0
2024-10-22,CRUDEOILM,2024-11-19,5901.0,6082.0,5859.0,6043.0,5937.0,41405,15545
2024-10-22,CRUDEOILM,2024-12-18,5914.0,6069.0,5858.0,6038.0,5936.0,5454,2021
2024-10-22,CRUDEOILM,2025-01-17,5900.0,6052.0,5882.0,6031.0,5930.0,25,14
2024-10-22,CRUDEOILM,2025-02-19,0.0,0.0,0.0,5933.0,5933.0,0,0
2024-10-22,CRUDEOILM,2025-03-19,0.0,0.0,0.0,5932.0,5932.0,0,0
2024-10-22,CRUDEOILM,2025-04-21,0.0,0.0,0.0,5845.0,5845.0,0,0
2024-10-23,CRUDEOIL,2024-11-19,6019.0,6050.0,5917.0,5976.0,6040.0,25942,13941
2024-10-23,CRUDEOIL,2024-12-18,6019.0,6039.0,5915.0,5965.0,6028.0,1188,965
2024-10-23,CRUDEOIL,2025-01-17,0.0,0.0,0.0,5975.0,5975.0,0,2
2024-10-23,CRUDEOIL,2025-02-19,0.0,0.0,0.0,6001.0,6001.0,0,0
2024-10-23,CRUDEOIL,2025-03-19,0.0,0.0,0.0,5990.0,5990.0,0,0
2024-10-23,CRUDEOIL,2025-04-21,0.0,0.0,0.0,5976.0,5976.0,0,0
2024-10-23,CRUDEOILM,2024-11-19,6061.0,6061.0,5900.0,5978.0,6043.0,35299,15797
2024-10-23,CRUDEOILM,2024-12-18,6030.0,6048.0,5925.0,5972.0,6038.0,5241,2574
2024-10-23,CRUDEOILM,2025-01-17,6046.0,6046.0,5950.0,6002.0,6031.0,21,19
2024-10-23,CRUDEOILM,2025-02-19,0.0,0.0,0.0,6027.0,6027.0,0,0
2024-10-23,CRUDEOILM,2025-03-19,0.0,0.0,0.0,6022.0,6022.0,0,0
2024-10-23,CRUDEOILM,2025-04-21,0.0,0.0,0.0,6016.0,6016.0,0,0
2024-10-24,CRUDEOIL,2024-11-19,5989.0,6095.0,5887.0,5911.0,5976.0,29704,14377
2024-10-24,CRUDEOIL,2024-12-18,6035.0,6082.0,5882.0,5902.0,5965.0,1466,1123
2024-10-24,CRUDEOIL,2025-01-17,6006.0,6006.0,5852.0,5899.0,5953.0,27,6
2024-10-24,CRUDEOIL,2025-02-19,0.0,0.0,0.0,5941.0,5941.0,0,0
2024-10-24,CRUDEOIL,2025-03-19,0.0,0.0,0.0,5930.0,5930.0,0,0
2024-10-24,CRUDEOIL,2025-04-21,0.0,0.0,0.0,5917.0,5917.0,0,0
2024-10-24,CRUDEOILM,2024-11-19,5993.0,6097.0,5893.0,5917.0,5978.0,40650,16322
2024-10-24,CRUDEOILM,2024-12-18,5987.0,6086.0,5896.0,5916.0,5972.0,5446,3111
2024-10-24,CRUDEOILM,2025-01-17,6034.0,6087.0,5915.0,5933.0,6002.0,22,26
2024-10-24,CRUDEOILM,2025-02-19,0.0,0.0,0.0,5958.0,5958.0,0,0
2024-10-24,CRUDEOILM,2025-03-19,0.0,0.0,0.0,5953.0,5953.0,0,0
2024-10-24,CRUDEOILM,2025-04-21,0.0,0.0,0.0,5946.0,5946.0,0,0
2024-10-25,CRUDEOIL,2024-11-19,5926.0,6062.0,5899.0,6040.0,5911.0,21608,13370
2024-10-25,CRUDEOIL,2024-12-18,5921.0,6044.0,5891.0,6023.0,5902.0,1011,922
2024-10-25,CRUDEOIL,2025-01-17,5936.0,6031.0,5927.0,5972.0,5899.0,8,5
2024-10-25,CRUDEOIL,2025-02-19,0.0,0.0,0.0,5882.0,5882.0,0,0
2024-10-25,CRUDEOIL,2025-03-19,0.0,0.0,0.0,5873.0,5873.0,0,0
2024-10-25,CRUDEOIL,2025-04-21,0.0,0.0,0.0,5863.0,5863.0,0,0
2024-10-25,CRUDEOILM,2024-11-19,5931.0,6063.0,5903.0,6041.0,5917.0,34998,13894
2024-10-25,CRUDEOILM,2024-12-18,5931.0,6052.0,5901.0,6030.0,5916.0,3971,2664
2024-10-25,CRUDEOILM,2025-01-17,5939.0,6060.0,5939.0,6022.0,5933.0,21,26
2024-10-25,CRUDEOILM,2025-02-19,0.0,0.0,0.0,5913.0,5913.0,0,0
2024-10-25,CRUDEOILM,2025-03-19,0.0,0.0,0.0,5912.0,5912.0,0,0
2024-10-25,CRUDEOILM,2025-04-21,0.0,0.0,0.0,5911.0,5911.0,0,0
2024-10-28,CRUDEOIL,2024-11-19,5850.0,5889.0,5648.0,5710.0,6040.0,30373,15203
2024-10-28,CRUDEOIL,2024-12-18,5783.0,5795.0,5660.0,5699.0,6023.0,2794,2084
2024-10-28,CRUDEOIL,2025-01-17,5783.0,5809.0,5636.0,5757.0,5972.0,19,21
2024-10-28,CRUDEOIL,2025-02-19,0.0,0.0,0.0,5986.0,5986.0,0,0
2024-10-28,CRUDEOIL,2025-03-19,0.0,0.0,0.0,5969.0,5969.0,0,0
2024-10-28,CRUDEOIL,2025-04-21,0.0,0.0,0.0,5950.0,5950.0,0,0
2024-10-28,CRUDEOILM,2024-11-19,6042.0,6042.0,5653.0,5712.0,6041.0,49043,20293
2024-10-28,CRUDEOILM,2024-12-18,5825.0,5825.0,5659.0,5708.0,6030.0,9806,6420
2024-10-28,CRUDEOILM,2025-01-17,5816.0,5837.0,5699.0,5742.0,6022.0,230,185
2024-10-28,CRUDEOILM,2025-02-19,0.0,0.0,0.0,6006.0,6006.0,0,0
2024-10-28,CRUDEOILM,2025-03-19,0.0,0.0,0.0,5995.0,5995.0,0,0
2024-10-28,CRUDEOILM,2025-04-21,0.0,0.0,0.0,5982.0,5982.0,0,0
2024-10-29,CRUDEOIL,2024-11-19,5698.0,5773.0,5628.0,5668.0,5710.0,25851,15417
2024-10-29,CRUDEOIL,2024-12-18,5690.0,5752.0,5617.0,5653.0,5699.0,1989,2446
2024-10-29,CRUDEOIL,2025-01-17,5696.0,5721.0,5658.0,5691.0,5757.0,11,30
2024-10-29,CRUDEOIL,2025-02-19,0.0,0.0,0.0,5675.0,5675.0,0,0
2024-10-29,CRUDEOIL,2025-03-19,0.0,0.0,0.0,5664.0,5664.0,0,0
2024-10-29,CRUDEOIL,2025-04-21,0.0,0.0,0.0,5651.0,5651.0,0,0
2024-10-29,CRUDEOILM,2024-11-19,5710.0,5776.0,5635.0,5669.0,5712.0,38108,22262
2024-10-29,CRUDEOILM,2024-12-18,5720.0,5767.0,5631.0,5662.0,5708.0,6558,7846
2024-10-29,CRUDEOILM,2025-01-17,5725.0,5784.0,5672.0,5708.0,5742.0,143,250
2024-10-29,CRUDEOILM,2025-02-19,0.0,0.0,0.0,5699.0,5699.0,0,0
2024-10-29,CRUDEOILM,2025-03-19,0.0,0.0,0.0,5695.0,5695.0,0,0
2024-10-29,CRUDEOILM,2025-04-21,0.0,0.0,0.0,5690.0,5690.0,0,0
2024-10-30,CRUDEOIL,2024-11-19,5690.0,5826.0,5690.0,5764.0,5668.0,27336,15118
2024-10-30,CRUDEOIL,2024-12-18,5680.0,5805.0,5677.0,5746.0,5653.0,2781,1922
2024-10-30,CRUDEOIL,2025-01-17,5716.0,5767.0,5705.0,5750.0,5691.0,71,53
2024-10-30,CRUDEOIL,2025-02-19,0.0,0.0,0.0,5620.0,5620.0,0,0
2024-10-30,CRUDEOIL,2025-03-19,0.0,0.0,0.0,5605.0,5605.0,0,0
2024-10-30,CRUDEOIL,2025-04-21,0.0,0.0,0.0,5588.0,5588.0,0,0
2024-10-30,CRUDEOILM,2024-11-19,5694.0,5825.0,5694.0,5766.0,5669.0,37783,17798
2024-10-30,CRUDEOILM,2024-12-18,5683.0,5810.0,5681.0,5751.0,5662.0,7827,6852
2024-10-30,CRUDEOILM,2025-01-17,5746.0,5842.0,5728.0,5808.0,5708.0,119,262
2024-10-30,CRUDEOILM,2025-02-19,0.0,0.0,0.0,5646.0,5646.0,0,0
2024-10-30,CRUDEOILM,2025-03-19,0.0,0.0,0.0,5640.0,5640.0,0,0
2024-10-30,CRUDEOILM,2025-04-21,0.0,0.0,0.0,5632.0,5632.0,0,0
2024-10-31,CRUDEOIL,2024-11-19,5811.0,5877.0,5760.0,5823.0,5764.0,24401,13838
2024-10-31,CRUDEOIL,2024-12-18,5779.0,5856.0,5737.0,5804.0,5746.0,1558,1699
2024-10-31,CRUDEOIL,2025-01-17,5800.0,5850.0,5788.0,5825.0,5750.0,32,45
2024-10-31,CRUDEOIL,2025-02-19,0.0,0.0,0.0,5706.0,5706.0,0,0
2024-10-31,CRUDEOIL,2025-03-19,0.0,0.0,0.0,5689.0,5689.0,0,0
2024-10-31,CRUDEOIL,2025-04-21,0.0,0.0,0.0,5669.0,5669.0,0,0
2024-10-31,CRUDEOILM,2024-11-19,5813.0,5876.0,5760.0,5825.0,5766.0,32474,16596
2024-10-31,CRUDEOILM,2024-12-18,5761.0,5858.0,5745.0,5812.0,5751.0,5666,5958
2024-10-31,CRUDEOILM,2025-01-17,5830.0,5885.0,5788.0,5836.0,5808.0,98,252
2024-10-31,CRUDEOILM,2025-02-19,0.0,0.0,0.0,5718.0,5718.0,0,0
2024-10-31,CRUDEOILM,2025-03-19,0.0,0.0,0.0,5703.0,5703.0,0,0
2024-10-31,CRUDEOILM,2025-04-21,0.0,0.0,0.0,5686.0,5686.0,0,0
2024-11-01,CRUDEOIL,2024-11-19,5890.0,6000.0,5890.0,5988.0,5823.0,9383,14080
2024-11-01,CRUDEOIL,2024-12-18,5906.0,5978.0,5905.0,5966.0,5804.0,644,1466
2024-11-01,CRUDEOIL,2025-01-17,5935.0,5970.0,5935.0,5951.0,5825.0,11,48
2024-11-01,CRUDEOIL,2025-02-19,0.0,0.0,0.0,5762.0,5762.0,0,0
2024-11-01,CRUDEOIL,2025-03-19,0.0,0.0,0.0,5744.0,5744.0,0,0
2024-11-01,CRUDEOIL,2025-04-21,0.0,0.0,0.0,5722.0,5722.0,0,0
2024-11-01,CRUDEOILM,2024-11-19,5859.0,5999.0,5859.0,5985.0,5825.0,7464,16288
2024-11-01,CRUDEOILM,2024-12-18,5878.0,5975.0,5878.0,5963.0,5812.0,2135,5573
2024-11-01,CRUDEOILM,2025-01-17,5940.0,5995.0,5940.0,5982.0,5836.0,70,216
2024-11-01,CRUDEOILM,2025-02-19,0.0,0.0,0.0,5783.0,5783.0,0,0
2024-11-01,CRUDEOILM,2025-03-19,0.0,0.0,0.0,5771.0,5771.0,0,0
2024-11-01,CRUDEOILM,2025-04-21,0.0,0.0,0.0,5756.0,5756.0,0,0
2024-11-04,CRUDEOIL,2024-11-19,5950.0,6047.0,5938.0,6024.0,5988.0,20936,13202
2024-11-04,CRUDEOIL,2024-12-18,5913.0,6028.0,5913.0,6008.0,5966.0,1355,1371
2024-11-04,CRUDEOIL,2025-01-17,5930.0,6011.0,5924.0,5994.0,5951.0,17,45
2024-11-04,CRUDEOIL,2025-02-19,0.0,0.0,0.0,5762.0,5762.0,0,0
2024-11-04,CRUDEOIL,2025-03-19,0.0,0.0,0.0,5744.0,5744.0,0,0
2024-11-04,CRUDEOIL,2025-04-21,0.0,0.0,0.0,5722.0,5722.0,0,0
2024-11-04,CRUDEOILM,2024-11-19,5949.0,6044.0,5934.0,6024.0,5985.0,29642,15322
2024-11-04,CRUDEOILM,2024-12-18,5919.0,6030.0,5914.0,6010.0,5963.0,5667,4886
2024-11-04,CRUDEOILM,2025-01-17,5947.0,6035.0,5941.0,6007.0,5982.0,256,222
2024-11-04,CRUDEOILM,2025-02-19,0.0,0.0,0.0,5783.0,5783.0,0,0
2024-11-04,CRUDEOILM,2025-03-19,0.0,0.0,0.0,5771.0,5771.0,0,0
2024-11-04,CRUDEOILM,2025-04-21,0.0,0.0,0.0,5756.0,5756.0,0,0
2024-11-05,CRUDEOIL,2024-11-19,6021.0,6119.0,6011.0,6054.0,6024.0,18467,13254
2024-11-05,CRUDEOIL,2024-12-18,6010.0,6099.0,5995.0,6036.0,6008.0,1231,1225
2024-11-05,CRUDEOIL,2025-01-17,5985.0,6080.0,5985.0,6043.0,5994.0,11,46
2024-11-05,CRUDEOIL,2025-02-19,0.0,0.0,0.0,5973.0,5973.0,0,0
2024-11-05,CRUDEOIL,2025-03-19,0.0,0.0,0.0,5957.0,5957.0,0,0
2024-11-05,CRUDEOIL,2025-04-21,0.0,0.0,0.0,5939.0,5939.0,0,0
2024-11-05,CRUDEOILM,2024-11-19,6010.0,6120.0,6009.0,6056.0,6024.0,29862,13000
2024-11-05,CRUDEOILM,2024-12-18,6008.0,6095.0,5997.0,6038.0,6010.0,5154,4684
2024-11-05,CRUDEOILM,2025-01-17,6016.0,6085.0,5984.0,6042.0,6007.0,216,235
2024-11-05,CRUDEOILM,2025-02-19,0.0,0.0,0.0,5979.0,5979.0,0,0
2024-11-05,CRUDEOILM,2025-03-19,0.0,0.0,0.0,5966.0,5966.0,0,0
2024-11-05,CRUDEOILM,2025-04-21,0.0,0.0,0.0,5950.0,5950.0,0,0
2024-11-06,CRUDEOIL,2024-11-19,6025.0,6129.0,5891.0,6075.0,6054.0,42186,14026
2024-11-06,CRUDEOIL,2024-12-18,6000.0,6104.0,5877.0,6051.0,6036.0,3150,1320
2024-11-06,CRUDEOIL,2025-01-17,6005.0,6071.0,5874.0,6053.0,6043.0,41,60
2024-11-06,CRUDEOIL,2025-02-19,0.0,0.0,0.0,5996.0,5996.0,0,0
2024-11-06,CRUDEOIL,2025-03-19,0.0,0.0,0.0,5979.0,5979.0,0,0
2024-11-06,CRUDEOIL,2025-04-21,0.0,0.0,0.0,5959.0,5959.0,0,0
2024-11-06,CRUDEOILM,2024-11-19,6022.0,6129.0,5895.0,6074.0,6056.0,52721,11052
2024-11-06,CRUDEOILM,2024-12-18,6022.0,6103.0,5881.0,6054.0,6038.0,11612,4244
2024-11-06,CRUDEOILM,2025-01-17,6019.0,6100.0,5905.0,6045.0,6042.0,396,268
2024-11-06,CRUDEOILM,2025-02-19,0.0,0.0,0.0,5998.0,5998.0,0,0
2024-11-06,CRUDEOILM,2025-03-19,0.0,0.0,0.0,5981.0,5981.0,0,0
2024-11-06,CRUDEOILM,2025-04-21,0.0,0.0,0.0,5961.0,5961.0,0,0
2024-11-07,CRUDEOIL,2024-11-19,6087.0,6138.0,5968.0,6129.0,6075.0,29265,13196
2024-11-07,CRUDEOIL,2024-12-18,6060.0,6114.0,5956.0,6106.0,6051.0,2889,1443
2024-11-07,CRUDEOIL,2025-01-17,6054.0,6089.0,5955.0,6078.0,6053.0,50,60
2024-11-07,CRUDEOIL,2025-02-19,0.0,0.0,0.0,5998.0,5998.0,0,0
2024-11-07,CRUDEOIL,2025-03-19,0.0,0.0,0.0,5975.0,5975.0,0,0
2024-11-07,CRUDEOIL,2025-04-21,0.0,0.0,0.0,5948.0,5948.0,0,0
2024-11-07,CRUDEOILM,2024-11-19,6097.0,6140.0,5972.0,6124.0,6074.0,42674,10470
2024-11-07,CRUDEOILM,2024-12-18,6062.0,6113.0,5961.0,6105.0,6054.0,9239,4206
2024-11-07,CRUDEOILM,2025-01-17,6075.0,6104.0,5973.0,6096.0,6045.0,265,267
2024-11-07,CRUDEOILM,2025-02-19,0.0,0.0,0.0,6010.0,6010.0,0,0
2024-11-07,CRUDEOILM,2025-03-19,0.0,0.0,0.0,5991.0,5991.0,0,0
2024-11-07,CRUDEOILM,2025-04-21,0.0,0.0,0.0,5968.0,5968.0,0,0
2024-11-08,CRUDEOIL,2024-11-19,6070.0,6081.0,5915.0,5956.0,6129.0,25564,12266
2024-11-08,CRUDEOIL,2024-12-18,6046.0,6067.0,5907.0,5947.0,6106.0,3548,1991
2024-11-08,CRUDEOIL,2025-01-17,6009.0,6009.0,5917.0,5924.0,6078.0,37,67
2024-11-08,CRUDEOIL,2025-02-19,0.0,0.0,0.0,6056.0,6056.0,0,0
2024-11-08,CRUDEOIL,2025-03-19,0.0,0.0,0.0,6033.0,6033.0,0,0
2024-11-08,CRUDEOIL,2025-04-21,0.0,0.0,0.0,6007.0,6007.0,0,0
2024-11-08,CRUDEOILM,2024-11-19,6065.0,6084.0,5919.0,5955.0,6124.0,34329,10467
2024-11-08,CRUDEOILM,2024-12-18,6055.0,6068.0,5915.0,5953.0,6105.0,9511,6242
2024-11-08,CRUDEOILM,2025-01-17,6038.0,6058.0,5932.0,5965.0,6096.0,242,356
2024-11-08,CRUDEOILM,2025-02-19,0.0,0.0,0.0,6063.0,6063.0,0,0
2024-11-08,CRUDEOILM,2025-03-19,0.0,0.0,0.0,6045.0,6045.0,0,0
2024-11-08,CRUDEOILM,2025-04-21,0.0,0.0,0.0,6023.0,6023.0,0,0
2024-11-11,CRUDEOIL,2024-11-19,5930.0,5961.0,5748.0,5762.0,5956.0,30888,13442
2024-11-11,CRUDEOIL,2024-12-18,5912.0,5956.0,5752.0,5767.0,5947.0,5462,3794
2024-11-11,CRUDEOIL,2025-01-17,5918.0,5930.0,5776.0,5789.0,5924.0,90,111
2024-11-11,CRUDEOIL,2025-02-19,0.0,0.0,0.0,5927.0,5927.0,0,0
2024-11-11,CRUDEOIL,2025-03-19,0.0,0.0,0.0,5918.0,5918.0,0,0
2024-11-11,CRUDEOIL,2025-04-21,0.0,0.0,0.0,5908.0,5908.0,0,0
2024-11-11,CRUDEOILM,2024-11-19,5933.0,5961.0,5752.0,5767.0,5955.0,32995,11494
2024-11-11,CRUDEOILM,2024-12-18,5921.0,5963.0,5765.0,5780.0,5953.0,12536,10464
2024-11-11,CRUDEOILM,2025-01-17,5952.0,5978.0,5800.0,5811.0,5965.0,538,675
2024-11-11,CRUDEOILM,2025-02-19,0.0,0.0,0.0,5948.0,5948.0,0,0
2024-11-11,CRUDEOILM,2025-03-19,0.0,0.0,0.0,5946.0,5946.0,0,0
2024-11-11,CRUDEOILM,2025-04-21,0.0,0.0,0.0,5944.0,5944.0,0,0
2024-11-12,CRUDEOIL,2024-11-19,5748.0,5839.0,5726.0,5776.0,5762.0,26329,12811
2024-11-12,CRUDEOIL,2024-12-18,5725.0,5843.0,5725.0,5783.0,5767.0,4094,4256
2024-11-12,CRUDEOIL,2025-01-17,5761.0,5856.0,5755.0,5781.0,5789.0,85,123
2024-11-12,CRUDEOIL,2025-02-19,0.0,0.0,0.0,5777.0,5777.0,0,0
2024-11-12,CRUDEOIL,2025-03-19,0.0,0.0,0.0,5782.0,5782.0,0,0
2024-11-12,CRUDEOIL,2025-04-21,0.0,0.0,0.0,5788.0,5788.0,0,0
2024-11-12,CRUDEOILM,2024-11-19,5752.0,5841.0,5729.0,5778.0,5767.0,34204,10519
2024-11-12,CRUDEOILM,2024-12-18,5765.0,5851.0,5746.0,5793.0,5780.0,10119,11548
2024-11-12,CRUDEOILM,2025-01-17,5790.0,5870.0,5760.0,5818.0,5811.0,337,766
2024-11-12,CRUDEOILM,2025-02-19,0.0,0.0,0.0,5808.0,5808.0,0,0
2024-11-12,CRUDEOILM,2025-03-19,0.0,0.0,0.0,5820.0,5820.0,0,0
2024-11-12,CRUDEOILM,2025-04-21,0.0,0.0,0.0,5835.0,5835.0,0,0
2024-11-13,CRUDEOIL,2024-11-19,5781.0,5813.0,5659.0,5796.0,5776.0,29277,12373
2024-11-13,CRUDEOIL,2024-12-18,5788.0,5819.0,5668.0,5800.0,5783.0,7268,4856
2024-11-13,CRUDEOIL,2025-01-17,5789.0,5829.0,5675.0,5797.0,5781.0,287,238
2024-11-13,CRUDEOIL,2025-02-19,0.0,0.0,0.0,5798.0,5798.0,0,0
2024-11-13,CRUDEOIL,2025-03-19,0.0,0.0,0.0,5804.0,5804.0,0,0
2024-11-13,CRUDEOIL,2025-04-21,0.0,0.0,0.0,5812.0,5812.0,0,0
2024-11-13,CRUDEOILM,2024-11-19,5785.0,5818.0,5661.0,5796.0,5778.0,30208,9070
2024-11-13,CRUDEOILM,2024-12-18,5859.0,5859.0,5680.0,5807.0,5793.0,15267,12541
2024-11-13,CRUDEOILM,2025-01-17,5821.0,5850.0,5703.0,5814.0,5818.0,1068,950
2024-11-13,CRUDEOILM,2025-02-19,0.0,0.0,0.0,5825.0,5825.0,0,0
2024-11-13,CRUDEOILM,2025-03-19,0.0,0.0,0.0,5840.0,5840.0,0,0
2024-11-13,CRUDEOILM,2025-04-21,0.0,0.0,0.0,5857.0,5857.0,0,0
2024-11-14,CRUDEOIL,2024-11-19,5755.0,5856.0,5738.0,5767.0,5796.0,22269,8479
2024-11-14,CRUDEOIL,2024-12-18,5765.0,5867.0,5741.0,5775.0,5800.0,13375,9454
2024-11-14,CRUDEOIL,2025-01-17,5779.0,5865.0,5755.0,5781.0,5797.0,433,279
2024-11-14,CRUDEOIL,2025-02-19,0.0,0.0,0.0,5808.0,5808.0,0,0
2024-11-14,CRUDEOIL,2025-03-19,0.0,0.0,0.0,5812.0,5812.0,0,0
2024-11-14,CRUDEOIL,2025-04-21,0.0,0.0,0.0,5817.0,5817.0,0,0
2024-11-14,CRUDEOILM,2024-11-19,5755.0,5856.0,5738.0,5772.0,5796.0,24336,7392
2024-11-14,CRUDEOILM,2024-12-18,5791.0,5870.0,5752.0,5786.0,5807.0,13203,12566
2024-11-14,CRUDEOILM,2025-01-17,5779.0,5873.0,5770.0,5796.0,5814.0,1046,1044
2024-11-14,CRUDEOILM,2025-02-19,0.0,0.0,0.0,5830.0,5830.0,0,0
2024-11-14,CRUDEOILM,2025-03-19,0.0,0.0,0.0,5841.0,5841.0,0,0
2024-11-14,CRUDEOILM,2025-04-21,0.0,0.0,0.0,5854.0,5854.0,0,0
2024-11-15,CRUDEOIL,2024-11-19,5741.0,5799.0,5656.0,5669.0,5767.0,20965,8392
2024-11-15,CRUDEOIL,2024-12-18,5763.0,5806.0,5672.0,5679.0,5775.0,7218,10755
2024-11-15,CRUDEOIL,2025-01-17,5781.0,5806.0,5688.0,5694.0,5781.0,247,341
2024-11-15,CRUDEOIL,2025-02-19,0.0,0.0,0.0,5792.0,5792.0,0,0
2024-11-15,CRUDEOIL,2025-03-19,0.0,0.0,0.0,5800.0,5800.0,0,0
2024-11-15,CRUDEOIL,2025-04-21,0.0,0.0,0.0,5809.0,5809.0,0,0
2024-11-15,CRUDEOILM,2024-11-19,5763.0,5806.0,5658.0,5671.0,5772.0,17585,7023
2024-11-15,CRUDEOILM,2024-12-18,5771.0,5815.0,5684.0,5692.0,5786.0,14283,15933
2024-11-15,CRUDEOILM,2025-01-17,5793.0,5835.0,5708.0,5716.0,5796.0,935,1290
2024-11-15,CRUDEOILM,2025-02-19,0.0,0.0,0.0,5816.0,5816.0,0,0
2024-11-15,CRUDEOILM,2025-03-19,0.0,0.0,0.0,5829.0,5829.0,0,0
2024-11-15,CRUDEOILM,2025-04-21,0.0,0.0,0.0,5845.0,5845.0,0,0
2024-11-18,CRUDEOIL,2024-11-19,5650.0,5838.0,5628.0,5819.0,5669.0,9635,3531
2024-11-18,CRUDEOIL,2024-12-18,5688.0,5855.0,5649.0,5836.0,5679.0,18490,10362
2024-11-18,CRUDEOIL,2025-01-17,5719.0,5855.0,5664.0,5844.0,5694.0,635,271
2024-11-18,CRUDEOIL,2025-02-19,0.0,0.0,0.0,5700.0,5700.0,0,0
2024-11-18,CRUDEOIL,2025-03-19,0.0,0.0,0.0,5710.0,5710.0,0,0
2024-11-18,CRUDEOIL,2025-04-21,0.0,0.0,0.0,5721.0,5721.0,0,0
2024-11-18,CRUDEOILM,2024-11-19,5650.0,5837.0,5555.0,5817.0,5671.0,13357,4361
2024-11-18,CRUDEOILM,2024-12-18,5708.0,5857.0,5656.0,5839.0,5692.0,28280,14612
2024-11-18,CRUDEOILM,2025-01-17,5717.0,5867.0,5686.0,5853.0,5716.0,2028,1224
2024-11-18,CRUDEOILM,2025-02-19,0.0,0.0,0.0,5737.0,5737.0,0,0
2024-11-18,CRUDEOILM,2025-03-19,0.0,0.0,0.0,5757.0,5757.0,0,0
2024-11-18,CRUDEOILM,2025-04-21,0.0,0.0,0.0,5781.0,5781.0,0,0
2024-11-19,CRUDEOIL,2024-11-19,5815.0,5880.0,5775.0,5847.0,5819.0,4305,3066
2024-11-19,CRUDEOIL,2024-12-18,5860.0,5903.0,5802.0,5858.0,5836.0,31936,11687
2024-11-19,CRUDEOIL,2025-01-17,5854.0,5910.0,5806.0,5863.0,5844.0,726,348
2024-11-19,CRUDEOIL,2025-02-19,0.0,0.0,0.0,5872.0,5872.0,0,0
2024-11-19,CRUDEOIL,2025-03-19,0.0,0.0,0.0,5889.0,5889.0,0,0
2024-11-19,CRUDEOIL,2025-04-21,0.0,0.0,0.0,5908.0,5908.0,0,0
2024-11-19,CRUDEOILM,2024-11-19,5760.0,5878.0,5760.0,5836.0,5817.0,9745,2387
2024-11-19,CRUDEOILM,2024-12-18,5844.0,5907.0,5805.0,5865.0,5839.0,36104,15011
2024-11-19,CRUDEOILM,2025-01-17,5870.0,5920.0,5821.0,5872.0,5853.0,2278,1414
2024-11-19,CRUDEOILM,2025-02-19,0.0,0.0,0.0,5886.0,5886.0,0,0
2024-11-19,CRUDEOILM,2025-03-19,0.0,0.0,0.0,5908.0,5908.0,0,0
2024-11-19,CRUDEOILM,2025-04-21,0.0,0.0,0.0,5933.0,5933.0,0,0
2024-11-20,CRUDEOIL,2024-12-18,5880.0,5919.0,5820.0,5828.0,5858.0,13581,11990
2024-11-20,CRUDEOIL,2025-01-17,5895.0,5915.0,5814.0,5822.0,5863.0,703,487
2024-11-20,CRUDEOIL,2025-02-19,0.0,0.0,0.0,5868.0,5868.0,0,0
2024-11-20,CRUDEOIL,2025-03-19,0.0,0.0,0.0,5873.0,5873.0,0,0
2024-11-20,CRUDEOIL,2025-04-21,0.0,0.0,0.0,5878.0,5878.0,0,0
2024-11-20,CRUDEOIL,2025-05-19,0.0,0.0,0.0,5797.0,5797.0,0,0
2024-11-20,CRUDEOILM,2024-12-18,5864.0,5922.0,5829.0,5835.0,5865.0,21909,15668
2024-11-20,CRUDEOILM,2025-01-17,5897.0,5926.0,5828.0,5835.0,5872.0,2178,1690
2024-11-20,CRUDEOILM,2025-02-19,0.0,0.0,0.0,5879.0,5879.0,0,0
2024-11-20,CRUDEOILM,2025-03-19,0.0,0.0,0.0,5886.0,5886.0,0,0
2024-11-20,CRUDEOILM,2025-04-21,0.0,0.0,0.0,5893.0,5893.0,0,0
2024-11-20,CRUDEOILM,2025-05-19,0.0,0.0,0.0,5797.0,5797.0,0,0
2024-11-21,CRUDEOIL,2024-12-18,5832.0,5958.0,5826.0,5905.0,5828.0,20867,11432
2024-11-21,CRUDEOIL,2025-01-17,5828.0,5950.0,5828.0,5901.0,5822.0,726,505
2024-11-21,CRUDEOIL,2025-02-19,5882.0,5882.0,5882.0,5882.0,5815.0,1,1
2024-11-21,CRUDEOIL,2025-03-19,0.0,0.0,0.0,5809.0,5809.0,0,0
2024-11-21,CRUDEOIL,2025-04-21,0.0,0.0,0.0,5803.0,5803.0,0,0
2024-11-21,CRUDEOIL,2025-05-19,0.0,0.0,0.0,5797.0,5797.0,0,0
2024-11-21,CRUDEOILM,2024-12-18,5834.0,5960.0,5834.0,5906.0,5835.0,33724,13396
2024-11-21,CRUDEOILM,2025-01-17,5836.0,5958.0,5836.0,5912.0,5835.0,3259,1861
2024-11-21,CRUDEOILM,2025-02-19,5880.0,5950.0,5880.0,5914.0,5835.0,8,6
2024-11-21,CRUDEOILM,2025-03-19,0.0,0.0,0.0,5835.0,5835.0,0,0
2024-11-21,CRUDEOILM,2025-04-21,0.0,0.0,0.0,5835.0,5835.0,0,0
2024-11-21,CRUDEOILM,2025-05-19,0.0,0.0,0.0,5835.0,5835.0,0,0
2024-11-22,CRUDEOIL,2024-12-18,5955.0,6035.0,5868.0,6028.0,5905.0,29589,11697
2024-11-22,CRUDEOIL,2025-01-17,5965.0,6016.0,5870.0,6008.0,5901.0,937,503
2024-11-22,CRUDEOIL,2025-02-19,5870.0,5950.0,5859.0,5882.0,5882.0,6,6
2024-11-22,CRUDEOIL,2025-03-19,0.0,0.0,0.0,5892.0,5892.0,0,0
2024-11-22,CRUDEOIL,2025-04-21,0.0,0.0,0.0,5888.0,5888.0,0,0
2024-11-22,CRUDEOIL,2025-05-19,0.0,0.0,0.0,5884.0,5884.0,0,0
2024-11-22,CRUDEOILM,2024-12-18,5949.0,6035.0,5874.0,6027.0,5906.0,43370,12808
2024-11-22,CRUDEOILM,2025-01-17,5939.0,6021.0,5875.0,6011.0,5912.0,3732,1921
2024-11-22,CRUDEOILM,2025-02-19,5970.0,6009.0,5877.0,6005.0,5914.0,74,31
2024-11-22,CRUDEOILM,2025-03-19,0.0,0.0,0.0,5924.0,5924.0,0,0
2024-11-22,CRUDEOILM,2025-04-21,0.0,0.0,0.0,5930.0,5930.0,0,0
2024-11-22,CRUDEOILM,2025-05-19,0.0,0.0,0.0,5936.0,5936.0,0,0
2024-11-25,CRUDEOIL,2024-12-18,5996.0,6018.0,5811.0,5826.0,6028.0,29431,10828
2024-11-25,CRUDEOIL,2025-01-17,5964.0,5998.0,5805.0,5816.0,6008.0,1499,858
2024-11-25,CRUDEOIL,2025-02-19,5935.0,5935.0,5816.0,5836.0,5882.0,10,12
2024-11-25,CRUDEOIL,2025-03-19,0.0,0.0,0.0,5967.0,5967.0,0,0
2024-11-25,CRUDEOIL,2025-04-21,0.0,0.0,0.0,5945.0,5945.0,0,0
2024-11-25,CRUDEOIL,2025-05-19,0.0,0.0,0.0,5926.0,5926.0,0,0
2024-11-25,CRUDEOILM,2024-12-18,6019.0,6027.0,5815.0,5831.0,6027.0,47620,13154
2024-11-25,CRUDEOILM,2025-01-17,6025.0,6025.0,5815.0,5825.0,6011.0,5399,2879
2024-11-25,CRUDEOILM,2025-02-19,5995.0,6008.0,5844.0,5849.0,6005.0,119,99
2024-11-25,CRUDEOILM,2025-03-19,0.0,0.0,0.0,5978.0,5978.0,0,0
2024-11-25,CRUDEOILM,2025-04-21,0.0,0.0,0.0,5960.0,5960.0,0,0
2024-11-25,CRUDEOILM,2025-05-19,0.0,0.0,0.0,5945.0,5945.0,0,0
2024-11-26,CRUDEOIL,2024-12-18,5846.0,5938.0,5755.0,5776.0,5826.0,28456,10749
2024-11-26,CRUDEOIL,2025-01-17,5835.0,5925.0,5747.0,5764.0,5816.0,1084,979
2024-11-26,CRUDEOIL,2025-02-19,5841.0,5841.0,5750.0,5796.0,5836.0,2,13
2024-11-26,CRUDEOIL,2025-03-19,0.0,0.0,0.0,5795.0,5795.0,0,0
2024-11-26,CRUDEOIL,2025-04-21,0.0,0.0,0.0,5784.0,5784.0,0,0
2024-11-26,CRUDEOIL,2025-05-19,0.0,0.0,0.0,5775.0,5775.0,0,0
2024-11-26,CRUDEOILM,2024-12-18,5877.0,5940.0,5761.0,5784.0,5831.0,38913,14007
2024-11-26,CRUDEOILM,2025-01-17,5842.0,5933.0,5760.0,5776.0,5825.0,5266,3639
2024-11-26,CRUDEOILM,2025-02-19,5866.0,5940.0,5779.0,5797.0,5849.0,101,134
2024-11-26,CRUDEOILM,2025-03-19,0.0,0.0,0.0,5812.0,5812.0,0,0
2024-11-26,CRUDEOILM,2025-04-21,0.0,0.0,0.0,5806.0,5806.0,0,0
2024-11-26,CRUDEOILM,2025-05-19,0.0,0.0,0.0,5800.0,5800.0,0,0
2024-11-27,CRUDEOIL,2024-12-18,5815.0,5868.0,5773.0,5781.0,5776.0,22921,10860
2024-11-27,CRUDEOIL,2025-01-17,5809.0,5855.0,5763.0,5769.0,5764.0,955,1092
2024-11-27,CRUDEOIL,2025-02-19,0.0,0.0,0.0,5796.0,5796.0,0,13
2024-11-27,CRUDEOIL,2025-03-19,0.0,0.0,0.0,5739.0,5739.0,0,0
2024-11-27,CRUDEOIL,2025-04-21,0.0,0.0,0.0,5726.0,5726.0,0,0
2024-11-27,CRUDEOIL,2025-05-19,0.0,0.0,0.0,5715.0,5715.0,0,0
2024-11-27,CRUDEOILM,2024-12-18,5797.0,5872.0,5780.0,5787.0,5784.0,32549,13732
2024-11-27,CRUDEOILM,2025-01-17,5797.0,5865.0,5772.0,5778.0,5776.0,4243,4125
2024-11-27,CRUDEOILM,2025-02-19,5825.0,5872.0,5786.0,5802.0,5797.0,76,146
2024-11-27,CRUDEOILM,2025-03-19,0.0,0.0,0.0,5759.0,5759.0,0,0
2024-11-27,CRUDEOILM,2025-04-21,0.0,0.0,0.0,5750.0,5750.0,0,0
2024-11-27,CRUDEOILM,2025-05-19,0.0,0.0,0.0,5743.0,5743.0,0,0
2024-11-28,CRUDEOIL,2024-12-18,5803.0,5865.0,5786.0,5844.0,5781.0,14718,10493
2024-11-28,CRUDEOIL,2025-01-17,5784.0,5858.0,5775.0,5840.0,5769.0,742,1022
2024-11-28,CRUDEOIL,2025-02-19,5798.0,5847.0,5798.0,5813.0,5755.0,7,14
2024-11-28,CRUDEOIL,2025-03-19,0.0,0.0,0.0,5744.0,5744.0,0,0
2024-11-28,CRUDEOIL,2025-04-21,0.0,0.0,0.0,5731.0,5731.0,0,0
2024-11-28,CRUDEOIL,2025-05-19,0.0,0.0,0.0,5720.0,5720.0,0,0
2024-11-28,CRUDEOILM,2024-12-18,5822.0,5866.0,5789.0,5848.0,5787.0,24623,13068
2024-11-28,CRUDEOILM,2025-01-17,5795.0,5865.0,5783.0,5844.0,5778.0,2611,3791
2024-11-28,CRUDEOILM,2025-02-19,5820.0,5870.0,5810.0,5851.0,5802.0,53,151
2024-11-28,CRUDEOILM,2025-03-19,0.0,0.0,0.0,5759.0,5759.0,0,0
2024-11-28,CRUDEOILM,2025-04-21,0.0,0.0,0.0,5749.0,5749.0,0,0
2024-11-28,CRUDEOILM,2025-05-19,0.0,0.0,0.0,5741.0,5741.0,0,0
2024-11-29,CRUDEOIL,2024-12-18,5854.0,5905.0,5782.0,5814.0,5844.0,37782,10504
2024-11-29,CRUDEOIL,2025-01-17,5841.0,5898.0,5779.0,5808.0,5840.0,2306,1546
2024-11-29,CRUDEOIL,2025-02-19,5800.0,5861.0,5800.0,5823.0,5813.0,4,17
2024-11-29,CRUDEOIL,2025-03-19,0.0,0.0,0.0,5831.0,5831.0,0,0
2024-11-29,CRUDEOIL,2025-04-21,0.0,0.0,0.0,5827.0,5827.0,0,0
2024-11-29,CRUDEOIL,2025-05-19,0.0,0.0,0.0,5823.0,5823.0,0,0
2024-11-29,CRUDEOILM,2024-12-18,5877.0,5907.0,5787.0,5820.0,5848.0,41507,12623
2024-11-29,CRUDEOILM,2025-01-17,5850.0,5902.0,5789.0,5816.0,5844.0,5734,4044
2024-11-29,CRUDEOILM,2025-02-19,5855.0,5898.0,5815.0,5841.0,5851.0,97,142
2024-11-29,CRUDEOILM,2025-03-19,0.0,0.0,0.0,5835.0,5835.0,0,0
2024-11-29,CRUDEOILM,2025-04-21,0.0,0.0,0.0,5831.0,5831.0,0,0
2024-11-29,CRUDEOILM,2025-05-19,0.0,0.0,0.0,5827.0,5827.0,0,0
2024-12-02,CRUDEOIL,2024-12-18,5803.0,5865.0,5757.0,5779.0,5814.0,27443,11147
2024-12-02,CRUDEOIL,2025-01-17,5830.0,5862.0,5756.0,5778.0,5808.0,1636,1967
2024-12-02,CRUDEOIL,2025-02-19,5773.0,5780.0,5773.0,5777.0,5823.0,3,19
2024-12-02,CRUDEOIL,2025-03-19,0.0,0.0,0.0,5795.0,5795.0,0,0
2024-12-02,CRUDEOIL,2025-04-21,0.0,0.0,0.0,5789.0,5789.0,0,0
2024-12-02,CRUDEOIL,2025-05-19,0.0,0.0,0.0,5783.0,5783.0,0,0
2024-12-02,CRUDEOILM,2024-12-18,5813.0,5868.0,5763.0,5786.0,5820.0,36357,15021
2024-12-02,CRUDEOILM,2025-01-17,5803.0,5871.0,5767.0,5790.0,5816.0,5655,5006
2024-12-02,CRUDEOILM,2025-02-19,5812.0,5889.0,5795.0,5814.0,5841.0,164,205
2024-12-02,CRUDEOILM,2025-03-19,0.0,0.0,0.0,5807.0,5807.0,0,0
2024-12-02,CRUDEOILM,2025-04-21,0.0,0.0,0.0,5803.0,5803.0,0,0
2024-12-02,CRUDEOILM,2025-05-19,0.0,0.0,0.0,5799.0,5799.0,0,0
2024-12-03,CRUDEOIL,2024-12-18,5781.0,5957.0,5781.0,5929.0,5779.0,31987,11235
2024-12-03,CRUDEOIL,2025-01-17,5773.0,5946.0,5773.0,5920.0,5778.0,2079,1489
2024-12-03,CRUDEOIL,2025-02-19,5861.0,5930.0,5854.0,5887.0,5777.0,6,16
2024-12-03,CRUDEOIL,2025-03-19,0.0,0.0,0.0,5775.0,5775.0,0,0
2024-12-03,CRUDEOIL,2025-04-21,0.0,0.0,0.0,5774.0,5774.0,0,0
2024-12-03,CRUDEOIL,2025-05-19,0.0,0.0,0.0,5773.0,5773.0,0,0
2024-12-03,CRUDEOILM,2024-12-18,5787.0,5956.0,5784.0,5931.0,5786.0,38778,9861
2024-12-03,CRUDEOILM,2025-01-17,5797.0,5949.0,5794.0,5923.0,5790.0,7204,3596
2024-12-03,CRUDEOILM,2025-02-19,5815.0,5950.0,5815.0,5942.0,5814.0,180,168
2024-12-03,CRUDEOILM,2025-03-19,0.0,0.0,0.0,5798.0,5798.0,0,0
2024-12-03,CRUDEOILM,2025-04-21,0.0,0.0,0.0,5802.0,5802.0,0,0
2024-12-03,CRUDEOILM,2025-05-19,0.0,0.0,0.0,5806.0,5806.0,0,0
2024-12-04,CRUDEOIL,2024-12-18,5930.0,5984.0,5826.0,5848.0,5929.0,33853,9627
2024-12-04,CRUDEOIL,2025-01-17,5928.0,5968.0,5816.0,5838.0,5920.0,1642,1737
2024-12-04,CRUDEOIL,2025-02-19,5973.0,5980.0,5851.0,5940.0,5887.0,12,21
2024-12-04,CRUDEOIL,2025-03-19,0.0,0.0,0.0,5901.0,5901.0,0,0
2024-12-04,CRUDEOIL,2025-04-21,0.0,0.0,0.0,5891.0,5891.0,0,0
2024-12-04,CRUDEOIL,2025-05-19,0.0,0.0,0.0,5883.0,5883.0,0,0
2024-12-04,CRUDEOILM,2024-12-18,5916.0,5986.0,5832.0,5855.0,5931.0,35200,9877
2024-12-04,CRUDEOILM,2025-01-17,5890.0,5972.0,5822.0,5846.0,5923.0,6573,4321
2024-12-04,CRUDEOILM,2025-02-19,5950.0,5985.0,5853.0,5878.0,5942.0,232,230
2024-12-04,CRUDEOILM,2025-03-19,0.0,0.0,0.0,5906.0,5906.0,0,0
2024-12-04,CRUDEOILM,2025-04-21,0.0,0.0,0.0,5897.0,5897.0,0,0
2024-12-04,CRUDEOILM,2025-05-19,0.0,0.0,0.0,5890.0,5890.0,0,0
2024-12-05,CRUDEOIL,2024-12-18,5825.0,5870.0,5770.0,5805.0,5848.0,35374,9456
2024-12-05,CRUDEOIL,2025-01-17,5814.0,5858.0,5772.0,5798.0,5838.0,4401,3318
2024-12-05,CRUDEOIL,2025-02-19,5833.0,5835.0,5780.0,5796.0,5940.0,38,43
2024-12-05,CRUDEOIL,2025-03-19,0.0,0.0,0.0,5817.0,5817.0,0,0
2024-12-05,CRUDEOIL,2025-04-21,0.0,0.0,0.0,5806.0,5806.0,0,0
2024-12-05,CRUDEOIL,2025-05-19,0.0,0.0,0.0,5797.0,5797.0,0,0
2024-12-05,CRUDEOILM,2024-12-18,5849.0,5873.0,5775.0,5807.0,5855.0,34221,11871
2024-12-05,CRUDEOILM,2025-01-17,5824.0,5865.0,5780.0,5806.0,5846.0,8218,5904
2024-12-05,CRUDEOILM,2025-02-19,5849.0,5897.0,5820.0,5832.0,5878.0,276,311
2024-12-05,CRUDEOILM,2025-03-19,0.0,0.0,0.0,5827.0,5827.0,0,0
2024-12-05,CRUDEOILM,2025-04-21,0.0,0.0,0.0,5817.0,5817.0,0,0
2024-12-05,CRUDEOILM,2025-05-19,0.0,0.0,0.0,5809.0,5809.0,0,0
2024-12-06,CRUDEOIL,2024-12-18,5794.0,5804.0,5690.0,5726.0,5805.0,30213,13778
2024-12-06,CRUDEOIL,2025-01-17,5787.0,5798.0,5693.0,5731.0,5798.0,5355,6175
2024-12-06,CRUDEOIL,2025-02-19,5798.0,5811.0,5700.0,5721.0,5796.0,113,115
2024-12-06,CRUDEOIL,2025-03-19,0.0,0.0,0.0,5783.0,5783.0,0,0
2024-12-06,CRUDEOIL,2025-04-21,0.0,0.0,0.0,5776.0,5776.0,0,0
2024-12-06,CRUDEOIL,2025-05-19,0.0,0.0,0.0,5769.0,5769.0,0,0
2024-12-06,CRUDEOILM,2024-12-18,5804.0,5809.0,5697.0,5728.0,5807.0,35299,16865
2024-12-06,CRUDEOILM,2025-01-17,5791.0,5807.0,5705.0,5741.0,5806.0,10065,10528
2024-12-06,CRUDEOILM,2025-02-19,5832.0,5835.0,5730.0,5771.0,5832.0,638,688
2024-12-06,CRUDEOILM,2025-03-19,0.0,0.0,0.0,5803.0,5803.0,0,0
2024-12-06,CRUDEOILM,2025-04-21,0.0,0.0,0.0,5802.0,5802.0,0,0
2024-12-06,CRUDEOILM,2025-05-19,0.0,0.0,0.0,5801.0,5801.0,0,0
2024-12-09,CRUDEOIL,2024-12-18,5719.0,5849.0,5713.0,5825.0,5726.0,28374,8329
2024-12-09,CRUDEOIL,2025-01-17,5760.0,5849.0,5693.0,5825.0,5731.0,3661,5298
2024-12-09,CRUDEOIL,2025-02-19,5739.0,5839.0,5735.0,5829.0,5721.0,37,117
2024-12-09,CRUDEOIL,2025-03-19,0.0,0.0,0.0,5741.0,5741.0,0,0
2024-12-09,CRUDEOIL,2025-04-21,0.0,0.0,0.0,5746.0,5746.0,0,0
2024-12-09,CRUDEOIL,2025-05-19,0.0,0.0,0.0,5751.0,5751.0,0,0
2024-12-09,CRUDEOILM,2024-12-18,5740.0,5848.0,5723.0,5825.0,5728.0,28266,11801
2024-12-09,CRUDEOILM,2025-01-17,5744.0,5853.0,5711.0,5829.0,5741.0,9908,7125
2024-12-09,CRUDEOILM,2025-02-19,5771.0,5861.0,5760.0,5829.0,5771.0,315,654
2024-12-09,CRUDEOILM,2025-03-19,0.0,0.0,0.0,5767.0,5767.0,0,0
2024-12-09,CRUDEOILM,2025-04-21,0.0,0.0,0.0,5781.0,5781.0,0,0
2024-12-09,CRUDEOILM,2025-05-19,0.0,0.0,0.0,5793.0,5793.0,0,0
2024-12-10,CRUDEOIL,2024-12-18,5784.0,5867.0,5759.0,5845.0,5825.0,29065,7591
2024-12-10,CRUDEOIL,2025-01-17,5802.0,5863.0,5762.0,5844.0,5825.0,5265,6138
2024-12-10,CRUDEOIL,2025-02-19,5792.0,5879.0,5778.0,5860.0,5829.0,51,106
2024-12-10,CRUDEOIL,2025-03-19,0.0,0.0,0.0,5825.0,5825.0,0,0
2024-12-10,CRUDEOIL,2025-04-21,0.0,0.0,0.0,5825.0,5825.0,0,0
2024-12-10,CRUDEOIL,2025-05-19,0.0,0.0,0.0,5825.0,5825.0,0,0
2024-12-10,CRUDEOILM,2024-12-18,5777.0,5866.0,5759.0,5847.0,5825.0,31567,10274
2024-12-10,CRUDEOILM,2025-01-17,5797.0,5869.0,5772.0,5847.0,5829.0,9683,8412
2024-12-10,CRUDEOILM,2025-02-19,5818.0,5875.0,5796.0,5853.0,5829.0,335,572
2024-12-10,CRUDEOILM,2025-03-19,6065.0,6065.0,5605.0,5835.0,5837.0,2,0
2024-12-10,CRUDEOILM,2025-04-21,0.0,0.0,0.0,5841.0,5841.0,0,0
2024-12-10,CRUDEOILM,2025-05-19,0.0,0.0,0.0,5845.0,5845.0,0,0
2024-12-11,CRUDEOIL,2024-12-18,5863.0,5947.0,5838.0,5934.0,5845.0,31971,7641
2024-12-11,CRUDEOIL,2025-01-17,5865.0,5939.0,5837.0,5929.0,5844.0,5126,5918
2024-12-11,CRUDEOIL,2025-02-19,5860.0,5921.0,5842.0,5918.0,5860.0,60,106
2024-12-11,CRUDEOIL,2025-03-19,0.0,0.0,0.0,5841.0,5841.0,0,0
2024-12-11,CRUDEOIL,2025-04-21,0.0,0.0,0.0,5840.0,5840.0,0,0
2024-12-11,CRUDEOIL,2025-05-19,0.0,0.0,0.0,5839.0,5839.0,0,0
2024-12-11,CRUDEOILM,2024-12-18,5854.0,5948.0,5840.0,5933.0,5847.0,29548,7756
2024-12-11,CRUDEOILM,2025-01-17,5863.0,5940.0,5822.0,5929.0,5847.0,10091,6871
2024-12-11,CRUDEOILM,2025-02-19,5859.0,5935.0,5852.0,5927.0,5853.0,476,476
2024-12-11,CRUDEOILM,2025-03-19,0.0,0.0,0.0,5835.0,5835.0,0,0
2024-12-11,CRUDEOILM,2025-04-21,0.0,0.0,0.0,5847.0,5847.0,0,0
2024-12-11,CRUDEOILM,2025-05-19,0.0,0.0,0.0,5847.0,5847.0,0,0
2024-12-12,CRUDEOIL,2024-12-18,5962.0,6002.0,5876.0,5978.0,5934.0,26201,6826
2024-12-12,CRUDEOIL,2025-01-17,5999.0,5999.0,5870.0,5968.0,5929.0,7745,6872
2024-12-12,CRUDEOIL,2025-02-19,5950.0,5975.0,5871.0,5906.0,5918.0,66,109
2024-12-12,CRUDEOIL,2025-03-19,0.0,0.0,0.0,5918.0,5918.0,0,0
2024-12-12,CRUDEOIL,2025-04-21,0.0,0.0,0.0,5913.0,5913.0,0,0
2024-12-12,CRUDEOIL,2025-05-19,0.0,0.0,0.0,5908.0,5908.0,0,0
2024-12-12,CRUDEOILM,2024-12-18,5965.0,6005.0,5878.0,5976.0,5933.0,27703,5463
2024-12-12,CRUDEOILM,2025-01-17,5943.0,5993.0,5876.0,5970.0,5929.0,11636,6673
2024-12-12,CRUDEOILM,2025-02-19,5945.0,6000.0,5883.0,5972.0,5927.0,749,568
2024-12-12,CRUDEOILM,2025-03-19,0.0,0.0,0.0,5920.0,5920.0,0,0
2024-12-12,CRUDEOILM,2025-04-21,0.0,0.0,0.0,5916.0,5916.0,0,0
2024-12-12,CRUDEOILM,2025-05-19,0.0,0.0,0.0,5912.0,5912.0,0,0
2024-12-13,CRUDEOIL,2024-12-18,5947.0,6049.0,5940.0,6042.0,5978.0,19958,8520
2024-12-13,CRUDEOIL,2025-01-17,5951.0,6030.0,5935.0,6023.0,5968.0,7020,7068
2024-12-13,CRUDEOIL,2025-02-19,5932.0,6015.0,5926.0,6013.0,5906.0,272,102
2024-12-13,CRUDEOIL,2025-03-19,0.0,0.0,0.0,5918.0,5918.0,0,0
2024-12-13,CRUDEOIL,2025-04-21,0.0,0.0,0.0,5913.0,5913.0,0,0
2024-12-13,CRUDEOIL,2025-05-19,0.0,0.0,0.0,5908.0,5908.0,0,0
2024-12-13,CRUDEOILM,2024-12-18,5825.0,6045.0,5825.0,6035.0,5976.0,18421,4745
2024-12-13,CRUDEOILM,2025-01-17,5967.0,6031.0,5937.0,6024.0,5970.0,10528,7046
2024-12-13,CRUDEOILM,2025-02-19,5964.0,6021.0,5940.0,6015.0,5972.0,754,527
2024-12-13,CRUDEOILM,2025-03-19,6088.0,6088.0,6088.0,6088.0,5920.0,1,1
2024-12-13,CRUDEOILM,2025-04-21,0.0,0.0,0.0,5916.0,5916.0,0,0
2024-12-13,CRUDEOILM,2025-05-19,0.0,0.0,0.0,5912.0,5912.0,0,0
2024-12-16,CRUDEOIL,2024-12-18,6017.0,6048.0,5980.0,6022.0,6042.0,22865,12177
2024-12-16,CRUDEOIL,2025-01-17,5998.0,6023.0,5963.0,6008.0,6023.0,9577,7686
2024-12-16,CRUDEOIL,2025-02-19,5992.0,6010.0,5960.0,5996.0,6013.0,114,134
2024-12-16,CRUDEOIL,2025-03-19,0.0,0.0,0.0,5984.0,5984.0,0,0
2024-12-16,CRUDEOIL,2025-04-21,0.0,0.0,0.0,5963.0,5963.0,0,0
2024-12-16,CRUDEOIL,2025-05-19,0.0,0.0,0.0,5945.0,5945.0,0,0
2024-12-16,CRUDEOILM,2024-12-18,6002.0,6047.0,5977.0,6023.0,6035.0,17238,5123
2024-12-16,CRUDEOILM,2025-01-17,5996.0,6024.0,5967.0,6007.0,6024.0,12741,7176
2024-12-16,CRUDEOILM,2025-02-19,6010.0,6026.0,5968.0,6007.0,6015.0,591,656
2024-12-16,CRUDEOILM,2025-03-19,0.0,0.0,0.0,6088.0,6088.0,0,1
2024-12-16,CRUDEOILM,2025-04-21,0.0,0.0,0.0,5989.0,5989.0,0,0
2024-12-16,CRUDEOILM,2025-05-19,0.0,0.0,0.0,5979.0,5979.0,0,0
2024-12-17,CRUDEOIL,2024-12-18,6008.0,6025.0,5878.0,5930.0,6022.0,7503,10325
2024-12-17,CRUDEOIL,2025-01-17,5991.0,6009.0,5872.0,5924.0,6008.0,13215,7862
2024-12-17,CRUDEOIL,2025-02-19,5972.0,5999.0,5880.0,5910.0,5996.0,367,233
2024-12-17,CRUDEOIL,2025-03-19,0.0,0.0,0.0,5979.0,5979.0,0,0
2024-12-17,CRUDEOIL,2025-04-21,0.0,0.0,0.0,5964.0,5964.0,0,0
2024-12-17,CRUDEOIL,2025-05-19,0.0,0.0,0.0,5951.0,5951.0,0,0
2024-12-17,CRUDEOILM,2024-12-18,6000.0,6034.0,5878.0,5933.0,6023.0,8786,1860
2024-12-17,CRUDEOILM,2025-01-17,5983.0,6011.0,5878.0,5926.0,6007.0,17040,8689
2024-12-17,CRUDEOILM,2025-02-19,5992.0,6015.0,5890.0,5932.0,6007.0,1360,1069
2024-12-17,CRUDEOILM,2025-03-19,5960.0,5960.0,5960.0,5960.0,5974.0,1,2
2024-12-17,CRUDEOILM,2025-04-21,0.0,0.0,0.0,5956.0,5956.0,0,0
2024-12-17,CRUDEOILM,2025-05-19,0.0,0.0,0.0,5941.0,5941.0,0,0
2024-12-18,CRUDEOIL,2024-12-18,5950.0,6062.0,5944.0,6017.0,5930.0,4563,9160
2024-12-18,CRUDEOIL,2025-01-17,5938.0,6029.0,5934.0,5989.0,5924.0,13296,8170
2024-12-18,CRUDEOIL,2025-02-19,5930.0,6015.0,5930.0,5977.0,5910.0,263,209
2024-12-18,CRUDEOIL,2025-03-19,0.0,0.0,0.0,5911.0,5911.0,0,0
2024-12-18,CRUDEOIL,2025-04-21,0.0,0.0,0.0,5905.0,5905.0,0,0
2024-12-18,CRUDEOIL,2025-05-19,0.0,0.0,0.0,5899.0,5899.0,0,0
2024-12-18,CRUDEOILM,2024-12-18,5943.0,6060.0,5916.0,6017.0,5933.0,5657,1231
2024-12-18,CRUDEOILM,2025-01-17,5929.0,6030.0,5929.0,5993.0,5926.0,18961,9427
2024-12-18,CRUDEOILM,2025-02-19,5949.0,6017.0,5935.0,5977.0,5932.0,1417,965
2024-12-18,CRUDEOILM,2025-03-19,6070.0,6070.0,6070.0,6070.0,5960.0,1,3
2024-12-18,CRUDEOILM,2025-04-21,0.0,0.0,0.0,5904.0,5904.0,0,0
2024-12-18,CRUDEOILM,2025-05-19,0.0,0.0,0.0,5897.0,5897.0,0,0
2024-12-19,CRUDEOIL,2025-01-17,5948.0,6024.0,5914.0,5933.0,5989.0,17257,8227
2024-12-19,CRUDEOIL,2025-02-19,5928.0,6004.0,5908.0,5925.0,5977.0,386,272
2024-12-19,CRUDEOIL,2025-03-19,5966.0,5966.0,5966.0,5966.0,5966.0,2,2
2024-12-19,CRUDEOIL,2025-04-21,0.0,0.0,0.0,5954.0,5954.0,0,0
2024-12-19,CRUDEOIL,2025-05-19,0.0,0.0,0.0,5944.0,5944.0,0,0
2024-12-19,CRUDEOIL,2025-06-18,0.0,0.0,0.0,5904.0,5904.0,0,0
2024-12-19,CRUDEOILM,2025-01-17,5970.0,6025.0,5919.0,5936.0,5993.0,26237,9189
2024-12-19,CRUDEOILM,2025-02-19,5969.0,6012.0,5915.0,5936.0,5977.0,2517,1315
2024-12-19,CRUDEOILM,2025-03-19,5999.0,6046.0,5953.0,5989.0,6070.0,16,9
2024-12-19,CRUDEOILM,2025-04-21,0.0,0.0,0.0,5947.0,5947.0,0,0
2024-12-19,CRUDEOILM,2025-05-19,0.0,0.0,0.0,5933.0,5933.0,0,0
2024-12-19,CRUDEOILM,2025-06-18,0.0,0.0,0.0,5904.0,5904.0,0,0
2024-12-20,CRUDEOIL,2025-01-17,5902.0,5944.0,5844.0,5938.0,5933.0,15730,7786
2024-12-20,CRUDEOIL,2025-02-19,5876.0,5929.0,5839.0,5924.0,5925.0,481,351
2024-12-20,CRUDEOIL,2025-03-19,5850.0,5910.0,5850.0,5881.0,5966.0,3,2
2024-12-20,CRUDEOIL,2025-04-21,0.0,0.0,0.0,5910.0,5910.0,0,0
2024-12-20,CRUDEOIL,2025-05-19,0.0,0.0,0.0,5903.0,5903.0,0,0
2024-12-20,CRUDEOIL,2025-06-18,0.0,0.0,0.0,5896.0,5896.0,0,0
2024-12-20,CRUDEOILM,2025-01-17,5984.0,6020.0,5850.0,5938.0,5936.0,24222,7966
2024-12-20,CRUDEOILM,2025-02-19,5985.0,5985.0,5847.0,5926.0,5936.0,2513,1784
2024-12-20,CRUDEOILM,2025-03-19,5924.0,5956.0,5892.0,5924.0,5989.0,20,22
2024-12-20,CRUDEOILM,2025-04-21,0.0,0.0,0.0,5936.0,5936.0,0,0
2024-12-20,CRUDEOILM,2025-05-19,0.0,0.0,0.0,5936.0,5936.0,0,0
2024-12-20,CRUDEOILM,2025-06-18,0.0,0.0,0.0,5936.0,5936.0,0,0
2024-12-23,CRUDEOIL,2025-01-17,5944.0,5976.0,5861.0,5901.0,5938.0,13403,7996
2024-12-23,CRUDEOIL,2025-02-19,5939.0,5954.0,5851.0,5890.0,5924.0,660,386
2024-12-23,CRUDEOIL,2025-03-19,5950.0,5951.0,5933.0,5942.0,5881.0,4,2
2024-12-23,CRUDEOIL,2025-04-21,0.0,0.0,0.0,5898.0,5898.0,0,0
2024-12-23,CRUDEOIL,2025-05-19,0.0,0.0,0.0,5886.0,5886.0,0,0
2024-12-23,CRUDEOIL,2025-06-18,0.0,0.0,0.0,5873.0,5873.0,0,0
2024-12-23,CRUDEOILM,2025-01-17,5939.0,5977.0,5867.0,5905.0,5938.0,24085,8866
2024-12-23,CRUDEOILM,2025-02-19,5948.0,5961.0,5862.0,5895.0,5926.0,3357,2157
2024-12-23,CRUDEOILM,2025-03-19,5983.0,5983.0,5890.0,5909.0,5924.0,30,27
2024-12-23,CRUDEOILM,2025-04-21,0.0,0.0,0.0,5903.0,5903.0,0,0
2024-12-23,CRUDEOILM,2025-05-19,0.0,0.0,0.0,5893.0,5893.0,0,0
2024-12-23,CRUDEOILM,2025-06-18,0.0,0.0,0.0,5882.0,5882.0,0,0
2024-12-24,CRUDEOIL,2025-01-17,5928.0,6012.0,5922.0,5980.0,5901.0,15821,8228
2024-12-24,CRUDEOIL,2025-02-19,5916.0,5998.0,5911.0,5972.0,5890.0,754,287
2024-12-24,CRUDEOIL,2025-03-19,0.0,0.0,0.0,5942.0,5942.0,0,2
2024-12-24,CRUDEOIL,2025-04-21,0.0,0.0,0.0,5869.0,5869.0,0,0
2024-12-24,CRUDEOIL,2025-05-19,0.0,0.0,0.0,5860.0,5860.0,0,0
2024-12-24,CRUDEOIL,2025-06-18,0.0,0.0,0.0,5850.0,5850.0,0,0
2024-12-24,CRUDEOILM,2025-01-17,5915.0,6013.0,5915.0,5984.0,5905.0,28190,9758
2024-12-24,CRUDEOILM,2025-02-19,5912.0,5999.0,5912.0,5973.0,5895.0,3683,1604
2024-12-24,CRUDEOILM,2025-03-19,5952.0,6033.0,5946.0,6000.0,5909.0,51,33
2024-12-24,CRUDEOILM,2025-04-21,0.0,0.0,0.0,5876.0,5876.0,0,0
2024-12-24,CRUDEOILM,2025-05-19,0.0,0.0,0.0,5868.0,5868.0,0,0
2024-12-24,CRUDEOILM,2025-06-18,0.0,0.0,0.0,5858.0,5858.0,0,0
2024-12-26,CRUDEOIL,2025-01-17,6014.0,6050.0,5966.0,5976.0,5980.0,13737,8793
2024-12-26,CRUDEOIL,2025-02-19,5995.0,6040.0,5964.0,5972.0,5972.0,481,302
2024-12-26,CRUDEOIL,2025-03-19,6012.0,6026.0,6012.0,6023.0,5965.0,6,3
2024-12-26,CRUDEOIL,2025-04-21,0.0,0.0,0.0,5957.0,5957.0,0,0
2024-12-26,CRUDEOIL,2025-05-19,0.0,0.0,0.0,5950.0,5950.0,0,0
2024-12-26,CRUDEOIL,2025-06-18,0.0,0.0,0.0,5943.0,5943.0,0,0
2024-12-26,CRUDEOILM,2025-01-17,5983.0,6050.0,5970.0,5979.0,5984.0,20546,9658
2024-12-26,CRUDEOILM,2025-02-19,6000.0,6040.0,5965.0,5972.0,5973.0,2511,1678
2024-12-26,CRUDEOILM,2025-03-19,6018.0,6061.0,5989.0,6007.0,6000.0,68,47
2024-12-26,CRUDEOILM,2025-04-21,0.0,0.0,0.0,5952.0,5952.0,0,0
2024-12-26,CRUDEOILM,2025-05-19,0.0,0.0,0.0,5943.0,5943.0,0,0
2024-12-26,CRUDEOILM,2025-06-18,0.0,0.0,0.0,5933.0,5933.0,0,0
2024-12-27,CRUDEOIL,2025-01-17,5962.0,6049.0,5958.0,6035.0,5976.0,13158,9174
2024-12-27,CRUDEOIL,2025-02-19,5960.0,6040.0,5956.0,6029.0,5972.0,413,273
2024-12-27,CRUDEOIL,2025-03-19,6010.0,6010.0,6009.0,6010.0,6023.0,2,3
2024-12-27,CRUDEOIL,2025-04-21,0.0,0.0,0.0,5964.0,5964.0,0,0
2024-12-27,CRUDEOIL,2025-05-19,0.0,0.0,0.0,5961.0,5961.0,0,0
2024-12-27,CRUDEOIL,2025-06-18,0.0,0.0,0.0,5957.0,5957.0,0,0
2024-12-27,CRUDEOILM,2025-01-17,5972.0,6049.0,5958.0,6037.0,5979.0,20590,10293
2024-12-27,CRUDEOILM,2025-02-19,5965.0,6043.0,5955.0,6032.0,5972.0,1898,1559
2024-12-27,CRUDEOILM,2025-03-19,5986.0,6056.0,5986.0,6043.0,6007.0,24,56
2024-12-27,CRUDEOILM,2025-04-21,0.0,0.0,0.0,5959.0,5959.0,0,0
2024-12-27,CRUDEOILM,2025-05-19,0.0,0.0,0.0,5953.0,5953.0,0,0
2024-12-27,CRUDEOILM,2025-06-18,0.0,0.0,0.0,5946.0,5946.0,0,0
2024-12-30,CRUDEOIL,2025-01-17,6050.0,6130.0,6026.0,6109.0,6035.0,16146,10808
2024-12-30,CRUDEOIL,2025-02-19,6050.0,6118.0,6016.0,6094.0,6029.0,538,263
2024-12-30,CRUDEOIL,2025-03-19,6036.0,6108.0,6020.0,6075.0,6010.0,10,7
2024-12-30,CRUDEOIL,2025-04-21,0.0,0.0,0.0,6017.0,6017.0,0,0
2024-12-30,CRUDEOIL,2025-05-19,0.0,0.0,0.0,6012.0,6012.0,0,0
2024-12-30,CRUDEOIL,2025-06-18,0.0,0.0,0.0,6007.0,6007.0,0,0
2024-12-30,CRUDEOILM,2025-01-17,6040.0,6129.0,6027.0,6109.0,6037.0,21694,10482
2024-12-30,CRUDEOILM,2025-02-19,6045.0,6114.0,6020.0,6092.0,6032.0,2498,1664
2024-12-30,CRUDEOILM,2025-03-19,6064.0,6120.0,6044.0,6109.0,6043.0,90,68
2024-12-30,CRUDEOILM,2025-04-21,0.0,0.0,0.0,6022.0,6022.0,0,0
2024-12-30,CRUDEOILM,2025-05-19,0.0,0.0,0.0,6018.0,6018.0,0,0
2024-12-30,CRUDEOILM,2025-06-18,0.0,0.0,0.0,6013.0,6013.0,0,0
2024-12-31,CRUDEOIL,2025-01-17,6131.0,6177.0,6085.0,6166.0,6109.0,13953,12218
2024-12-31,CRUDEOIL,2025-02-19,6113.0,6170.0,6084.0,6158.0,6094.0,774,554
2024-12-31,CRUDEOIL,2025-03-19,0.0,0.0,0.0,6075.0,6075.0,0,7
2024-12-31,CRUDEOIL,2025-04-21,0.0,0.0,0.0,6066.0,6066.0,0,0
2024-12-31,CRUDEOIL,2025-05-19,0.0,0.0,0.0,6053.0,6053.0,0,0
2024-12-31,CRUDEOIL,2025-06-18,0.0,0.0,0.0,6039.0,6039.0,0,0
2024-12-31,CRUDEOILM,2025-01-17,6128.0,6180.0,6084.0,6166.0,6109.0,20689,10625
2024-12-31,CRUDEOILM,2025-02-19,6101.0,6165.0,6077.0,6157.0,6092.0,2203,1877
2024-12-31,CRUDEOILM,2025-03-19,6120.0,6160.0,6095.0,6149.0,6109.0,49,84
2024-12-31,CRUDEOILM,2025-04-21,0.0,0.0,0.0,6060.0,6060.0,0,0
2024-12-31,CRUDEOILM,2025-05-19,0.0,0.0,0.0,6046.0,6046.0,0,0
2024-12-31,CRUDEOILM,2025-06-18,0.0,0.0,0.0,6030.0,6030.0,0,0
2025-01-01,CRUDEOIL,2025-01-17,6186.0,6186.0,6154.0,6171.0,6166.0,1689,12202
2025-01-01,CRUDEOIL,2025-02-19,6163.0,6170.0,6150.0,6164.0,6158.0,107,570
2025-01-01,CRUDEOIL,2025-03-19,6143.0,6143.0,6143.0,6143.0,6151.0,1,8
2025-01-01,CRUDEOIL,2025-04-21,0.0,0.0,0.0,6143.0,6143.0,0,0
2025-01-01,CRUDEOIL,2025-05-19,0.0,0.0,0.0,6136.0,6136.0,0,0
2025-01-01,CRUDEOIL,2025-06-18,0.0,0.0,0.0,6129.0,6129.0,0,0
2025-01-01,CRUDEOILM,2025-01-17,6162.0,6187.0,6158.0,6173.0,6166.0,3082,10557
2025-01-01,CRUDEOILM,2025-02-19,6174.0,6175.0,6151.0,6164.0,6157.0,493,1857
2025-01-01,CRUDEOILM,2025-03-19,6160.0,6182.0,6152.0,6172.0,6149.0,29,92
2025-01-01,CRUDEOILM,2025-04-21,0.0,0.0,0.0,6140.0,6140.0,0,0
2025-01-01,CRUDEOILM,2025-05-19,0.0,0.0,0.0,6132.0,6132.0,0,0
2025-01-01,CRUDEOILM,2025-06-18,0.0,0.0,0.0,6124.0,6124.0,0,0
2025-01-02,CRUDEOIL,2025-01-17,6189.0,6330.0,6165.0,6299.0,6171.0,18988,14439
2025-01-02,CRUDEOIL,2025-02-19,6174.0,6310.0,6156.0,6281.0,6164.0,891,635
2025-01-02,CRUDEOIL,2025-03-19,6159.0,6295.0,6159.0,6246.0,6143.0,9,7
2025-01-02,CRUDEOIL,2025-04-21,0.0,0.0,0.0,6151.0,6151.0,0,0
2025-01-02,CRUDEOIL,2025-05-19,0.0,0.0,0.0,6145.0,6145.0,0,0
2025-01-02,CRUDEOIL,2025-06-18,0.0,0.0,0.0,6138.0,6138.0,0,0
2025-01-02,CRUDEOILM,2025-01-17,6172.0,6328.0,6164.0,6297.0,6173.0,22768,11295
2025-01-02,CRUDEOILM,2025-02-19,6085.0,6308.0,6085.0,6278.0,6164.0,3429,2177
2025-01-02,CRUDEOILM,2025-03-19,6195.0,6298.0,6175.0,6289.0,6172.0,144,123
2025-01-02,CRUDEOILM,2025-04-21,0.0,0.0,0.0,6147.0,6147.0,0,0
2025-01-02,CRUDEOILM,2025-05-19,0.0,0.0,0.0,6139.0,6139.0,0,0
2025-01-02,CRUDEOILM,2025-06-18,0.0,0.0,0.0,6131.0,6131.0,0,0
2025-01-03,CRUDEOIL,2025-01-17,6309.0,6383.0,6245.0,6373.0,6299.0,13857,14389
2025-01-03,CRUDEOIL,2025-02-19,6286.0,6340.0,6229.0,6334.0,6281.0,732,678
2025-01-03,CRUDEOIL,2025-03-19,6274.0,6338.0,6233.0,6286.0,6246.0,9,15
2025-01-03,CRUDEOIL,2025-04-21,0.0,0.0,0.0,6247.0,6247.0,0,0
2025-01-03,CRUDEOIL,2025-05-19,0.0,0.0,0.0,6232.0,6232.0,0,0
2025-01-03,CRUDEOIL,2025-06-18,0.0,0.0,0.0,6216.0,6216.0,0,0
2025-01-03,CRUDEOILM,2025-01-17,6297.0,6380.0,6246.0,6369.0,6297.0,18591,12009
2025-01-03,CRUDEOILM,2025-02-19,6287.0,6344.0,6228.0,6335.0,6278.0,3354,2618
2025-01-03,CRUDEOILM,2025-03-19,6281.0,6360.0,6235.0,6351.0,6289.0,207,185
2025-01-03,CRUDEOILM,2025-04-21,0.0,0.0,0.0,6242.0,6242.0,0,0
2025-01-03,CRUDEOILM,2025-05-19,0.0,0.0,0.0,6226.0,6226.0,0,0
2025-01-03,CRUDEOILM,2025-06-18,0.0,0.0,0.0,6209.0,6209.0,0,0
2025-01-06,CRUDEOIL,2025-01-17,6345.0,6433.0,6293.0,6308.0,6373.0,23710,12244
2025-01-06,CRUDEOIL,2025-02-19,6310.0,6399.0,6273.0,6287.0,6334.0,1990,1554
2025-01-06,CRUDEOIL,2025-03-19,6292.0,6388.0,6292.0,6342.0,6286.0,16,16
2025-01-06,CRUDEOIL,2025-04-21,0.0,0.0,0.0,6261.0,6261.0,0,0
2025-01-06,CRUDEOIL,2025-05-19,0.0,0.0,0.0,6228.0,6228.0,0,0
2025-01-06,CRUDEOIL,2025-06-18,0.0,0.0,0.0,6193.0,6193.0,0,0
2025-01-06,CRUDEOILM,2025-01-17,6344.0,6431.0,6296.0,6310.0,6369.0,25664,11451
2025-01-06,CRUDEOILM,2025-02-19,6311.0,6396.0,6273.0,6284.0,6335.0,3762,3308
2025-01-06,CRUDEOILM,2025-03-19,6333.0,6379.0,6271.0,6280.0,6351.0,252,269
2025-01-06,CRUDEOILM,2025-04-21,6240.0,6240.0,6240.0,6240.0,6272.0,1,1
2025-01-06,CRUDEOILM,2025-05-19,0.0,0.0,0.0,6243.0,6243.0,0,0
2025-01-06,CRUDEOILM,2025-06-18,0.0,0.0,0.0,6212.0,6212.0,0,0
2025-01-07,CRUDEOIL,2025-01-17,6318.0,6394.0,6275.0,6385.0,6308.0,17460,11853
2025-01-07,CRUDEOIL,2025-02-19,6287.0,6370.0,6266.0,6364.0,6287.0,1712,2218
2025-01-07,CRUDEOIL,2025-03-19,6284.0,6359.0,6271.0,6310.0,6342.0,5,13
2025-01-07,CRUDEOIL,2025-04-21,0.0,0.0,0.0,6248.0,6248.0,0,0
2025-01-07,CRUDEOIL,2025-05-19,0.0,0.0,0.0,6230.0,6230.0,0,0
2025-01-07,CRUDEOIL,2025-06-18,0.0,0.0,0.0,6211.0,6211.0,0,0
2025-01-07,CRUDEOILM,2025-01-17,6295.0,6392.0,6277.0,6385.0,6310.0,20024,11777
2025-01-07,CRUDEOILM,2025-02-19,6284.0,6370.0,6260.0,6362.0,6284.0,2861,3536
2025-01-07,CRUDEOILM,2025-03-19,6278.0,6358.0,6271.0,6354.0,6280.0,251,290
2025-01-07,CRUDEOILM,2025-04-21,0.0,0.0,0.0,6240.0,6240.0,0,1
2025-01-07,CRUDEOILM,2025-05-19,0.0,0.0,0.0,6213.0,6213.0,0,0
2025-01-07,CRUDEOILM,2025-06-18,0.0,0.0,0.0,6190.0,6190.0,0,0
2025-01-08,CRUDEOIL,2025-01-17,6397.0,6469.0,6298.0,6307.0,6385.0,28596,10715
2025-01-08,CRUDEOIL,2025-02-19,6391.0,6440.0,6278.0,6286.0,6364.0,4422,4368
2025-01-08,CRUDEOIL,2025-03-19,6368.0,6414.0,6278.0,6292.0,6310.0,37,25
2025-01-08,CRUDEOIL,2025-04-21,0.0,0.0,0.0,6325.0,6325.0,0,0
2025-01-08,CRUDEOIL,2025-05-19,0.0,0.0,0.0,6307.0,6307.0,0,0
2025-01-08,CRUDEOIL,2025-06-18,0.0,0.0,0.0,6288.0,6288.0,0,0
2025-01-08,CRUDEOILM,2025-01-17,6385.0,6469.0,6303.0,6314.0,6385.0,29722,11998
2025-01-08,CRUDEOILM,2025-02-19,6389.0,6434.0,6281.0,6289.0,6362.0,5260,4047
2025-01-08,CRUDEOILM,2025-03-19,6406.0,6420.0,6281.0,6290.0,6354.0,698,305
2025-01-08,CRUDEOILM,2025-04-21,0.0,0.0,0.0,6319.0,6319.0,0,1
2025-01-08,CRUDEOILM,2025-05-19,0.0,0.0,0.0,6299.0,6299.0,0,0
2025-01-08,CRUDEOILM,2025-06-18,0.0,0.0,0.0,6279.0,6279.0,0,0
2025-01-09,CRUDEOIL,2025-01-17,6313.0,6384.0,6277.0,6372.0,6307.0,15502,10085
2025-01-09,CRUDEOIL,2025-02-19,6277.0,6352.0,6203.0,6338.0,6286.0,3300,3262
2025-01-09,CRUDEOIL,2025-03-19,6244.0,6345.0,6223.0,6286.0,6292.0,31,29
2025-01-09,CRUDEOIL,2025-04-21,0.0,0.0,0.0,6247.0,6247.0,0,0
2025-01-09,CRUDEOIL,2025-05-19,0.0,0.0,0.0,6229.0,6229.0,0,0
2025-01-09,CRUDEOIL,2025-06-18,0.0,0.0,0.0,6210.0,6210.0,0,0
2025-01-09,CRUDEOILM,2025-01-17,6306.0,6384.0,6278.0,6372.0,6314.0,20862,10657
2025-01-09,CRUDEOILM,2025-02-19,6292.0,6354.0,6257.0,6342.0,6289.0,5294,3739
2025-01-09,CRUDEOILM,2025-03-19,6275.0,6352.0,6231.0,6333.0,6290.0,258,340
2025-01-09,CRUDEOILM,2025-04-21,0.0,0.0,0.0,6242.0,6242.0,0,1
2025-01-09,CRUDEOILM,2025-05-19,0.0,0.0,0.0,6221.0,6221.0,0,0
2025-01-09,CRUDEOILM,2025-06-18,0.0,0.0,0.0,6198.0,6198.0,0,0
2025-01-10,CRUDEOIL,2025-01-17,6367.0,6709.0,6363.0,6576.0,6372.0,52917,15361
2025-01-10,CRUDEOIL,2025-02-19,6334.0,6632.0,6333.0,6516.0,6338.0,5253,3666
2025-01-10,CRUDEOIL,2025-03-19,6344.0,6600.0,6344.0,6492.0,6286.0,139,63
2025-01-10,CRUDEOIL,2025-04-21,0.0,0.0,0.0,6275.0,6275.0,0,0
2025-01-10,CRUDEOIL,2025-05-19,0.0,0.0,0.0,6246.0,6246.0,0,0
2025-01-10,CRUDEOIL,2025-06-18,0.0,0.0,0.0,6215.0,6215.0,0,0
2025-01-10,CRUDEOILM,2025-01-17,6362.0,6705.0,6362.0,6578.0,6372.0,40026,11970
2025-01-10,CRUDEOILM,2025-02-19,6332.0,6630.0,6332.0,6517.0,6342.0,10367,4155
2025-01-10,CRUDEOILM,2025-03-19,6335.0,6602.0,6321.0,6510.0,6333.0,1005,409
2025-01-10,CRUDEOILM,2025-04-21,0.0,0.0,0.0,6286.0,6286.0,0,1
2025-01-10,CRUDEOILM,2025-05-19,0.0,0.0,0.0,6261.0,6261.0,0,0
2025-01-10,CRUDEOILM,2025-06-18,0.0,0.0,0.0,6233.0,6233.0,0,0
2025-01-13,CRUDEOIL,2025-01-17,6708.0,6874.0,6685.0,6862.0,6576.0,33684,14352
2025-01-13,CRUDEOIL,2025-02-19,6645.0,6755.0,6626.0,6745.0,6516.0,6565,3105
2025-01-13,CRUDEOIL,2025-03-19,6637.0,6711.0,6590.0,6662.0,6492.0,244,138
2025-01-13,CRUDEOIL,2025-04-21,0.0,0.0,0.0,6405.0,6405.0,0,0
2025-01-13,CRUDEOIL,2025-05-19,0.0,0.0,0.0,6354.0,6354.0,0,0
2025-01-13,CRUDEOIL,2025-06-18,0.0,0.0,0.0,6299.0,6299.0,0,0
2025-01-13,CRUDEOILM,2025-01-17,6678.0,6872.0,6678.0,6861.0,6578.0,30772,12793
2025-01-13,CRUDEOILM,2025-02-19,6616.0,6746.0,6616.0,6736.0,6517.0,11018,5870
2025-01-13,CRUDEOILM,2025-03-19,6576.0,6703.0,6511.0,6677.0,6510.0,920,448
2025-01-13,CRUDEOILM,2025-04-21,6471.0,6471.0,6471.0,6471.0,6404.0,1,1
2025-01-13,CRUDEOILM,2025-05-19,0.0,0.0,0.0,6352.0,6352.0,0,0
2025-01-13,CRUDEOILM,2025-06-18,0.0,0.0,0.0,6297.0,6297.0,0,0
2025-01-14,CRUDEOIL,2025-01-17,6807.0,6856.0,6707.0,6736.0,6862.0,19294,11747
2025-01-14,CRUDEOIL,2025-02-19,6782.0,6782.0,6628.0,6657.0,6745.0,5556,2986
2025-01-14,CRUDEOIL,2025-03-19,6654.0,6654.0,6557.0,6583.0,6662.0,216,196
2025-01-14,CRUDEOIL,2025-04-21,0.0,0.0,0.0,6528.0,6528.0,0,0
2025-01-14,CRUDEOIL,2025-05-19,0.0,0.0,0.0,6429.0,6429.0,0,0
2025-01-14,CRUDEOIL,2025-06-18,0.0,0.0,0.0,6323.0,6323.0,0,0
2025-01-14,CRUDEOILM,2025-01-17,6822.0,6857.0,6708.0,6738.0,6861.0,22513,10997
2025-01-14,CRUDEOILM,2025-02-19,6722.0,6741.0,6626.0,6657.0,6736.0,10295,5946
2025-01-14,CRUDEOILM,2025-03-19,6646.0,6670.0,6562.0,6594.0,6677.0,688,445
2025-01-14,CRUDEOILM,2025-04-21,0.0,0.0,0.0,6471.0,6471.0,0,1
2025-01-14,CRUDEOILM,2025-05-19,0.0,0.0,0.0,6398.0,6398.0,0,0
2025-01-14,CRUDEOILM,2025-06-18,0.0,0.0,0.0,6285.0,6285.0,0,0
2025-01-15,CRUDEOIL,2025-01-17,6726.0,6915.0,6680.0,6899.0,6736.0,24547,11286
2025-01-15,CRUDEOIL,2025-02-19,6652.0,6812.0,6607.0,6794.0,6657.0,8667,3739
2025-01-15,CRUDEOIL,2025-03-19,6576.0,6726.0,6543.0,6704.0,6583.0,194,216
2025-01-15,CRUDEOIL,2025-04-21,0.0,0.0,0.0,6510.0,6510.0,0,0
2025-01-15,CRUDEOIL,2025-05-19,0.0,0.0,0.0,6443.0,6443.0,0,0
2025-01-15,CRUDEOIL,2025-06-18,0.0,0.0,0.0,6372.0,6372.0,0,0
2025-01-15,CRUDEOILM,2025-01-17,6742.0,6917.0,6681.0,6901.0,6738.0,21034,9460
2025-01-15,CRUDEOILM,2025-02-19,6612.0,6806.0,6609.0,6793.0,6657.0,14743,7890
2025-01-15,CRUDEOILM,2025-03-19,6590.0,6732.0,6551.0,6716.0,6594.0,1131,554
2025-01-15,CRUDEOILM,2025-04-21,6600.0,6645.0,6600.0,6623.0,6507.0,2,3
2025-01-15,CRUDEOILM,2025-05-19,0.0,0.0,0.0,6438.0,6438.0,0,0
2025-01-15,CRUDEOILM,2025-06-18,0.0,0.0,0.0,6364.0,6364.0,0,0
2025-01-16,CRUDEOIL,2025-01-17,6950.0,6958.0,6747.0,6833.0,6899.0,16035,9455
2025-01-16,CRUDEOIL,2025-02-19,6831.0,6857.0,6680.0,6760.0,6794.0,14290,4910
2025-01-16,CRUDEOIL,2025-03-19,6755.0,6781.0,6611.0,6669.0,6704.0,615,549
2025-01-16,CRUDEOIL,2025-04-21,0.0,0.0,0.0,6599.0,6599.0,0,0
2025-01-16,CRUDEOIL,2025-05-19,0.0,0.0,0.0,6510.0,6510.0,0,0
2025-01-16,CRUDEOIL,2025-06-18,0.0,0.0,0.0,6415.0,6415.0,0,0
2025-01-16,CRUDEOILM,2025-01-17,6925.0,6965.0,6747.0,6837.0,6901.0,15347,6568
2025-01-16,CRUDEOILM,2025-02-19,6798.0,6855.0,6682.0,6763.0,6793.0,18971,8479
2025-01-16,CRUDEOILM,2025-03-19,6729.0,6776.0,6625.0,6683.0,6716.0,1159,632
2025-01-16,CRUDEOILM,2025-04-21,6488.0,6488.0,6488.0,6488.0,6623.0,1,4
2025-01-16,CRUDEOILM,2025-05-19,0.0,0.0,0.0,6501.0,6501.0,0,0
2025-01-16,CRUDEOILM,2025-06-18,0.0,0.0,0.0,6403.0,6403.0,0,0
2025-01-17,CRUDEOIL,2025-01-17,6866.0,6884.0,6733.0,6774.0,6833.0,8051,5438
2025-01-17,CRUDEOIL,2025-02-19,6791.0,6816.0,6693.0,6720.0,6760.0,16167,8824
2025-01-17,CRUDEOIL,2025-03-19,6715.0,6737.0,6618.0,6653.0,6669.0,341,529
2025-01-17,CRUDEOIL,2025-04-21,0.0,0.0,0.0,6625.0,6625.0,0,0
2025-01-17,CRUDEOIL,2025-05-19,0.0,0.0,0.0,6563.0,6563.0,0,0
2025-01-17,CRUDEOIL,2025-06-18,0.0,0.0,0.0,6496.0,6496.0,0,0
2025-01-17,CRUDEOILM,2025-01-17,6860.0,6885.0,6735.0,6777.0,6837.0,8827,4602
2025-01-17,CRUDEOILM,2025-02-19,6780.0,6817.0,6695.0,6721.0,6763.0,18918,8801
2025-01-17,CRUDEOILM,2025-03-19,6734.0,6743.0,6626.0,6655.0,6683.0,866,781
2025-01-17,CRUDEOILM,2025-04-21,6608.0,6608.0,6608.0,6608.0,6488.0,1,3
2025-01-17,CRUDEOILM,2025-05-19,0.0,0.0,0.0,6563.0,6563.0,0,0
2025-01-17,CRUDEOILM,2025-06-18,0.0,0.0,0.0,6496.0,6496.0,0,0
2025-01-20,CRUDEOIL,2025-02-19,6711.0,6732.0,6555.0,6613.0,6720.0,19003,8855
2025-01-20,CRUDEOIL,2025-03-19,6584.0,6660.0,6515.0,6560.0,6653.0,513,548
2025-01-20,CRUDEOIL,2025-04-21,0.0,0.0,0.0,6574.0,6574.0,0,0
2025-01-20,CRUDEOIL,2025-05-19,0.0,0.0,0.0,6507.0,6507.0,0,0
2025-01-20,CRUDEOIL,2025-06-18,0.0,0.0,0.0,6435.0,6435.0,0,0
2025-01-20,CRUDEOIL,2025-07-21,0.0,0.0,0.0,6292.0,6292.0,0,0
2025-01-20,CRUDEOILM,2025-02-19,6762.0,6762.0,6557.0,6615.0,6721.0,25570,7823
2025-01-20,CRUDEOILM,2025-03-19,6656.0,6669.0,6511.0,6568.0,6655.0,1837,869
2025-01-20,CRUDEOILM,2025-04-21,6603.0,6639.0,6500.0,6536.0,6608.0,71,51
2025-01-20,CRUDEOILM,2025-05-19,0.0,0.0,0.0,6511.0,6511.0,0,0
2025-01-20,CRUDEOILM,2025-06-18,0.0,0.0,0.0,6440.0,6440.0,0,0
2025-01-20,CRUDEOILM,2025-07-21,0.0,0.0,0.0,6292.0,6292.0,0,0
2025-01-21,CRUDEOIL,2025-02-19,6645.0,6661.0,6514.0,6564.0,6613.0,18242,8330
2025-01-21,CRUDEOIL,2025-03-19,6586.0,6600.0,6468.0,6513.0,6560.0,892,377
2025-01-21,CRUDEOIL,2025-04-21,6525.0,6525.0,6505.0,6514.0,6497.0,5,5
2025-01-21,CRUDEOIL,2025-05-19,0.0,0.0,0.0,6444.0,6444.0,0,0
2025-01-21,CRUDEOIL,2025-06-18,0.0,0.0,0.0,6387.0,6387.0,0,0
2025-01-21,CRUDEOIL,2025-07-21,0.0,0.0,0.0,6325.0,6325.0,0,0
2025-01-21,CRUDEOILM,2025-02-19,6649.0,6666.0,6515.0,6563.0,6615.0,26805,7825
2025-01-21,CRUDEOILM,2025-03-19,6599.0,6604.0,6470.0,6516.0,6568.0,1666,1107
2025-01-21,CRUDEOILM,2025-04-21,6543.0,6564.0,6471.0,6536.0,6536.0,37,68
2025-01-21,CRUDEOILM,2025-05-19,0.0,0.0,0.0,6465.0,6465.0,0,0
2025-01-21,CRUDEOILM,2025-06-18,0.0,0.0,0.0,6415.0,6415.0,0,0
2025-01-21,CRUDEOILM,2025-07-21,0.0,0.0,0.0,6359.0,6359.0,0,0
2025-01-22,CRUDEOIL,2025-02-19,6567.0,6614.0,6525.0,6561.0,6564.0,16400,8083
2025-01-22,CRUDEOIL,2025-03-19,6525.0,6557.0,6480.0,6516.0,6513.0,439,365
2025-01-22,CRUDEOIL,2025-04-21,0.0,0.0,0.0,6514.0,6514.0,0,5
2025-01-22,CRUDEOIL,2025-05-19,0.0,0.0,0.0,6401.0,6401.0,0,0
2025-01-22,CRUDEOIL,2025-06-18,0.0,0.0,0.0,6347.0,6347.0,0,0
2025-01-22,CRUDEOIL,2025-07-21,0.0,0.0,0.0,6287.0,6287.0,0,0
2025-01-22,CRUDEOILM,2025-02-19,6564.0,6615.0,6527.0,6563.0,6563.0,27258,7817
2025-01-22,CRUDEOILM,2025-03-19,6532.0,6562.0,6480.0,6513.0,6516.0,1513,1202
2025-01-22,CRUDEOILM,2025-04-21,6530.0,6550.0,6484.0,6512.0,6536.0,32,76
2025-01-22,CRUDEOILM,2025-05-19,0.0,0.0,0.0,6413.0,6413.0,0,0
2025-01-22,CRUDEOILM,2025-06-18,0.0,0.0,0.0,6363.0,6363.0,0,0
2025-01-22,CRUDEOILM,2025-07-21,0.0,0.0,0.0,6307.0,6307.0,0,0
2025-01-23,CRUDEOIL,2025-02-19,6521.0,6579.0,6445.0,6484.0,6561.0,19300,8315
2025-01-23,CRUDEOIL,2025-03-19,6484.0,6535.0,6418.0,6450.0,6516.0,493,394
2025-01-23,CRUDEOIL,2025-04-21,6432.0,6432.0,6432.0,6432.0,6462.0,1,4
2025-01-23,CRUDEOIL,2025-05-19,0.0,0.0,0.0,6417.0,6417.0,0,0
2025-01-23,CRUDEOIL,2025-06-18,0.0,0.0,0.0,6369.0,6369.0,0,0
2025-01-23,CRUDEOIL,2025-07-21,0.0,0.0,0.0,6316.0,6316.0,0,0
2025-01-23,CRUDEOILM,2025-02-19,6532.0,6579.0,6447.0,6487.0,6563.0,34867,8175
2025-01-23,CRUDEOILM,2025-03-19,6482.0,6541.0,6417.0,6451.0,6513.0,2108,1297
2025-01-23,CRUDEOILM,2025-04-21,6473.0,6526.0,6426.0,6468.0,6512.0,83,98
2025-01-23,CRUDEOILM,2025-05-19,0.0,0.0,0.0,6404.0,6404.0,0,0
2025-01-23,CRUDEOILM,2025-06-18,0.0,0.0,0.0,6350.0,6350.0,0,0
2025-01-23,CRUDEOILM,2025-07-21,0.0,0.0,0.0,6291.0,6291.0,0,0
2025-01-24,CRUDEOIL,2025-02-19,6443.0,6499.0,6397.0,6427.0,6484.0,15301,8041
2025-01-24,CRUDEOIL,2025-03-19,6425.0,6462.0,6369.0,6389.0,6450.0,431,426
2025-01-24,CRUDEOIL,2025-04-21,0.0,0.0,0.0,6432.0,6432.0,0,4
2025-01-24,CRUDEOIL,2025-05-19,0.0,0.0,0.0,6375.0,6375.0,0,0
2025-01-24,CRUDEOIL,2025-06-18,0.0,0.0,0.0,6339.0,6339.0,0,0
2025-01-24,CRUDEOIL,2025-07-21,0.0,0.0,0.0,6299.0,6299.0,0,0
2025-01-24,CRUDEOILM,2025-02-19,6462.0,6498.0,6401.0,6429.0,6487.0,24431,8397
2025-01-24,CRUDEOILM,2025-03-19,6415.0,6465.0,6371.0,6397.0,6451.0,1506,1397
2025-01-24,CRUDEOILM,2025-04-21,6432.0,6460.0,6380.0,6387.0,6468.0,77,111
2025-01-24,CRUDEOILM,2025-05-19,0.0,0.0,0.0,6372.0,6372.0,0,0
2025-01-24,CRUDEOILM,2025-06-18,0.0,0.0,0.0,6334.0,6334.0,0,0
2025-01-24,CRUDEOILM,2025-07-21,0.0,0.0,0.0,6291.0,6291.0,0,0
2025-01-27,CRUDEOIL,2025-02-19,6398.0,6494.0,6269.0,6300.0,6427.0,19360,7872
2025-01-27,CRUDEOIL,2025-03-19,6380.0,6445.0,6245.0,6267.0,6389.0,536,515
2025-01-27,CRUDEOIL,2025-04-21,6402.0,6402.0,6311.0,6366.0,6344.0,4,3
2025-01-27,CRUDEOIL,2025-05-19,0.0,0.0,0.0,6306.0,6306.0,0,0
2025-01-27,CRUDEOIL,2025-06-18,0.0,0.0,0.0,6265.0,6265.0,0,0
2025-01-27,CRUDEOIL,2025-07-21,0.0,0.0,0.0,6220.0,6220.0,0,0
2025-01-27,CRUDEOILM,2025-02-19,6401.0,6493.0,6272.0,6304.0,6429.0,31038,6989
2025-01-27,CRUDEOILM,2025-03-19,6394.0,6449.0,6249.0,6271.0,6397.0,2437,1854
2025-01-27,CRUDEOILM,2025-04-21,6372.0,6429.0,6256.0,6277.0,6387.0,155,136
2025-01-27,CRUDEOILM,2025-05-19,0.0,0.0,0.0,6327.0,6327.0,0,0
2025-01-27,CRUDEOILM,2025-06-18,0.0,0.0,0.0,6293.0,6293.0,0,0
2025-01-27,CRUDEOILM,2025-07-21,0.0,0.0,0.0,6255.0,6255.0,0,0
2025-01-28,CRUDEOIL,2025-02-19,6337.0,6436.0,6314.0,6340.0,6300.0,16015,7663
2025-01-28,CRUDEOIL,2025-03-19,6295.0,6382.0,6280.0,6298.0,6267.0,476,518
2025-01-28,CRUDEOIL,2025-04-21,0.0,0.0,0.0,6366.0,6366.0,0,3
2025-01-28,CRUDEOIL,2025-05-19,0.0,0.0,0.0,6195.0,6195.0,0,0
2025-01-28,CRUDEOIL,2025-06-18,0.0,0.0,0.0,6159.0,6159.0,0,0
2025-01-28,CRUDEOIL,2025-07-21,0.0,0.0,0.0,6120.0,6120.0,0,0
2025-01-28,CRUDEOILM,2025-02-19,6325.0,6434.0,6315.0,6344.0,6304.0,26496,7562
2025-01-28,CRUDEOILM,2025-03-19,6304.0,6387.0,6285.0,6306.0,6271.0,1958,1857
2025-01-28,CRUDEOILM,2025-04-21,6306.0,6370.0,6300.0,6306.0,6277.0,71,146
2025-01-28,CRUDEOILM,2025-05-19,0.0,0.0,0.0,6199.0,6199.0,0,0
2025-01-28,CRUDEOILM,2025-06-18,0.0,0.0,0.0,6163.0,6163.0,0,0
2025-01-28,CRUDEOILM,2025-07-21,0.0,0.0,0.0,6124.0,6124.0,0,0
2025-01-29,CRUDEOIL,2025-02-19,6380.0,6413.0,6278.0,6294.0,6340.0,16199,8016
2025-01-29,CRUDEOIL,2025-03-19,6330.0,6356.0,6243.0,6261.0,6298.0,471,567
2025-01-29,CRUDEOIL,2025-04-21,6336.0,6336.0,6242.0,6288.0,6248.0,10,8
2025-01-29,CRUDEOIL,2025-05-19,0.0,0.0,0.0,6206.0,6206.0,0,0
2025-01-29,CRUDEOIL,2025-06-18,0.0,0.0,0.0,6161.0,6161.0,0,0
2025-01-29,CRUDEOIL,2025-07-21,0.0,0.0,0.0,6112.0,6112.0,0,0
2025-01-29,CRUDEOILM,2025-02-19,6375.0,6415.0,6281.0,6297.0,6344.0,28650,6855
2025-01-29,CRUDEOILM,2025-03-19,6339.0,6359.0,6252.0,6266.0,6306.0,2022,1890
2025-01-29,CRUDEOILM,2025-04-21,6337.0,6357.0,6272.0,6277.0,6306.0,92,164
2025-01-29,CRUDEOILM,2025-05-19,0.0,0.0,0.0,6223.0,6223.0,0,0
2025-01-29,CRUDEOILM,2025-06-18,0.0,0.0,0.0,6182.0,6182.0,0,0
2025-01-29,CRUDEOILM,2025-07-21,0.0,0.0,0.0,6137.0,6137.0,0,0
2025-01-30,CRUDEOIL,2025-02-19,6295.0,6373.0,6250.0,6319.0,6294.0,16016,7799
2025-01-30,CRUDEOIL,2025-03-19,6269.0,6330.0,6215.0,6293.0,6261.0,501,608
2025-01-30,CRUDEOIL,2025-04-21,6257.0,6257.0,6251.0,6254.0,6288.0,6,9
2025-01-30,CRUDEOIL,2025-05-19,0.0,0.0,0.0,6189.0,6189.0,0,0
2025-01-30,CRUDEOIL,2025-06-18,0.0,0.0,0.0,6153.0,6153.0,0,0
2025-01-30,CRUDEOIL,2025-07-21,0.0,0.0,0.0,6114.0,6114.0,0,0
2025-01-30,CRUDEOILM,2025-02-19,6300.0,6373.0,6252.0,6322.0,6297.0,27086,6534
2025-01-30,CRUDEOILM,2025-03-19,6277.0,6334.0,6219.0,6289.0,6266.0,2035,1950
2025-01-30,CRUDEOILM,2025-04-21,6282.0,6318.0,6210.0,6287.0,6277.0,85,183
2025-01-30,CRUDEOILM,2025-05-19,0.0,0.0,0.0,6198.0,6198.0,0,0
2025-01-30,CRUDEOILM,2025-06-18,0.0,0.0,0.0,6165.0,6165.0,0,0
2025-01-30,CRUDEOILM,2025-07-21,0.0,0.0,0.0,6128.0,6128.0,0,0
2025-01-31,CRUDEOIL,2025-02-19,6365.0,6372.0,6246.0,6279.0,6319.0,20393,6970
2025-01-31,CRUDEOIL,2025-03-19,6326.0,6332.0,6220.0,6250.0,6293.0,608,552
2025-01-31,CRUDEOIL,2025-04-21,6318.0,6335.0,6220.0,6296.0,6254.0,6,10
2025-01-31,CRUDEOIL,2025-05-19,0.0,0.0,0.0,6236.0,6236.0,0,0
2025-01-31,CRUDEOIL,2025-06-18,0.0,0.0,0.0,6208.0,6208.0,0,0
2025-01-31,CRUDEOIL,2025-07-21,0.0,0.0,0.0,6177.0,6177.0,0,0
2025-01-31,CRUDEOILM,2025-02-19,6355.0,6378.0,6247.0,6283.0,6322.0,32557,6271
2025-01-31,CRUDEOILM,2025-03-19,6320.0,6339.0,6222.0,6250.0,6289.0,3047,2034
2025-01-31,CRUDEOILM,2025-04-21,6337.0,6337.0,6241.0,6250.0,6287.0,87,214
2025-01-31,CRUDEOILM,2025-05-19,0.0,0.0,0.0,6217.0,6217.0,0,0
2025-01-31,CRUDEOILM,2025-06-18,0.0,0.0,0.0,6181.0,6181.0,0,0
2025-01-31,CRUDEOILM,2025-07-21,0.0,0.0,0.0,6142.0,6142.0,0,0
2025-02-03,CRUDEOIL,2025-02-19,6400.0,6520.0,6288.0,6334.0,6350.0,35271,5338
2025-02-03,CRUDEOIL,2025-03-19,6369.0,6460.0,6254.0,6300.0,6304.0,1313,557
2025-02-03,CRUDEOIL,2025-04-21,6370.0,6406.0,6283.0,6292.0,6286.0,25,18
2025-02-03,CRUDEOIL,2025-05-19,0.0,0.0,0.0,6203.0,6203.0,0,0
2025-02-03,CRUDEOIL,2025-06-18,0.0,0.0,0.0,6154.0,6154.0,0,0
2025-02-03,CRUDEOIL,2025-07-21,0.0,0.0,0.0,6100.0,6100.0,0,0
2025-02-03,CRUDEOILM,2025-02-19,6405.0,6520.0,6291.0,6335.0,6347.0,42507,6050
2025-02-03,CRUDEOILM,2025-03-19,6352.0,6459.0,6253.0,6302.0,6298.0,5602,2220
2025-02-03,CRUDEOILM,2025-04-21,6377.0,6430.0,6275.0,6298.0,6304.0,286,229
2025-02-03,CRUDEOILM,2025-05-19,6428.0,6428.0,6428.0,6428.0,6191.0,1,1
2025-02-03,CRUDEOILM,2025-06-18,0.0,0.0,0.0,6138.0,6138.0,0,0
2025-02-03,CRUDEOILM,2025-07-21,0.0,0.0,0.0,6081.0,6081.0,0,0
2025-02-04,CRUDEOIL,2025-02-19,6315.0,6394.0,6176.0,6343.0,6334.0,36658,5248
2025-02-04,CRUDEOIL,2025-03-19,6286.0,6370.0,6158.0,6328.0,6300.0,1692,583
2025-02-04,CRUDEOIL,2025-04-21,6256.0,6351.0,6180.0,6324.0,6292.0,40,22
2025-02-04,CRUDEOIL,2025-05-19,0.0,0.0,0.0,6225.0,6225.0,0,0
2025-02-04,CRUDEOIL,2025-06-18,0.0,0.0,0.0,6189.0,6189.0,0,0
2025-02-04,CRUDEOIL,2025-07-21,0.0,0.0,0.0,6149.0,6149.0,0,0
2025-02-04,CRUDEOILM,2025-02-19,6320.0,6394.0,6178.0,6343.0,6335.0,45300,6872
2025-02-04,CRUDEOILM,2025-03-19,6282.0,6367.0,6162.0,6324.0,6302.0,6363,2648
2025-02-04,CRUDEOILM,2025-04-21,6293.0,6353.0,6178.0,6313.0,6298.0,674,300
2025-02-04,CRUDEOILM,2025-05-19,0.0,0.0,0.0,6428.0,6428.0,0,1
2025-02-04,CRUDEOILM,2025-06-18,0.0,0.0,0.0,6194.0,6194.0,0,0
2025-02-04,CRUDEOILM,2025-07-21,0.0,0.0,0.0,6155.0,6155.0,0,0
2025-02-05,CRUDEOIL,2025-02-19,6328.0,6359.0,6220.0,6230.0,6343.0,19409,8763
2025-02-05,CRUDEOIL,2025-03-19,6312.0,6338.0,6214.0,6227.0,6328.0,801,754
2025-02-05,CRUDEOIL,2025-04-21,6300.0,6309.0,6225.0,6269.0,6324.0,7,29
2025-02-05,CRUDEOIL,2025-05-19,0.0,0.0,0.0,6295.0,6295.0,0,0
2025-02-05,CRUDEOIL,2025-06-18,0.0,0.0,0.0,6279.0,6279.0,0,0
2025-02-05,CRUDEOIL,2025-07-21,0.0,0.0,0.0,6261.0,6261.0,0,0
2025-02-05,CRUDEOILM,2025-02-19,6350.0,6360.0,6222.0,6232.0,6343.0,26962,9204
2025-02-05,CRUDEOILM,2025-03-19,6294.0,6338.0,6217.0,6235.0,6324.0,3282,3086
2025-02-05,CRUDEOILM,2025-04-21,6295.0,6325.0,6233.0,6253.0,6313.0,179,327
2025-02-05,CRUDEOILM,2025-05-19,6328.0,6328.0,6328.0,6328.0,6282.0,1,2
2025-02-05,CRUDEOILM,2025-06-18,0.0,0.0,0.0,6262.0,6262.0,0,0
2025-02-05,CRUDEOILM,2025-07-21,0.0,0.0,0.0,6239.0,6239.0,0,0
2025-02-06,CRUDEOIL,2025-02-19,6247.0,6308.0,6200.0,6210.0,6230.0,20576,8672
2025-02-06,CRUDEOIL,2025-03-19,6236.0,6295.0,6200.0,6210.0,6227.0,784,822
2025-02-06,CRUDEOIL,2025-04-21,6233.0,6289.0,6210.0,6242.0,6269.0,15,33
2025-02-06,CRUDEOIL,2025-05-19,0.0,0.0,0.0,6220.0,6220.0,0,0
2025-02-06,CRUDEOIL,2025-06-18,0.0,0.0,0.0,6217.0,6217.0,0,0
2025-02-06,CRUDEOIL,2025-07-21,0.0,0.0,0.0,6213.0,6213.0,0,0
2025-02-06,CRUDEOILM,2025-02-19,6270.0,6305.0,6203.0,6213.0,6232.0,27568,9441
2025-02-06,CRUDEOILM,2025-03-19,6276.0,6295.0,6205.0,6215.0,6235.0,3552,3345
2025-02-06,CRUDEOILM,2025-04-21,6263.0,6296.0,6224.0,6232.0,6253.0,164,348
2025-02-06,CRUDEOILM,2025-05-19,0.0,0.0,0.0,6328.0,6328.0,0,2
2025-02-06,CRUDEOILM,2025-06-18,0.0,0.0,0.0,6244.0,6244.0,0,0
2025-02-06,CRUDEOILM,2025-07-21,0.0,0.0,0.0,6248.0,6248.0,0,0
2025-02-07,CRUDEOIL,2025-02-19,6221.0,6260.0,6191.0,6237.0,6210.0,12883,7842
2025-02-07,CRUDEOIL,2025-03-19,6222.0,6250.0,6201.0,6237.0,6210.0,618,854
2025-02-07,CRUDEOIL,2025-04-21,6218.0,6244.0,6218.0,6238.0,6242.0,19,41
2025-02-07,CRUDEOIL,2025-05-19,0.0,0.0,0.0,6210.0,6210.0,0,0
2025-02-07,CRUDEOIL,2025-06-18,0.0,0.0,0.0,6210.0,6210.0,0,0
2025-02-07,CRUDEOIL,2025-07-21,0.0,0.0,0.0,6210.0,6210.0,0,0
2025-02-07,CRUDEOILM,2025-02-19,6215.0,6260.0,6200.0,6237.0,6213.0,16317,8890
2025-02-07,CRUDEOILM,2025-03-19,6229.0,6253.0,6203.0,6236.0,6215.0,1696,3450
2025-02-07,CRUDEOILM,2025-04-21,6238.0,6268.0,6225.0,6242.0,6232.0,123,362
2025-02-07,CRUDEOILM,2025-05-19,6328.0,6328.0,6295.0,6312.0,6219.0,2,4
2025-02-07,CRUDEOILM,2025-06-18,0.0,0.0,0.0,6221.0,6221.0,0,0
2025-02-07,CRUDEOILM,2025-07-21,0.0,0.0,0.0,6223.0,6223.0,0,0
2025-02-10,CRUDEOIL,2025-02-19,6289.0,6350.0,6260.0,6337.0,6237.0,13600,5357
2025-02-10,CRUDEOIL,2025-03-19,6278.0,6335.0,6257.0,6322.0,6237.0,937,779
2025-02-10,CRUDEOIL,2025-04-21,6284.0,6329.0,6262.0,6304.0,6238.0,25,37
2025-02-10,CRUDEOIL,2025-05-19,0.0,0.0,0.0,6237.0,6237.0,0,0
2025-02-10,CRUDEOIL,2025-06-18,0.0,0.0,0.0,6237.0,6237.0,0,0
2025-02-10,CRUDEOIL,2025-07-21,0.0,0.0,0.0,6237.0,6237.0,0,0
2025-02-10,CRUDEOILM,2025-02-19,6259.0,6349.0,6259.0,6336.0,6237.0,15275,7486
2025-02-10,CRUDEOILM,2025-03-19,6273.0,6337.0,6255.0,6321.0,6236.0,3238,3299
2025-02-10,CRUDEOILM,2025-04-21,6295.0,6330.0,6267.0,6326.0,6242.0,185,335
2025-02-10,CRUDEOILM,2025-05-19,0.0,0.0,0.0,6312.0,6312.0,0,4
2025-02-10,CRUDEOILM,2025-06-18,0.0,0.0,0.0,6232.0,6232.0,0,0
2025-02-10,CRUDEOILM,2025-07-21,0.0,0.0,0.0,6231.0,6231.0,0,0
2025-02-11,CRUDEOIL,2025-02-19,6340.0,6411.0,6301.0,6367.0,6337.0,15164,3874
2025-02-11,CRUDEOIL,2025-03-19,6335.0,6383.0,6285.0,6358.0,6322.0,1178,770
2025-02-11,CRUDEOIL,2025-04-21,6306.0,6358.0,6306.0,6353.0,6304.0,27,41
2025-02-11,CRUDEOIL,2025-05-19,0.0,0.0,0.0,6289.0,6289.0,0,0
2025-02-11,CRUDEOIL,2025-06-18,0.0,0.0,0.0,6273.0,6273.0,0,0
2025-02-11,CRUDEOIL,2025-07-21,0.0,0.0,0.0,6255.0,6255.0,0,0
2025-02-11,CRUDEOILM,2025-02-19,6360.0,6400.0,6302.0,6368.0,6336.0,18504,5704
2025-02-11,CRUDEOILM,2025-03-19,6335.0,6381.0,6284.0,6358.0,6321.0,3354,3292
2025-02-11,CRUDEOILM,2025-04-21,6326.0,6365.0,6293.0,6346.0,6326.0,183,328
2025-02-11,CRUDEOILM,2025-05-19,6300.0,6300.0,6300.0,6300.0,6288.0,1,5
2025-02-11,CRUDEOILM,2025-06-18,0.0,0.0,0.0,6272.0,6272.0,0,0
2025-02-11,CRUDEOILM,2025-07-21,0.0,0.0,0.0,6254.0,6254.0,0,0
2025-02-12,CRUDEOIL,2025-02-19,6323.0,6365.0,6216.0,6226.0,6367.0,21726,9801
2025-02-12,CRUDEOIL,2025-03-19,6330.0,6359.0,6225.0,6236.0,6358.0,2428,1115
2025-02-12,CRUDEOIL,2025-04-21,6309.0,6348.0,6233.0,6238.0,6353.0,79,41
2025-02-12,CRUDEOIL,2025-05-19,0.0,0.0,0.0,6338.0,6338.0,0,0
2025-02-12,CRUDEOIL,2025-06-18,0.0,0.0,0.0,6328.0,6328.0,0,0
2025-02-12,CRUDEOIL,2025-07-21,0.0,0.0,0.0,6318.0,6318.0,0,0
2025-02-12,CRUDEOILM,2025-02-19,6347.0,6366.0,6218.0,6229.0,6368.0,20770,6678
2025-02-12,CRUDEOILM,2025-03-19,6330.0,6361.0,6232.0,6239.0,6358.0,5923,4058
2025-02-12,CRUDEOILM,2025-04-21,6314.0,6356.0,6245.0,6251.0,6346.0,382,437
2025-02-12,CRUDEOILM,2025-05-19,0.0,0.0,0.0,6300.0,6300.0,0,5
2025-02-12,CRUDEOILM,2025-06-18,0.0,0.0,0.0,6325.0,6325.0,0,0
2025-02-12,CRUDEOILM,2025-07-21,0.0,0.0,0.0,6313.0,6313.0,0,0
2025-02-13,CRUDEOIL,2025-02-19,6142.0,6205.0,6115.0,6196.0,6226.0,20640,9590
2025-02-13,CRUDEOIL,2025-03-19,6180.0,6213.0,6132.0,6205.0,6236.0,3436,1685
2025-02-13,CRUDEOIL,2025-04-21,6164.0,6212.0,6147.0,6210.0,6238.0,96,70
2025-02-13,CRUDEOIL,2025-05-19,0.0,0.0,0.0,6257.0,6257.0,0,0
2025-02-13,CRUDEOIL,2025-06-18,0.0,0.0,0.0,6268.0,6268.0,0,0
2025-02-13,CRUDEOIL,2025-07-21,0.0,0.0,0.0,6280.0,6280.0,0,0
2025-02-13,CRUDEOILM,2025-02-19,6201.0,6207.0,6116.0,6195.0,6229.0,15128,6290
2025-02-13,CRUDEOILM,2025-03-19,6231.0,6238.0,6137.0,6205.0,6239.0,6708,5596
2025-02-13,CRUDEOILM,2025-04-21,6209.0,6218.0,6151.0,6210.0,6251.0,716,624
2025-02-13,CRUDEOILM,2025-05-19,6250.0,6250.0,6200.0,6225.0,6260.0,2,7
2025-02-13,CRUDEOILM,2025-06-18,0.0,0.0,0.0,6271.0,6271.0,0,0
2025-02-13,CRUDEOILM,2025-07-21,0.0,0.0,0.0,6283.0,6283.0,0,0
2025-02-14,CRUDEOIL,2025-02-19,6207.0,6246.0,6135.0,6149.0,6196.0,17014,12307
2025-02-14,CRUDEOIL,2025-03-19,6216.0,6257.0,6146.0,6165.0,6205.0,4112,2201
2025-02-14,CRUDEOIL,2025-04-21,6216.0,6256.0,6163.0,6177.0,6210.0,63,60
2025-02-14,CRUDEOIL,2025-05-19,0.0,0.0,0.0,6224.0,6224.0,0,0
2025-02-14,CRUDEOIL,2025-06-18,0.0,0.0,0.0,6234.0,6234.0,0,0
2025-02-14,CRUDEOIL,2025-07-21,0.0,0.0,0.0,6244.0,6244.0,0,0
2025-02-14,CRUDEOILM,2025-02-19,6170.0,6247.0,6136.0,6149.0,6195.0,13288,5798
2025-02-14,CRUDEOILM,2025-03-19,6214.0,6259.0,6153.0,6170.0,6205.0,6074,5950
2025-02-14,CRUDEOILM,2025-04-21,6223.0,6252.0,6160.0,6187.0,6210.0,484,626
2025-02-14,CRUDEOILM,2025-05-19,6323.0,6333.0,6250.0,6309.0,6225.0,6,12
2025-02-14,CRUDEOILM,2025-06-18,0.0,0.0,0.0,6237.0,6237.0,0,0
2025-02-14,CRUDEOILM,2025-07-21,0.0,0.0,0.0,6249.0,6249.0,0,0
2025-02-17,CRUDEOIL,2025-02-19,6136.0,6208.0,6132.0,6198.0,6149.0,14945,10584
2025-02-17,CRUDEOIL,2025-03-19,6152.0,6218.0,6152.0,6212.0,6165.0,5157,2656
2025-02-17,CRUDEOIL,2025-04-21,6170.0,6226.0,6163.0,6217.0,6177.0,60,67
2025-02-17,CRUDEOIL,2025-05-19,0.0,0.0,0.0,6199.0,6199.0,0,0
2025-02-17,CRUDEOIL,2025-06-18,0.0,0.0,0.0,6217.0,6217.0,0,0
2025-02-17,CRUDEOIL,2025-07-21,0.0,0.0,0.0,6235.0,6235.0,0,0
2025-02-17,CRUDEOILM,2025-02-19,6149.0,6209.0,6129.0,6198.0,6149.0,8399,4874
2025-02-17,CRUDEOILM,2025-03-19,6160.0,6220.0,6155.0,6215.0,6170.0,9590,6786
2025-02-17,CRUDEOILM,2025-04-21,6178.0,6227.0,6175.0,6219.0,6187.0,430,702
2025-02-17,CRUDEOILM,2025-05-19,6275.0,6275.0,6250.0,6263.0,6309.0,3,14
2025-02-17,CRUDEOILM,2025-06-18,0.0,0.0,0.0,6238.0,6238.0,0,0
2025-02-17,CRUDEOILM,2025-07-21,0.0,0.0,0.0,6263.0,6263.0,0,0
2025-02-18,CRUDEOIL,2025-02-19,6224.0,6272.0,6173.0,6233.0,6198.0,13758,7253
2025-02-18,CRUDEOIL,2025-03-19,6218.0,6280.0,6190.0,6247.0,6212.0,9302,2862
2025-02-18,CRUDEOIL,2025-04-21,6230.0,6275.0,6200.0,6255.0,6217.0,101,87
2025-02-18,CRUDEOIL,2025-05-19,0.0,0.0,0.0,6242.0,6242.0,0,0
2025-02-18,CRUDEOIL,2025-06-18,0.0,0.0,0.0,6257.0,6257.0,0,0
2025-02-18,CRUDEOIL,2025-07-21,0.0,0.0,0.0,6274.0,6274.0,0,0
2025-02-18,CRUDEOILM,2025-02-19,6201.0,6272.0,6174.0,6231.0,6198.0,9360,4375
2025-02-18,CRUDEOILM,2025-03-19,6221.0,6280.0,6191.0,6245.0,6215.0,13245,6080
2025-02-18,CRUDEOILM,2025-04-21,6237.0,6279.0,6198.0,6252.0,6219.0,865,645
2025-02-18,CRUDEOILM,2025-05-19,6340.0,6340.0,6250.0,6325.0,6263.0,6,19
2025-02-18,CRUDEOILM,2025-06-18,0.0,0.0,0.0,6270.0,6270.0,0,0
2025-02-18,CRUDEOILM,2025-07-21,0.0,0.0,0.0,6290.0,6290.0,0,0
2025-02-19,CRUDEOIL,2025-02-19,6255.0,6356.0,6252.0,6291.0,6233.0,3225,6209
2025-02-19,CRUDEOIL,2025-03-19,6267.0,6347.0,6260.0,6288.0,6247.0,9123,3538
2025-02-19,CRUDEOIL,2025-04-21,6274.0,6345.0,6263.0,6302.0,6255.0,128,112
2025-02-19,CRUDEOIL,2025-05-19,0.0,0.0,0.0,6277.0,6277.0,0,0
2025-02-19,CRUDEOIL,2025-06-18,0.0,0.0,0.0,6292.0,6292.0,0,0
2025-02-19,CRUDEOIL,2025-07-21,0.0,0.0,0.0,6309.0,6309.0,0,0
2025-02-19,CRUDEOILM,2025-02-19,6245.0,6352.0,6244.0,6291.0,6231.0,4359,3441
2025-02-19,CRUDEOILM,2025-03-19,6276.0,6346.0,6261.0,6289.0,6245.0,11063,6186
2025-02-19,CRUDEOILM,2025-04-21,6264.0,6342.0,6262.0,6297.0,6252.0,810,693
2025-02-19,CRUDEOILM,2025-05-19,6324.0,6350.0,6324.0,6332.0,6325.0,7,16
2025-02-19,CRUDEOILM,2025-06-18,0.0,0.0,0.0,6290.0,6290.0,0,0
2025-02-19,CRUDEOILM,2025-07-21,0.0,0.0,0.0,6307.0,6307.0,0,0
2025-02-20,CRUDEOIL,2025-03-19,6252.0,6345.0,6239.0,6316.0,6288.0,10091,3456
2025-02-20,CRUDEOIL,2025-04-21,6266.0,6346.0,6246.0,6332.0,6302.0,156,136
2025-02-20,CRUDEOIL,2025-05-19,0.0,0.0,0.0,6313.0,6313.0,0,0
2025-02-20,CRUDEOIL,2025-06-18,0.0,0.0,0.0,6326.0,6326.0,0,0
2025-02-20,CRUDEOIL,2025-07-21,0.0,0.0,0.0,6340.0,6340.0,0,0
2025-02-20,CRUDEOIL,2025-08-19,0.0,0.0,0.0,6137.0,6137.0,0,0
2025-02-20,CRUDEOILM,2025-03-19,6255.0,6343.0,6237.0,6317.0,6289.0,16041,6849
2025-02-20,CRUDEOILM,2025-04-21,6265.0,6349.0,6243.0,6318.0,6297.0,1019,811
2025-02-20,CRUDEOILM,2025-05-19,6285.0,6343.0,6276.0,6317.0,6332.0,16,17
2025-02-20,CRUDEOILM,2025-06-18,0.0,0.0,0.0,6311.0,6311.0,0,0
2025-02-20,CRUDEOILM,2025-07-21,0.0,0.0,0.0,6319.0,6319.0,0,0
2025-02-20,CRUDEOILM,2025-08-19,0.0,0.0,0.0,6137.0,6137.0,0,0
2025-02-21,CRUDEOIL,2025-03-19,6279.0,6299.0,6136.0,6148.0,6316.0,13614,3852
2025-02-21,CRUDEOIL,2025-04-21,6290.0,6304.0,6155.0,6163.0,6332.0,381,195
2025-02-21,CRUDEOIL,2025-05-19,0.0,0.0,0.0,6345.0,6345.0,0,0
2025-02-21,CRUDEOIL,2025-06-18,0.0,0.0,0.0,6360.0,6360.0,0,0
2025-02-21,CRUDEOIL,2025-07-21,0.0,0.0,0.0,6376.0,6376.0,0,0
2025-02-21,CRUDEOIL,2025-08-19,0.0,0.0,0.0,6390.0,6390.0,0,0
2025-02-21,CRUDEOILM,2025-03-19,6289.0,6300.0,6140.0,6154.0,6317.0,20057,8216
2025-02-21,CRUDEOILM,2025-04-21,6310.0,6310.0,6164.0,6169.0,6318.0,1978,1097
2025-02-21,CRUDEOILM,2025-05-19,6280.0,6298.0,6191.0,6205.0,6317.0,47,32
2025-02-21,CRUDEOILM,2025-06-18,0.0,0.0,0.0,6319.0,6319.0,0,0
2025-02-21,CRUDEOILM,2025-07-21,0.0,0.0,0.0,6320.0,6320.0,0,0
2025-02-21,CRUDEOILM,2025-08-19,0.0,0.0,0.0,6321.0,6321.0,0,0
2025-02-24,CRUDEOIL,2025-03-19,6109.0,6161.0,6091.0,6150.0,6148.0,9893,3633
2025-02-24,CRUDEOIL,2025-04-21,6125.0,6168.0,6100.0,6161.0,6163.0,307,254
2025-02-24,CRUDEOIL,2025-05-19,6169.0,6169.0,6169.0,6169.0,6175.0,1,1
2025-02-24,CRUDEOIL,2025-06-18,0.0,0.0,0.0,6189.0,6189.0,0,0
2025-02-24,CRUDEOIL,2025-07-21,0.0,0.0,0.0,6204.0,6204.0,0,0
2025-02-24,CRUDEOIL,2025-08-19,0.0,0.0,0.0,6217.0,6217.0,0,0
2025-02-24,CRUDEOILM,2025-03-19,6130.0,6162.0,6094.0,6149.0,6154.0,15760,9215
2025-02-24,CRUDEOILM,2025-04-21,6131.0,6169.0,6103.0,6161.0,6169.0,1511,1256
2025-02-24,CRUDEOILM,2025-05-19,6150.0,6187.0,6104.0,6145.0,6205.0,85,48
2025-02-24,CRUDEOILM,2025-06-18,0.0,0.0,0.0,6195.0,6195.0,0,0
2025-02-24,CRUDEOILM,2025-07-21,0.0,0.0,0.0,6210.0,6210.0,0,0
2025-02-24,CRUDEOILM,2025-08-19,0.0,0.0,0.0,6223.0,6223.0,0,0
2025-02-25,CRUDEOIL,2025-03-19,6157.0,6206.0,6004.0,6015.0,6150.0,15455,4688
2025-02-25,CRUDEOIL,2025-04-21,6197.0,6210.0,6013.0,6024.0,6161.0,591,369
2025-02-25,CRUDEOIL,2025-05-19,6036.0,6036.0,6036.0,6036.0,6169.0,1,2
2025-02-25,CRUDEOIL,2025-06-18,0.0,0.0,0.0,6180.0,6180.0,0,0
2025-02-25,CRUDEOIL,2025-07-21,0.0,0.0,0.0,6191.0,6191.0,0,0
2025-02-25,CRUDEOIL,2025-08-19,0.0,0.0,0.0,6201.0,6201.0,0,0
2025-02-25,CRUDEOILM,2025-03-19,6171.0,6206.0,6007.0,6017.0,6149.0,19768,10512
2025-02-25,CRUDEOILM,2025-04-21,6195.0,6209.0,6015.0,6029.0,6161.0,2685,1808
2025-02-25,CRUDEOILM,2025-05-19,6202.0,6210.0,6040.0,6049.0,6145.0,79,72
2025-02-25,CRUDEOILM,2025-06-18,0.0,0.0,0.0,6182.0,6182.0,0,0
2025-02-25,CRUDEOILM,2025-07-21,0.0,0.0,0.0,6194.0,6194.0,0,0
2025-02-25,CRUDEOILM,2025-08-19,0.0,0.0,0.0,6204.0,6204.0,0,0
2025-02-26,CRUDEOIL,2025-03-19,6063.0,6063.0,5976.0,6000.0,6015.0,8581,5050
2025-02-26,CRUDEOIL,2025-04-21,6029.0,6042.0,5984.0,6004.0,6024.0,244,406
2025-02-26,CRUDEOIL,2025-05-19,6025.0,6025.0,6000.0,6015.0,6036.0,3,3
2025-02-26,CRUDEOIL,2025-06-18,0.0,0.0,0.0,6039.0,6039.0,0,0
2025-02-26,CRUDEOIL,2025-07-21,0.0,0.0,0.0,6048.0,6048.0,0,0
2025-02-26,CRUDEOIL,2025-08-19,0.0,0.0,0.0,6056.0,6056.0,0,0
2025-02-26,CRUDEOILM,2025-03-19,6007.0,6046.0,5981.0,6006.0,6017.0,12269,11724
2025-02-26,CRUDEOILM,2025-04-21,6035.0,6054.0,5990.0,6014.0,6029.0,1005,1938
2025-02-26,CRUDEOILM,2025-05-19,6052.0,6066.0,6013.0,6030.0,6049.0,79,88
2025-02-26,CRUDEOILM,2025-06-18,0.0,0.0,0.0,6050.0,6050.0,0,0
2025-02-26,CRUDEOILM,2025-07-21,0.0,0.0,0.0,6062.0,6062.0,0,0
2025-02-26,CRUDEOILM,2025-08-19,0.0,0.0,0.0,6072.0,6072.0,0,0
2025-02-27,CRUDEOIL,2025-03-19,6020.0,6166.0,5999.0,6135.0,6000.0,16670,3644
2025-02-27,CRUDEOIL,2025-04-21,6017.0,6163.0,6009.0,6129.0,6004.0,464,376
2025-02-27,CRUDEOIL,2025-05-19,6023.0,6126.0,6023.0,6052.0,6015.0,14,8
2025-02-27,CRUDEOIL,2025-06-18,0.0,0.0,0.0,6011.0,6011.0,0,0
2025-02-27,CRUDEOIL,2025-07-21,0.0,0.0,0.0,6015.0,6015.0,0,0
2025-02-27,CRUDEOIL,2025-08-19,0.0,0.0,0.0,6018.0,6018.0,0,0
2025-02-27,CRUDEOILM,2025-03-19,6015.0,6166.0,6000.0,6133.0,6006.0,21501,8921
2025-02-27,CRUDEOILM,2025-04-21,6035.0,6165.0,6008.0,6130.0,6014.0,2042,1863
2025-02-27,CRUDEOILM,2025-05-19,6042.0,6150.0,6026.0,6146.0,6030.0,116,126
2025-02-27,CRUDEOILM,2025-06-18,0.0,0.0,0.0,6028.0,6028.0,0,0
2025-02-27,CRUDEOILM,2025-07-21,0.0,0.0,0.0,6036.0,6036.0,0,0
2025-02-27,CRUDEOILM,2025-08-19,0.0,0.0,0.0,6043.0,6043.0,0,0
2025-02-28,CRUDEOIL,2025-03-19,6127.0,6133.0,6059.0,6118.0,6135.0,9909,3322
2025-02-28,CRUDEOIL,2025-04-21,6133.0,6133.0,6060.0,6120.0,6129.0,223,393
2025-02-28,CRUDEOIL,2025-05-19,6122.0,6123.0,6121.0,6123.0,6052.0,7,12
2025-02-28,CRUDEOIL,2025-06-18,0.0,0.0,0.0,6118.0,6118.0,0,0
2025-02-28,CRUDEOIL,2025-07-21,0.0,0.0,0.0,6112.0,6112.0,0,0
2025-02-28,CRUDEOIL,2025-08-19,0.0,0.0,0.0,6107.0,6107.0,0,0
2025-02-28,CRUDEOILM,2025-03-19,6128.0,6135.0,6061.0,6120.0,6133.0,17802,8532
2025-02-28,CRUDEOILM,2025-04-21,6130.0,6135.0,6060.0,6119.0,6130.0,1515,1921
2025-02-28,CRUDEOILM,2025-05-19,6130.0,6138.0,6079.0,6105.0,6146.0,32,126
2025-02-28,CRUDEOILM,2025-06-18,0.0,0.0,0.0,6124.0,6124.0,0,0
2025-02-28,CRUDEOILM,2025-07-21,0.0,0.0,0.0,6121.0,6121.0,0,0
2025-02-28,CRUDEOILM,2025-08-19,0.0,0.0,0.0,6119.0,6119.0,0,0
2025-03-03,CRUDEOIL,2025-03-19,6133.0,6148.0,5940.0,5989.0,6118.0,18504,5194
2025-03-03,CRUDEOIL,2025-04-21,6130.0,6145.0,5943.0,6002.0,6120.0,765,531
2025-03-03,CRUDEOIL,2025-05-19,6122.0,6122.0,5988.0,6096.0,6123.0,18,20
2025-03-03,CRUDEOIL,2025-06-18,0.0,0.0,0.0,6123.0,6123.0,0,0
2025-03-03,CRUDEOIL,2025-07-21,0.0,0.0,0.0,6125.0,6125.0,0,0
2025-03-03,CRUDEOIL,2025-08-19,0.0,0.0,0.0,6127.0,6127.0,0,0
2025-03-03,CRUDEOILM,2025-03-19,6140.0,6151.0,5900.0,6001.0,6120.0,25829,10585
2025-03-03,CRUDEOILM,2025-04-21,6123.0,6152.0,5900.0,6004.0,6119.0,2834,2119
2025-03-03,CRUDEOILM,2025-05-19,6137.0,6152.0,5921.0,6010.0,6105.0,109,141
2025-03-03,CRUDEOILM,2025-06-18,0.0,0.0,0.0,6117.0,6117.0,0,0
2025-03-03,CRUDEOILM,2025-07-21,0.0,0.0,0.0,6116.0,6116.0,0,0
2025-03-03,CRUDEOILM,2025-08-19,0.0,0.0,0.0,6115.0,6115.0,0,0
2025-03-04,CRUDEOIL,2025-03-19,5976.0,5982.0,5841.0,5960.0,5989.0,21064,6413
2025-03-04,CRUDEOIL,2025-04-21,5964.0,5978.0,5838.0,5945.0,6002.0,1680,954
2025-03-04,CRUDEOIL,2025-05-19,5971.0,5971.0,5837.0,5887.0,6096.0,114,84
2025-03-04,CRUDEOIL,2025-06-18,0.0,0.0,0.0,6024.0,6024.0,0,0
2025-03-04,CRUDEOIL,2025-07-21,0.0,0.0,0.0,6037.0,6037.0,0,0
2025-03-04,CRUDEOIL,2025-08-19,0.0,0.0,0.0,6049.0,6049.0,0,0
2025-03-04,CRUDEOILM,2025-03-19,5951.0,5996.0,5843.0,5960.0,6001.0,24374,10756
2025-03-04,CRUDEOILM,2025-04-21,5974.0,5984.0,5843.0,5949.0,6004.0,4586,3349
2025-03-04,CRUDEOILM,2025-05-19,5980.0,5992.0,5849.0,5928.0,6010.0,582,376
2025-03-04,CRUDEOILM,2025-06-18,0.0,0.0,0.0,6009.0,6009.0,0,0
2025-03-04,CRUDEOILM,2025-07-21,0.0,0.0,0.0,6012.0,6012.0,0,0
2025-03-04,CRUDEOILM,2025-08-19,0.0,0.0,0.0,6014.0,6014.0,0,0
2025-03-05,CRUDEOIL,2025-03-19,5918.0,5946.0,5685.0,5756.0,5960.0,30111,9285
2025-03-05,CRUDEOIL,2025-04-21,5911.0,5934.0,5675.0,5748.0,5945.0,2401,1719
2025-03-05,CRUDEOIL,2025-05-19,5875.0,5911.0,5675.0,5725.0,5887.0,225,214
2025-03-05,CRUDEOIL,2025-06-18,0.0,0.0,0.0,5918.0,5918.0,0,0
2025-03-05,CRUDEOIL,2025-07-21,0.0,0.0,0.0,5903.0,5903.0,0,0
2025-03-05,CRUDEOIL,2025-08-19,0.0,0.0,0.0,5890.0,5890.0,0,0
2025-03-05,CRUDEOILM,2025-03-19,5925.0,5948.0,5688.0,5759.0,5960.0,28751,14093
2025-03-05,CRUDEOILM,2025-04-21,5927.0,5940.0,5681.0,5755.0,5949.0,7705,6045
2025-03-05,CRUDEOILM,2025-05-19,5902.0,5926.0,5687.0,5747.0,5928.0,905,868
2025-03-05,CRUDEOILM,2025-06-18,0.0,0.0,0.0,5929.0,5929.0,0,0
2025-03-05,CRUDEOILM,2025-07-21,0.0,0.0,0.0,5918.0,5918.0,0,0
2025-03-05,CRUDEOILM,2025-08-19,0.0,0.0,0.0,5909.0,5909.0,0,0
2025-03-06,CRUDEOIL,2025-03-19,5817.0,5848.0,5725.0,5784.0,5756.0,26530,6896
2025-03-06,CRUDEOIL,2025-04-21,5800.0,5827.0,5723.0,5780.0,5748.0,1395,1836
2025-03-06,CRUDEOIL,2025-05-19,5783.0,5805.0,5716.0,5732.0,5725.0,63,222
2025-03-06,CRUDEOIL,2025-06-18,0.0,0.0,0.0,5733.0,5733.0,0,0
2025-03-06,CRUDEOIL,2025-07-21,0.0,0.0,0.0,5725.0,5725.0,0,0
2025-03-06,CRUDEOIL,2025-08-19,0.0,0.0,0.0,5718.0,5718.0,0,0
2025-03-06,CRUDEOILM,2025-03-19,5775.0,5849.0,5729.0,5783.0,5759.0,27922,12874
2025-03-06,CRUDEOILM,2025-04-21,5795.0,5832.0,5728.0,5786.0,5755.0,4572,6113
2025-03-06,CRUDEOILM,2025-05-19,5783.0,5820.0,5728.0,5777.0,5747.0,495,949
2025-03-06,CRUDEOILM,2025-06-18,0.0,0.0,0.0,5747.0,5747.0,0,0
2025-03-06,CRUDEOILM,2025-07-21,0.0,0.0,0.0,5743.0,5743.0,0,0
2025-03-06,CRUDEOILM,2025-08-19,0.0,0.0,0.0,5740.0,5740.0,0,0
2025-03-07,CRUDEOIL,2025-03-19,5798.0,5946.0,5784.0,5858.0,5784.0,27206,5486
2025-03-07,CRUDEOIL,2025-04-21,5793.0,5937.0,5782.0,5854.0,5780.0,2020,1597
2025-03-07,CRUDEOIL,2025-05-19,5776.0,5910.0,5776.0,5834.0,5732.0,91,225
2025-03-07,CRUDEOIL,2025-06-18,0.0,0.0,0.0,5772.0,5772.0,0,0
2025-03-07,CRUDEOIL,2025-07-21,0.0,0.0,0.0,5768.0,5768.0,0,0
2025-03-07,CRUDEOIL,2025-08-19,0.0,0.0,0.0,5765.0,5765.0,0,0
2025-03-07,CRUDEOILM,2025-03-19,5795.0,5946.0,5775.0,5858.0,5783.0,29700,10456
2025-03-07,CRUDEOILM,2025-04-21,5771.0,5940.0,5771.0,5857.0,5786.0,6215,4938
2025-03-07,CRUDEOILM,2025-05-19,5785.0,5912.0,5782.0,5852.0,5777.0,548,824
2025-03-07,CRUDEOILM,2025-06-18,5998.0,5998.0,5808.0,5903.0,5791.0,2,0
2025-03-07,CRUDEOILM,2025-07-21,0.0,0.0,0.0,5794.0,5794.0,0,0
2025-03-07,CRUDEOILM,2025-08-19,0.0,0.0,0.0,5796.0,5796.0,0,0
2025-03-10,CRUDEOIL,2025-03-19,5822.0,5909.0,5771.0,5778.0,5858.0,16745,6078
2025-03-10,CRUDEOIL,2025-04-21,5835.0,5905.0,5768.0,5776.0,5854.0,1505,2115
2025-03-10,CRUDEOIL,2025-05-19,5806.0,5890.0,5775.0,5791.0,5834.0,63,244
2025-03-10,CRUDEOIL,2025-06-18,0.0,0.0,0.0,5846.0,5846.0,0,0
2025-03-10,CRUDEOIL,2025-07-21,0.0,0.0,0.0,5842.0,5842.0,0,0
2025-03-10,CRUDEOIL,2025-08-19,0.0,0.0,0.0,5839.0,5839.0,0,0
2025-03-10,CRUDEOILM,2025-03-19,5830.0,5910.0,5775.0,5782.0,5858.0,20402,11147
2025-03-10,CRUDEOILM,2025-04-21,5857.0,5908.0,5775.0,5783.0,5857.0,4407,5959
2025-03-10,CRUDEOILM,2025-05-19,5845.0,5900.0,5760.0,5790.0,5852.0,469,924
2025-03-10,CRUDEOILM,2025-06-18,0.0,0.0,0.0,5903.0,5903.0,0,0
2025-03-10,CRUDEOILM,2025-07-21,0.0,0.0,0.0,5854.0,5854.0,0,0
2025-03-10,CRUDEOILM,2025-08-19,0.0,0.0,0.0,5853.0,5853.0,0,0
2025-03-11,CRUDEOIL,2025-03-19,5776.0,5861.0,5761.0,5790.0,5778.0,11692,5480
2025-03-11,CRUDEOIL,2025-04-21,5776.0,5856.0,5761.0,5789.0,5776.0,1831,2287
2025-03-11,CRUDEOIL,2025-05-19,5771.0,5832.0,5755.0,5808.0,5791.0,111,288
2025-03-11,CRUDEOIL,2025-06-18,0.0,0.0,0.0,5772.0,5772.0,0,0
2025-03-11,CRUDEOIL,2025-07-21,0.0,0.0,0.0,5770.0,5770.0,0,0
2025-03-11,CRUDEOIL,2025-08-19,0.0,0.0,0.0,5768.0,5768.0,0,0
2025-03-11,CRUDEOILM,2025-03-19,5771.0,5861.0,5759.0,5792.0,5782.0,17477,10291
2025-03-11,CRUDEOILM,2025-04-21,5758.0,5861.0,5758.0,5794.0,5783.0,4487,6046
2025-03-11,CRUDEOILM,2025-05-19,5792.0,5847.0,5770.0,5785.0,5790.0,260,1020
2025-03-11,CRUDEOILM,2025-06-18,0.0,0.0,0.0,5784.0,5784.0,0,0
2025-03-11,CRUDEOILM,2025-07-21,0.0,0.0,0.0,5785.0,5785.0,0,0
2025-03-11,CRUDEOILM,2025-08-19,0.0,0.0,0.0,5786.0,5786.0,0,0
2025-03-12,CRUDEOIL,2025-03-19,5828.0,5918.0,5784.0,5907.0,5790.0,21269,6621
2025-03-12,CRUDEOIL,2025-04-21,5818.0,5917.0,5778.0,5906.0,5789.0,4138,3288
2025-03-12,CRUDEOIL,2025-05-19,5808.0,5888.0,5775.0,5877.0,5808.0,35,286
2025-03-12,CRUDEOIL,2025-06-18,0.0,0.0,0.0,5787.0,5787.0,0,0
2025-03-12,CRUDEOIL,2025-07-21,0.0,0.0,0.0,5786.0,5786.0,0,0
2025-03-12,CRUDEOIL,2025-08-19,0.0,0.0,0.0,5785.0,5785.0,0,0
2025-03-12,CRUDEOILM,2025-03-19,5805.0,5917.0,5785.0,5906.0,5792.0,18297,8756
2025-03-12,CRUDEOILM,2025-04-21,5824.0,5920.0,5786.0,5907.0,5794.0,6550,5135
2025-03-12,CRUDEOILM,2025-05-19,5830.0,5891.0,5781.0,5877.0,5785.0,431,996
2025-03-12,CRUDEOILM,2025-06-18,0.0,0.0,0.0,5797.0,5797.0,0,0
2025-03-12,CRUDEOILM,2025-07-21,0.0,0.0,0.0,5799.0,5799.0,0,0
2025-03-12,CRUDEOILM,2025-08-19,0.0,0.0,0.0,5801.0,5801.0,0,0
2025-03-13,CRUDEOIL,2025-03-19,5898.0,5917.0,5780.0,5794.0,5907.0,16914,6500
2025-03-13,CRUDEOIL,2025-04-21,5899.0,5920.0,5784.0,5790.0,5906.0,4008,4483
2025-03-13,CRUDEOIL,2025-05-19,5879.0,5892.0,5777.0,5785.0,5877.0,122,328
2025-03-13,CRUDEOIL,2025-06-18,0.0,0.0,0.0,5904.0,5904.0,0,0
2025-03-13,CRUDEOIL,2025-07-21,0.0,0.0,0.0,5903.0,5903.0,0,0
2025-03-13,CRUDEOIL,2025-08-19,0.0,0.0,0.0,5902.0,5902.0,0,0
2025-03-13,CRUDEOILM,2025-03-19,5891.0,5918.0,5782.0,5794.0,5906.0,16921,8011
2025-03-13,CRUDEOILM,2025-04-21,5904.0,5926.0,5790.0,5797.0,5907.0,8613,7510
2025-03-13,CRUDEOILM,2025-05-19,5884.0,5907.0,5789.0,5797.0,5877.0,747,1150
2025-03-13,CRUDEOILM,2025-06-18,0.0,0.0,0.0,5908.0,5908.0,0,0
2025-03-13,CRUDEOILM,2025-07-21,0.0,0.0,0.0,5909.0,5909.0,0,0
2025-03-13,CRUDEOILM,2025-08-19,0.0,0.0,0.0,5910.0,5910.0,0,0
2025-03-14,CRUDEOIL,2025-03-19,5842.0,5858.0,5798.0,5840.0,5794.0,6319,5700
2025-03-14,CRUDEOIL,2025-04-21,5813.0,5857.0,5798.0,5841.0,5790.0,1887,4316
2025-03-14,CRUDEOIL,2025-05-19,5808.0,5843.0,5800.0,5830.0,5785.0,19,334
2025-03-14,CRUDEOIL,2025-06-18,0.0,0.0,0.0,5782.0,5782.0,0,0
2025-03-14,CRUDEOIL,2025-07-21,0.0,0.0,0.0,5778.0,5778.0,0,0
2025-03-14,CRUDEOIL,2025-08-19,0.0,0.0,0.0,5775.0,5775.0,0,0
2025-03-14,CRUDEOILM,2025-03-19,5805.0,5855.0,5739.0,5840.0,5794.0,8126,7039
2025-03-14,CRUDEOILM,2025-04-21,5838.0,5868.0,5805.0,5845.0,5797.0,3595,7614
2025-03-14,CRUDEOILM,2025-05-19,5779.0,5850.0,5778.0,5835.0,5797.0,176,1140
2025-03-14,CRUDEOILM,2025-06-18,0.0,0.0,0.0,5802.0,5802.0,0,0
2025-03-14,CRUDEOILM,2025-07-21,0.0,0.0,0.0,5805.0,5805.0,0,0
2025-03-14,CRUDEOILM,2025-08-19,0.0,0.0,0.0,5807.0,5807.0,0,0
2025-03-17,CRUDEOIL,2025-03-19,5882.0,5921.0,5838.0,5865.0,5840.0,16885,6109
2025-03-17,CRUDEOIL,2025-04-21,5878.0,5917.0,5841.0,5875.0,5841.0,6549,4434
2025-03-17,CRUDEOIL,2025-05-19,5858.0,5900.0,5845.0,5866.0,5830.0,178,402
2025-03-17,CRUDEOIL,2025-06-18,0.0,0.0,0.0,5842.0,5842.0,0,0
2025-03-17,CRUDEOIL,2025-07-21,0.0,0.0,0.0,5843.0,5843.0,0,0
2025-03-17,CRUDEOIL,2025-08-19,0.0,0.0,0.0,5844.0,5844.0,0,0
2025-03-17,CRUDEOILM,2025-03-19,5870.0,5918.0,5838.0,5866.0,5840.0,10960,4965
2025-03-17,CRUDEOILM,2025-04-21,5874.0,5925.0,5848.0,5880.0,5845.0,9468,8379
2025-03-17,CRUDEOILM,2025-05-19,5860.0,5905.0,5847.0,5877.0,5835.0,495,1173
2025-03-17,CRUDEOILM,2025-06-18,0.0,0.0,0.0,5853.0,5853.0,0,0
2025-03-17,CRUDEOILM,2025-07-21,0.0,0.0,0.0,5858.0,5858.0,0,0
2025-03-17,CRUDEOILM,2025-08-19,0.0,0.0,0.0,5863.0,5863.0,0,0
2025-03-18,CRUDEOIL,2025-03-19,5876.0,5945.0,5772.0,5796.0,5865.0,5766,5059
2025-03-18,CRUDEOIL,2025-04-21,5876.0,5948.0,5788.0,5808.0,5875.0,13416,5046
2025-03-18,CRUDEOIL,2025-05-19,5884.0,5948.0,5803.0,5816.0,5866.0,510,490
2025-03-18,CRUDEOIL,2025-06-18,0.0,0.0,0.0,5892.0,5892.0,0,0
2025-03-18,CRUDEOIL,2025-07-21,0.0,0.0,0.0,5902.0,5902.0,0,0
2025-03-18,CRUDEOIL,2025-08-19,0.0,0.0,0.0,5911.0,5911.0,0,0
2025-03-18,CRUDEOILM,2025-03-19,5865.0,5945.0,5774.0,5798.0,5866.0,8067,3967
2025-03-18,CRUDEOILM,2025-04-21,5888.0,5951.0,5795.0,5811.0,5880.0,20954,11319
2025-03-18,CRUDEOILM,2025-05-19,5887.0,5950.0,5811.0,5828.0,5877.0,1350,1379
2025-03-18,CRUDEOILM,2025-06-18,0.0,0.0,0.0,5904.0,5904.0,0,0
2025-03-18,CRUDEOILM,2025-07-21,0.0,0.0,0.0,5918.0,5918.0,0,0
2025-03-18,CRUDEOILM,2025-08-19,0.0,0.0,0.0,5930.0,5930.0,0,0
2025-03-19,CRUDEOIL,2025-03-19,5788.0,5843.0,5717.0,5821.0,5796.0,3254,4878
2025-03-19,CRUDEOIL,2025-04-21,5790.0,5846.0,5744.0,5822.0,5808.0,13273,5656
2025-03-19,CRUDEOIL,2025-05-19,5809.0,5843.0,5760.0,5818.0,5816.0,487,636
2025-03-19,CRUDEOIL,2025-06-18,0.0,0.0,0.0,5829.0,5829.0,0,0
2025-03-19,CRUDEOIL,2025-07-21,0.0,0.0,0.0,5841.0,5841.0,0,0
2025-03-19,CRUDEOIL,2025-08-19,0.0,0.0,0.0,5851.0,5851.0,0,0
2025-03-19,CRUDEOILM,2025-03-19,5784.0,5842.0,5714.0,5803.0,5798.0,6688,1966
2025-03-19,CRUDEOILM,2025-04-21,5810.0,5848.0,5749.0,5823.0,5811.0,20073,12652
2025-03-19,CRUDEOILM,2025-05-19,5812.0,5851.0,5764.0,5829.0,5828.0,1287,1676
2025-03-19,CRUDEOILM,2025-06-18,5808.0,5865.0,5808.0,5859.0,5833.0,44,44
2025-03-19,CRUDEOILM,2025-07-21,6070.0,6070.0,6070.0,6070.0,5846.0,1,1
2025-03-19,CRUDEOILM,2025-08-19,0.0,0.0,0.0,5858.0,5858.0,0,0
2025-03-20,CRUDEOIL,2025-04-21,5844.0,5909.0,5781.0,5897.0,5822.0,15964,5270
2025-03-20,CRUDEOIL,2025-05-19,5841.0,5906.0,5790.0,5891.0,5818.0,614,639
2025-03-20,CRUDEOIL,2025-06-18,5842.0,5899.0,5842.0,5875.0,5813.0,8,7
2025-03-20,CRUDEOIL,2025-07-21,0.0,0.0,0.0,5809.0,5809.0,0,0
2025-03-20,CRUDEOIL,2025-08-19,0.0,0.0,0.0,5804.0,5804.0,0,0
2025-03-20,CRUDEOIL,2025-09-19,0.0,0.0,0.0,5705.0,5705.0,0,0
2025-03-20,CRUDEOILM,2025-04-21,5840.0,5909.0,5785.0,5896.0,5823.0,24260,10529
2025-03-20,CRUDEOILM,2025-05-19,5844.0,5908.0,5794.0,5896.0,5829.0,1919,1581
2025-03-20,CRUDEOILM,2025-06-18,5874.0,5932.0,5836.0,5894.0,5859.0,101,35
2025-03-20,CRUDEOILM,2025-07-21,0.0,0.0,0.0,6070.0,6070.0,0,1
2025-03-20,CRUDEOILM,2025-08-19,0.0,0.0,0.0,5848.0,5848.0,0,0
2025-03-20,CRUDEOILM,2025-09-19,0.0,0.0,0.0,5705.0,5705.0,0,0
2025-03-21,CRUDEOIL,2025-04-21,5915.0,5929.0,5849.0,5900.0,5897.0,12462,5179
2025-03-21,CRUDEOIL,2025-05-19,5916.0,5920.0,5842.0,5889.0,5891.0,406,650
2025-03-21,CRUDEOIL,2025-06-18,5916.0,5916.0,5870.0,5889.0,5875.0,4,11
2025-03-21,CRUDEOIL,2025-07-21,0.0,0.0,0.0,5877.0,5877.0,0,0
2025-03-21,CRUDEOIL,2025-08-19,0.0,0.0,0.0,5871.0,5871.0,0,0
2025-03-21,CRUDEOIL,2025-09-19,0.0,0.0,0.0,5864.0,5864.0,0,0
2025-03-21,CRUDEOILM,2025-04-21,5905.0,5928.0,5851.0,5900.0,5896.0,19541,10355
2025-03-21,CRUDEOILM,2025-05-19,5919.0,5921.0,5848.0,5894.0,5896.0,1220,1640
2025-03-21,CRUDEOILM,2025-06-18,5924.0,5937.0,5870.0,5897.0,5894.0,15,40
2025-03-21,CRUDEOILM,2025-07-21,0.0,0.0,0.0,5896.0,5896.0,0,1
2025-03-21,CRUDEOILM,2025-08-19,0.0,0.0,0.0,5896.0,5896.0,0,0
2025-03-21,CRUDEOILM,2025-09-19,0.0,0.0,0.0,5896.0,5896.0,0,0
2025-03-24,CRUDEOIL,2025-04-21,5872.0,5960.0,5852.0,5931.0,5900.0,15272,5633
2025-03-24,CRUDEOIL,2025-05-19,5863.0,5944.0,5846.0,5917.0,5889.0,529,609
2025-03-24,CRUDEOIL,2025-06-18,5875.0,5913.0,5863.0,5898.0,5889.0,22,21
2025-03-24,CRUDEOIL,2025-07-21,0.0,0.0,0.0,5864.0,5864.0,0,0
2025-03-24,CRUDEOIL,2025-08-19,0.0,0.0,0.0,5852.0,5852.0,0,0
2025-03-24,CRUDEOIL,2025-09-19,0.0,0.0,0.0,5840.0,5840.0,0,0
2025-03-24,CRUDEOILM,2025-04-21,5860.0,5960.0,5856.0,5931.0,5900.0,21164,10222
2025-03-24,CRUDEOILM,2025-05-19,5871.0,5947.0,5848.0,5921.0,5894.0,2124,1678
2025-03-24,CRUDEOILM,2025-06-18,5872.0,5956.0,5872.0,5933.0,5897.0,19,51
2025-03-24,CRUDEOILM,2025-07-21,0.0,0.0,0.0,5880.0,5880.0,0,1
2025-03-24,CRUDEOILM,2025-08-19,0.0,0.0,0.0,5874.0,5874.0,0,0
2025-03-24,CRUDEOILM,2025-09-19,0.0,0.0,0.0,5867.0,5867.0,0,0
2025-03-25,CRUDEOIL,2025-04-21,5935.0,5997.0,5896.0,5919.0,5931.0,12611,5378
2025-03-25,CRUDEOIL,2025-05-19,5924.0,5979.0,5883.0,5909.0,5917.0,587,618
2025-03-25,CRUDEOIL,2025-06-18,5944.0,5966.0,5920.0,5952.0,5898.0,13,21
2025-03-25,CRUDEOIL,2025-07-21,0.0,0.0,0.0,5885.0,5885.0,0,0
2025-03-25,CRUDEOIL,2025-08-19,0.0,0.0,0.0,5871.0,5871.0,0,0
2025-03-25,CRUDEOIL,2025-09-19,0.0,0.0,0.0,5855.0,5855.0,0,0
2025-03-25,CRUDEOILM,2025-04-21,5947.0,5997.0,5900.0,5923.0,5931.0,18078,9784
2025-03-25,CRUDEOILM,2025-05-19,5927.0,5981.0,5887.0,5910.0,5921.0,2245,2012
2025-03-25,CRUDEOILM,2025-06-18,5936.0,6006.0,5900.0,5917.0,5933.0,118,107
2025-03-25,CRUDEOILM,2025-07-21,0.0,0.0,0.0,5898.0,5898.0,0,1
2025-03-25,CRUDEOILM,2025-08-19,0.0,0.0,0.0,5888.0,5888.0,0,0
2025-03-25,CRUDEOILM,2025-09-19,0.0,0.0,0.0,5877.0,5877.0,0,0
2025-03-26,CRUDEOIL,2025-04-21,5956.0,6035.0,5948.0,5991.0,5919.0,13340,5835
2025-03-26,CRUDEOIL,2025-05-19,5941.0,6011.0,5935.0,5975.0,5909.0,591,604
2025-03-26,CRUDEOIL,2025-06-18,5950.0,6005.0,5932.0,5977.0,5952.0,12,23
2025-03-26,CRUDEOIL,2025-07-21,0.0,0.0,0.0,5886.0,5886.0,0,0
2025-03-26,CRUDEOIL,2025-08-19,0.0,0.0,0.0,5876.0,5876.0,0,0
2025-03-26,CRUDEOIL,2025-09-19,0.0,0.0,0.0,5865.0,5865.0,0,0
2025-03-26,CRUDEOILM,2025-04-21,5950.0,6033.0,5934.0,5991.0,5923.0,18956,8521
2025-03-26,CRUDEOILM,2025-05-19,5937.0,6014.0,5937.0,5977.0,5910.0,2348,1846
2025-03-26,CRUDEOILM,2025-06-18,5946.0,6030.0,5946.0,6015.0,5917.0,112,123
2025-03-26,CRUDEOILM,2025-07-21,0.0,0.0,0.0,5880.0,5880.0,0,1
2025-03-26,CRUDEOILM,2025-08-19,0.0,0.0,0.0,5867.0,5867.0,0,0
2025-03-26,CRUDEOILM,2025-09-19,0.0,0.0,0.0,5852.0,5852.0,0,0
2025-03-27,CRUDEOIL,2025-04-21,6007.0,6012.0,5941.0,5995.0,5991.0,10488,5556
2025-03-27,CRUDEOIL,2025-05-19,5991.0,5996.0,5933.0,5982.0,5975.0,596,568
2025-03-27,CRUDEOIL,2025-06-18,5977.0,5997.0,5949.0,5981.0,5977.0,18,31
2025-03-27,CRUDEOIL,2025-07-21,0.0,0.0,0.0,5939.0,5939.0,0,0
2025-03-27,CRUDEOIL,2025-08-19,0.0,0.0,0.0,5922.0,5922.0,0,0
2025-03-27,CRUDEOIL,2025-09-19,0.0,0.0,0.0,5904.0,5904.0,0,0
2025-03-27,CRUDEOILM,2025-04-21,6002.0,6014.0,5944.0,5995.0,5991.0,16867,8363
2025-03-27,CRUDEOILM,2025-05-19,5989.0,5999.0,5935.0,5985.0,5977.0,1507,1909
2025-03-27,CRUDEOILM,2025-06-18,6000.0,6013.0,5950.0,5992.0,6015.0,192,179
2025-03-27,CRUDEOILM,2025-07-21,0.0,0.0,0.0,5945.0,5945.0,0,1
2025-03-27,CRUDEOILM,2025-08-19,0.0,0.0,0.0,5931.0,5931.0,0,0
2025-03-27,CRUDEOILM,2025-09-19,0.0,0.0,0.0,5915.0,5915.0,0,0
2025-03-28,CRUDEOIL,2025-04-21,6004.0,6007.0,5913.0,5946.0,5995.0,12781,5271
2025-03-28,CRUDEOIL,2025-05-19,5990.0,5992.0,5900.0,5930.0,5982.0,731,651
2025-03-28,CRUDEOIL,2025-06-18,5981.0,5981.0,5908.0,5923.0,5981.0,39,49
2025-03-28,CRUDEOIL,2025-07-21,0.0,0.0,0.0,5952.0,5952.0,0,0
2025-03-28,CRUDEOIL,2025-08-19,0.0,0.0,0.0,5939.0,5939.0,0,0
2025-03-28,CRUDEOIL,2025-09-19,0.0,0.0,0.0,5924.0,5924.0,0,0
2025-03-28,CRUDEOILM,2025-04-21,6000.0,6008.0,5917.0,5948.0,5995.0,16309,8627
2025-03-28,CRUDEOILM,2025-05-19,5995.0,5996.0,5900.0,5933.0,5985.0,2494,2408
2025-03-28,CRUDEOILM,2025-06-18,6011.0,6011.0,5933.0,5944.0,5992.0,87,200
2025-03-28,CRUDEOILM,2025-07-21,0.0,0.0,0.0,5962.0,5962.0,0,1
2025-03-28,CRUDEOILM,2025-08-19,0.0,0.0,0.0,5952.0,5952.0,0,0
2025-03-28,CRUDEOILM,2025-09-19,0.0,0.0,0.0,5941.0,5941.0,0,0
2025-03-31,CRUDEOIL,2025-04-21,5934.0,6150.0,5934.0,6124.0,5946.0,14435,7520
2025-03-31,CRUDEOIL,2025-05-19,5935.0,6127.0,5930.0,6096.0,5930.0,840,602
2025-03-31,CRUDEOIL,2025-06-18,5938.0,6098.0,5913.0,6074.0,5923.0,58,69
2025-03-31,CRUDEOIL,2025-07-21,0.0,0.0,0.0,5894.0,5894.0,0,0
2025-03-31,CRUDEOIL,2025-08-19,0.0,0.0,0.0,5877.0,5877.0,0,0
2025-03-31,CRUDEOIL,2025-09-19,0.0,0.0,0.0,5859.0,5859.0,0,0
2025-03-31,CRUDEOILM,2025-04-21,5915.0,6148.0,5900.0,6125.0,5948.0,14764,6113
2025-03-31,CRUDEOILM,2025-05-19,5944.0,6122.0,5934.0,6099.0,5933.0,2808,1738
2025-03-31,CRUDEOILM,2025-06-18,5960.0,6100.0,5928.0,6090.0,5944.0,377,251
2025-03-31,CRUDEOILM,2025-07-21,0.0,0.0,0.0,5899.0,5899.0,0,1
2025-03-31,CRUDEOILM,2025-08-19,0.0,0.0,0.0,5883.0,5883.0,0,0
2025-03-31,CRUDEOILM,2025-09-19,0.0,0.0,0.0,5867.0,5867.0,0,0
2025-04-01,CRUDEOIL,2025-04-21,6130.0,6182.0,6097.0,6118.0,6124.0,13268,6802
2025-04-01,CRUDEOIL,2025-05-19,6107.0,6147.0,6077.0,6098.0,6096.0,461,597
2025-04-01,CRUDEOIL,2025-06-18,6094.0,6116.0,6060.0,6091.0,6074.0,43,68
2025-04-01,CRUDEOIL,2025-07-21,0.0,0.0,0.0,6033.0,6033.0,0,0
2025-04-01,CRUDEOIL,2025-08-19,0.0,0.0,0.0,6004.0,6004.0,0,0
2025-04-01,CRUDEOIL,2025-09-19,0.0,0.0,0.0,5973.0,5973.0,0,0
2025-04-01,CRUDEOILM,2025-04-21,6102.0,6182.0,6098.0,6118.0,6125.0,16612,5273
2025-04-01,CRUDEOILM,2025-05-19,6100.0,6149.0,6078.0,6098.0,6099.0,1817,1761
2025-04-01,CRUDEOILM,2025-06-18,6090.0,6135.0,6075.0,6099.0,6090.0,257,301
2025-04-01,CRUDEOILM,2025-07-21,0.0,0.0,0.0,6040.0,6040.0,0,1
2025-04-01,CRUDEOILM,2025-08-19,0.0,0.0,0.0,6013.0,6013.0,0,0
2025-04-01,CRUDEOILM,2025-09-19,0.0,0.0,0.0,5984.0,5984.0,0,0
2025-04-02,CRUDEOIL,2025-04-21,6116.0,6155.0,6051.0,6147.0,6118.0,18124,7117
2025-04-02,CRUDEOIL,2025-05-19,6096.0,6136.0,6037.0,6124.0,6098.0,709,654
2025-04-02,CRUDEOIL,2025-06-18,6089.0,6107.0,6022.0,6096.0,6091.0,59,85
2025-04-02,CRUDEOIL,2025-07-21,0.0,0.0,0.0,6053.0,6053.0,0,0
2025-04-02,CRUDEOIL,2025-08-19,0.0,0.0,0.0,6032.0,6032.0,0,0
2025-04-02,CRUDEOIL,2025-09-19,0.0,0.0,0.0,6010.0,6010.0,0,0
2025-04-02,CRUDEOILM,2025-04-21,6119.0,6156.0,6053.0,6146.0,6118.0,17150,5336
2025-04-02,CRUDEOILM,2025-05-19,6095.0,6126.0,6036.0,6121.0,6098.0,2176,1761
2025-04-02,CRUDEOILM,2025-06-18,6102.0,6120.0,6049.0,6107.0,6099.0,170,321
2025-04-02,CRUDEOILM,2025-07-21,0.0,0.0,0.0,6053.0,6053.0,0,1
2025-04-02,CRUDEOILM,2025-08-19,0.0,0.0,0.0,6032.0,6032.0,0,0
2025-04-02,CRUDEOILM,2025-09-19,0.0,0.0,0.0,6010.0,6010.0,0,0
2025-04-03,CRUDEOIL,2025-04-21,6100.0,6100.0,5645.0,5735.0,6147.0,47139,11333
2025-04-03,CRUDEOIL,2025-05-19,6011.0,6011.0,5640.0,5719.0,6124.0,3461,2100
2025-04-03,CRUDEOIL,2025-06-18,6000.0,6000.0,5628.0,5701.0,6096.0,435,349
2025-04-03,CRUDEOIL,2025-07-21,0.0,0.0,0.0,6072.0,6072.0,0,0
2025-04-03,CRUDEOIL,2025-08-19,0.0,0.0,0.0,6048.0,6048.0,0,0
2025-04-03,CRUDEOIL,2025-09-19,0.0,0.0,0.0,6022.0,6022.0,0,0
2025-04-03,CRUDEOILM,2025-04-21,6086.0,6086.0,5651.0,5740.0,6146.0,35660,11179
2025-04-03,CRUDEOILM,2025-05-19,6044.0,6044.0,5645.0,5726.0,6121.0,10572,5959
2025-04-03,CRUDEOILM,2025-06-18,6027.0,6027.0,5656.0,5721.0,6107.0,1586,1276
2025-04-03,CRUDEOILM,2025-07-21,5998.0,5998.0,5822.0,5881.0,6064.0,3,4
2025-04-03,CRUDEOILM,2025-08-19,0.0,0.0,0.0,6038.0,6038.0,0,0
2025-04-03,CRUDEOILM,2025-09-19,0.0,0.0,0.0,6011.0,6011.0,0,0
2025-04-04,CRUDEOIL,2025-04-21,5672.0,5681.0,5219.0,5311.0,5735.0,70290,18179
2025-04-04,CRUDEOIL,2025-05-19,5667.0,5667.0,5205.0,5320.0,5719.0,6427,3296
2025-04-04,CRUDEOIL,2025-06-18,5650.0,5650.0,5211.0,5322.0,5701.0,657,609
2025-04-04,CRUDEOIL,2025-07-21,0.0,0.0,0.0,5683.0,5683.0,0,0
2025-04-04,CRUDEOIL,2025-08-19,0.0,0.0,0.0,5666.0,5666.0,0,0
2025-04-04,CRUDEOIL,2025-09-19,0.0,0.0,0.0,5648.0,5648.0,0,0
2025-04-04,CRUDEOILM,2025-04-21,5671.0,5684.0,5224.0,5315.0,5740.0,57338,14089
2025-04-04,CRUDEOILM,2025-05-19,5652.0,5673.0,5211.0,5322.0,5726.0,18245,9624
2025-04-04,CRUDEOILM,2025-06-18,5681.0,5681.0,5225.0,5344.0,5721.0,2116,2213
2025-04-04,CRUDEOILM,2025-07-21,5670.0,5670.0,5646.0,5664.0,5881.0,4,8
2025-04-04,CRUDEOILM,2025-08-19,0.0,0.0,0.0,5680.0,5680.0,0,0
2025-04-04,CRUDEOILM,2025-09-19,0.0,0.0,0.0,5664.0,5664.0,0,0
2025-04-07,CRUDEOIL,2025-04-21,5204.0,5486.0,5072.0,5293.0,5311.0,80286,17614
2025-04-07,CRUDEOIL,2025-05-19,5184.0,5482.0,5082.0,5298.0,5320.0,6992,3659
2025-04-07,CRUDEOIL,2025-06-18,5230.0,5437.0,5104.0,5286.0,5322.0,714,774
2025-04-07,CRUDEOIL,2025-07-21,0.0,0.0,0.0,5340.0,5340.0,0,0
2025-04-07,CRUDEOIL,2025-08-19,0.0,0.0,0.0,5349.0,5349.0,0,0
2025-04-07,CRUDEOIL,2025-09-19,0.0,0.0,0.0,5359.0,5359.0,0,0
2025-04-07,CRUDEOILM,2025-04-21,5201.0,5486.0,5072.0,5297.0,5315.0,58093,12907
2025-04-07,CRUDEOILM,2025-05-19,5250.0,5485.0,5089.0,5300.0,5322.0,16503,9882
2025-04-07,CRUDEOILM,2025-06-18,5225.0,5464.0,5107.0,5301.0,5344.0,1962,2542
2025-04-07,CRUDEOILM,2025-07-21,5438.0,5438.0,5438.0,5438.0,5664.0,2,10
2025-04-07,CRUDEOILM,2025-08-19,0.0,0.0,0.0,5345.0,5345.0,0,0
2025-04-07,CRUDEOILM,2025-09-19,0.0,0.0,0.0,5352.0,5352.0,0,0
2025-04-08,CRUDEOIL,2025-04-21,5287.0,5332.0,5144.0,5197.0,5293.0,38886,17741
2025-04-08,CRUDEOIL,2025-05-19,5289.0,5326.0,5136.0,5183.0,5298.0,4647,5186
2025-04-08,CRUDEOIL,2025-06-18,5290.0,5319.0,5130.0,5173.0,5286.0,352,871
2025-04-08,CRUDEOIL,2025-07-21,0.0,0.0,0.0,5309.0,5309.0,0,0
2025-04-08,CRUDEOIL,2025-08-19,0.0,0.0,0.0,5314.0,5314.0,0,0
2025-04-08,CRUDEOIL,2025-09-19,0.0,0.0,0.0,5319.0,5319.0,0,0
2025-04-08,CRUDEOILM,2025-04-21,5297.0,5334.0,5148.0,5201.0,5297.0,35357,13564
2025-04-08,CRUDEOILM,2025-05-19,5311.0,5331.0,5143.0,5188.0,5300.0,8390,11254
2025-04-08,CRUDEOILM,2025-06-18,5302.0,5339.0,5147.0,5198.0,5301.0,1062,2867
2025-04-08,CRUDEOILM,2025-07-21,5575.0,5575.0,5221.0,5283.0,5438.0,6,11
2025-04-08,CRUDEOILM,2025-08-19,0.0,0.0,0.0,5309.0,5309.0,0,0
2025-04-08,CRUDEOILM,2025-09-19,0.0,0.0,0.0,5313.0,5313.0,0,0
2025-04-09,CRUDEOIL,2025-04-21,5005.0,5395.0,4798.0,5265.0,5197.0,121056,13070
2025-04-09,CRUDEOIL,2025-05-19,4976.0,5368.0,4792.0,5265.0,5183.0,17379,6797
2025-04-09,CRUDEOIL,2025-06-18,5100.0,5325.0,4801.0,5253.0,5173.0,1475,1237
2025-04-09,CRUDEOIL,2025-07-21,0.0,0.0,0.0,5151.0,5151.0,0,0
2025-04-09,CRUDEOIL,2025-08-19,0.0,0.0,0.0,5137.0,5137.0,0,0
2025-04-09,CRUDEOIL,2025-09-19,0.0,0.0,0.0,5121.0,5121.0,0,0
2025-04-09,CRUDEOILM,2025-04-21,5136.0,5378.0,4801.0,5272.0,5201.0,75725,11827
2025-04-09,CRUDEOILM,2025-05-19,5120.0,5356.0,4796.0,5270.0,5188.0,28761,11659
2025-04-09,CRUDEOILM,2025-06-18,5024.0,5329.0,4800.0,5248.0,5198.0,4677,3514
2025-04-09,CRUDEOILM,2025-07-21,5139.0,5699.0,4967.0,5291.0,5283.0,20,25
2025-04-09,CRUDEOILM,2025-08-19,0.0,0.0,0.0,5145.0,5145.0,0,0
2025-04-09,CRUDEOILM,2025-09-19,0.0,0.0,0.0,5130.0,5130.0,0,0
2025-04-10,CRUDEOIL,2025-04-21,5265.0,5286.0,5083.0,5169.0,5265.0,33296,13060
2025-04-10,CRUDEOIL,2025-05-19,5322.0,5322.0,5071.0,5159.0,5265.0,3237,7085
2025-04-10,CRUDEOIL,2025-06-18,5201.0,5207.0,5051.0,5134.0,5253.0,254,1234
2025-04-10,CRUDEOIL,2025-07-21,0.0,0.0,0.0,5265.0,5265.0,0,0
2025-04-10,CRUDEOIL,2025-08-19,0.0,0.0,0.0,5265.0,5265.0,0,0
2025-04-10,CRUDEOIL,2025-09-19,0.0,0.0,0.0,5265.0,5265.0,0,0
2025-04-10,CRUDEOILM,2025-04-21,5267.0,5271.0,5086.0,5172.0,5272.0,26495,11766
2025-04-10,CRUDEOILM,2025-05-19,5300.0,5300.0,5075.0,5167.0,5270.0,7357,12595
2025-04-10,CRUDEOILM,2025-06-18,5208.0,5250.0,5063.0,5150.0,5248.0,1206,3576
2025-04-10,CRUDEOILM,2025-07-21,5295.0,5295.0,5095.0,5196.0,5291.0,29,31
2025-04-10,CRUDEOILM,2025-08-19,5469.0,5469.0,4948.0,5136.0,5263.0,20,8
2025-04-10,CRUDEOILM,2025-09-19,0.0,0.0,0.0,5261.0,5261.0,0,0
2025-04-11,CRUDEOIL,2025-04-21,5173.0,5323.0,5130.0,5302.0,5169.0,41276,9109
2025-04-11,CRUDEOIL,2025-05-19,5164.0,5295.0,5123.0,5273.0,5159.0,9152,8893
2025-04-11,CRUDEOIL,2025-06-18,5126.0,5252.0,5106.0,5238.0,5134.0,342,1189
2025-04-11,CRUDEOIL,2025-07-21,0.0,0.0,0.0,5136.0,5136.0,0,0
2025-04-11,CRUDEOIL,2025-08-19,0.0,0.0,0.0,5126.0,5126.0,0,0
2025-04-11,CRUDEOIL,2025-09-19,0.0,0.0,0.0,5115.0,5115.0,0,0
2025-04-11,CRUDEOILM,2025-04-21,5205.0,5323.0,5135.0,5301.0,5172.0,34855,10815
2025-04-11,CRUDEOILM,2025-05-19,5159.0,5294.0,5127.0,5274.0,5167.0,9901,11816
2025-04-11,CRUDEOILM,2025-06-18,5133.0,5260.0,5110.0,5244.0,5150.0,1337,3516
2025-04-11,CRUDEOILM,2025-07-21,5174.0,5210.0,5174.0,5199.0,5196.0,5,32
2025-04-11,CRUDEOILM,2025-08-19,0.0,0.0,0.0,5136.0,5136.0,0,8
2025-04-11,CRUDEOILM,2025-09-19,0.0,0.0,0.0,5145.0,5145.0,0,0
2025-04-14,CRUDEOIL,2025-04-21,5340.0,5377.0,5230.0,5264.0,5302.0,15457,8554
2025-04-14,CRUDEOIL,2025-05-19,5335.0,5354.0,5213.0,5250.0,5273.0,3899,9336
2025-04-14,CRUDEOIL,2025-06-18,5304.0,5321.0,5188.0,5235.0,5238.0,294,1178
2025-04-14,CRUDEOIL,2025-07-21,0.0,0.0,0.0,5207.0,5207.0,0,0
2025-04-14,CRUDEOIL,2025-08-19,0.0,0.0,0.0,5177.0,5177.0,0,0
2025-04-14,CRUDEOIL,2025-09-19,0.0,0.0,0.0,5145.0,5145.0,0,0
2025-04-14,CRUDEOILM,2025-04-21,5325.0,5511.0,5229.0,5265.0,5301.0,15475,10939
2025-04-14,CRUDEOILM,2025-05-19,5300.0,5355.0,5215.0,5252.0,5274.0,6122,12347
2025-04-14,CRUDEOILM,2025-06-18,5304.0,5327.0,5207.0,5239.0,5244.0,934,3564
2025-04-14,CRUDEOILM,2025-07-21,5381.0,5381.0,5240.0,5289.0,5199.0,9,28
2025-04-14,CRUDEOILM,2025-08-19,0.0,0.0,0.0,5185.0,5185.0,0,8
2025-04-14,CRUDEOILM,2025-09-19,0.0,0.0,0.0,5155.0,5155.0,0,0
2025-04-15,CRUDEOIL,2025-04-21,5300.0,5327.0,5232.0,5266.0,5264.0,19756,7297
2025-04-15,CRUDEOIL,2025-05-19,5299.0,5316.0,5224.0,5250.0,5250.0,11796,14097
2025-04-15,CRUDEOIL,2025-06-18,5246.0,5290.0,5212.0,5233.0,5235.0,296,1196
2025-04-15,CRUDEOIL,2025-07-21,0.0,0.0,0.0,5218.0,5218.0,0,0
2025-04-15,CRUDEOIL,2025-08-19,0.0,0.0,0.0,5204.0,5204.0,0,0
2025-04-15,CRUDEOIL,2025-09-19,0.0,0.0,0.0,5188.0,5188.0,0,0
2025-04-15,CRUDEOILM,2025-04-21,5285.0,5328.0,5231.0,5266.0,5265.0,17323,10242
2025-04-15,CRUDEOILM,2025-05-19,5294.0,5316.0,5230.0,5256.0,5252.0,8671,13397
2025-04-15,CRUDEOILM,2025-06-18,5293.0,5303.0,5225.0,5247.0,5239.0,1238,3775
2025-04-15,CRUDEOILM,2025-07-21,5285.0,5307.0,5263.0,5283.0,5289.0,6,31
2025-04-15,CRUDEOILM,2025-08-19,0.0,0.0,0.0,5209.0,5209.0,0,8
2025-04-15,CRUDEOILM,2025-09-19,0.0,0.0,0.0,5194.0,5194.0,0,0
2025-04-16,CRUDEOIL,2025-04-21,5253.0,5375.0,5185.0,5341.0,5266.0,38893,9667
2025-04-16,CRUDEOIL,2025-05-19,5247.0,5349.0,5162.0,5318.0,5250.0,11113,14293
2025-04-16,CRUDEOIL,2025-06-18,5223.0,5321.0,5158.0,5292.0,5233.0,569,1243
2025-04-16,CRUDEOIL,2025-07-21,0.0,0.0,0.0,5214.0,5214.0,0,0
2025-04-16,CRUDEOIL,2025-08-19,0.0,0.0,0.0,5197.0,5197.0,0,0
2025-04-16,CRUDEOIL,2025-09-19,0.0,0.0,0.0,5179.0,5179.0,0,0
2025-04-16,CRUDEOILM,2025-04-21,5243.0,5375.0,5184.0,5342.0,5266.0,20549,8200
2025-04-16,CRUDEOILM,2025-05-19,5220.0,5353.0,5157.0,5318.0,5256.0,14112,13054
2025-04-16,CRUDEOILM,2025-06-18,5234.0,5328.0,5165.0,5294.0,5247.0,2187,3852
2025-04-16,CRUDEOILM,2025-07-21,5234.0,5335.0,5170.0,5330.0,5283.0,49,46
2025-04-16,CRUDEOILM,2025-08-19,0.0,0.0,0.0,5223.0,5223.0,0,8
2025-04-16,CRUDEOILM,2025-09-19,0.0,0.0,0.0,5212.0,5212.0,0,0
2025-04-17,CRUDEOIL,2025-04-21,5341.0,5540.0,5341.0,5513.0,5341.0,9715,3946
2025-04-17,CRUDEOIL,2025-05-19,5350.0,5501.0,5339.0,5479.0,5318.0,15973,13773
2025-04-17,CRUDEOIL,2025-06-18,5320.0,5471.0,5315.0,5449.0,5292.0,535,1263
2025-04-17,CRUDEOIL,2025-07-21,0.0,0.0,0.0,5266.0,5266.0,0,0
2025-04-17,CRUDEOIL,2025-08-19,0.0,0.0,0.0,5242.0,5242.0,0,0
2025-04-17,CRUDEOIL,2025-09-19,0.0,0.0,0.0,5216.0,5216.0,0,0
2025-04-17,CRUDEOILM,2025-04-21,5375.0,5536.0,5367.0,5514.0,5342.0,14851,6199
2025-04-17,CRUDEOILM,2025-05-19,5342.0,5500.0,5341.0,5478.0,5318.0,18764,11709
2025-04-17,CRUDEOILM,2025-06-18,5345.0,5475.0,5287.0,5456.0,5294.0,2540,3599
2025-04-17,CRUDEOILM,2025-07-21,5375.0,5476.0,5350.0,5466.0,5330.0,34,45
2025-04-17,CRUDEOILM,2025-08-19,0.0,0.0,0.0,5239.0,5239.0,0,8
2025-04-17,CRUDEOILM,2025-09-19,0.0,0.0,0.0,5212.0,5212.0,0,0
2025-04-21,CRUDEOIL,2025-04-21,5406.0,5436.0,5318.0,5372.0,5513.0,5999,2613
2025-04-21,CRUDEOIL,2025-05-19,5382.0,5404.0,5284.0,5336.0,5479.0,16671,14991
2025-04-21,CRUDEOIL,2025-06-18,5361.0,5400.0,5258.0,5302.0,5449.0,885,1531
2025-04-21,CRUDEOIL,2025-07-21,5365.0,5371.0,5250.0,5262.0,5402.0,49,38
2025-04-21,CRUDEOIL,2025-08-19,0.0,0.0,0.0,5367.0,5367.0,0,0
2025-04-21,CRUDEOIL,2025-09-19,0.0,0.0,0.0,5329.0,5329.0,0,0
2025-04-21,CRUDEOILM,2025-04-21,5454.0,5454.0,5318.0,5366.0,5514.0,8379,4168
2025-04-21,CRUDEOILM,2025-05-19,5485.0,5485.0,5288.0,5339.0,5478.0,19035,15479
2025-04-21,CRUDEOILM,2025-06-18,5392.0,5406.0,5264.0,5309.0,5456.0,2699,4364
2025-04-21,CRUDEOILM,2025-07-21,5385.0,5406.0,5273.0,5304.0,5466.0,188,124
2025-04-21,CRUDEOILM,2025-08-19,0.0,0.0,0.0,5359.0,5359.0,0,8
2025-04-21,CRUDEOILM,2025-09-19,0.0,0.0,0.0,5319.0,5319.0,0,0
2025-04-22,CRUDEOIL,2025-05-19,5350.0,5504.0,5346.0,5452.0,5336.0,17726,14248
2025-04-22,CRUDEOIL,2025-06-18,5340.0,5451.0,5322.0,5402.0,5302.0,1220,1461
2025-04-22,CRUDEOIL,2025-07-21,5320.0,5429.0,5305.0,5406.0,5262.0,44,57
2025-04-22,CRUDEOIL,2025-08-19,0.0,0.0,0.0,5231.0,5231.0,0,0
2025-04-22,CRUDEOIL,2025-09-19,0.0,0.0,0.0,5196.0,5196.0,0,0
2025-04-22,CRUDEOIL,2025-10-20,0.0,0.0,0.0,5194.0,5194.0,0,0
2025-04-22,CRUDEOILM,2025-05-19,5370.0,5500.0,5360.0,5452.0,5339.0,26618,13367
2025-04-22,CRUDEOILM,2025-06-18,5339.0,5455.0,5331.0,5409.0,5309.0,3356,4035
2025-04-22,CRUDEOILM,2025-07-21,5318.0,5427.0,5318.0,5393.0,5304.0,296,214
2025-04-22,CRUDEOILM,2025-08-19,0.0,0.0,0.0,5247.0,5247.0,0,8
2025-04-22,CRUDEOILM,2025-09-19,0.0,0.0,0.0,5216.0,5216.0,0,0
2025-04-22,CRUDEOILM,2025-10-20,0.0,0.0,0.0,5194.0,5194.0,0,0
2025-04-23,CRUDEOIL,2025-05-19,5477.0,5566.0,5272.0,5309.0,5452.0,39031,14193
2025-04-23,CRUDEOIL,2025-06-18,5432.0,5511.0,5240.0,5279.0,5402.0,3125,1830
2025-04-23,CRUDEOIL,2025-07-21,5423.0,5481.0,5245.0,5260.0,5406.0,135,114
2025-04-23,CRUDEOIL,2025-08-19,0.0,0.0,0.0,5298.0,5298.0,0,0
2025-04-23,CRUDEOIL,2025-09-19,0.0,0.0,0.0,5247.0,5247.0,0,0
2025-04-23,CRUDEOIL,2025-10-20,0.0,0.0,0.0,5195.0,5195.0,0,0
2025-04-23,CRUDEOILM,2025-05-19,5476.0,5568.0,5280.0,5312.0,5452.0,44685,16409
2025-04-23,CRUDEOILM,2025-06-18,5432.0,5514.0,5244.0,5286.0,5409.0,8845,5302
2025-04-23,CRUDEOILM,2025-07-21,5419.0,5480.0,5239.0,5277.0,5393.0,550,397
2025-04-23,CRUDEOILM,2025-08-19,0.0,0.0,0.0,5320.0,5320.0,0,8
2025-04-23,CRUDEOILM,2025-09-19,0.0,0.0,0.0,5275.0,5275.0,0,0
2025-04-23,CRUDEOILM,2025-10-20,0.0,0.0,0.0,5231.0,5231.0,0,0
2025-04-24,CRUDEOIL,2025-05-19,5347.0,5421.0,5310.0,5380.0,5309.0,19681,13690
2025-04-24,CRUDEOIL,2025-06-18,5286.0,5387.0,5283.0,5343.0,5279.0,1336,1856
2025-04-24,CRUDEOIL,2025-07-21,5275.0,5356.0,5268.0,5300.0,5260.0,65,121
2025-04-24,CRUDEOIL,2025-08-19,0.0,0.0,0.0,5217.0,5217.0,0,0
2025-04-24,CRUDEOIL,2025-09-19,0.0,0.0,0.0,5186.0,5186.0,0,0
2025-04-24,CRUDEOIL,2025-10-20,0.0,0.0,0.0,5155.0,5155.0,0,0
2025-04-24,CRUDEOILM,2025-05-19,5334.0,5420.0,5314.0,5383.0,5312.0,27426,15308
2025-04-24,CRUDEOILM,2025-06-18,5308.0,5383.0,5285.0,5347.0,5286.0,3176,5236
2025-04-24,CRUDEOILM,2025-07-21,5303.0,5357.0,5282.0,5326.0,5277.0,234,448
2025-04-24,CRUDEOILM,2025-08-19,5440.0,5702.0,5042.0,5192.0,5232.0,24,9
2025-04-24,CRUDEOILM,2025-09-19,0.0,0.0,0.0,5205.0,5205.0,0,0
2025-04-24,CRUDEOILM,2025-10-20,0.0,0.0,0.0,5178.0,5178.0,0,0
2025-04-25,CRUDEOIL,2025-05-19,5395.0,5433.0,5297.0,5396.0,5380.0,19880,13448
2025-04-25,CRUDEOIL,2025-06-18,5395.0,5395.0,5274.0,5361.0,5343.0,1435,1826
2025-04-25,CRUDEOIL,2025-07-21,5320.0,5360.0,5252.0,5326.0,5300.0,50,121
2025-04-25,CRUDEOIL,2025-08-19,0.0,0.0,0.0,5266.0,5266.0,0,0
2025-04-25,CRUDEOIL,2025-09-19,0.0,0.0,0.0,5228.0,5228.0,0,0
2025-04-25,CRUDEOIL,2025-10-20,0.0,0.0,0.0,5190.0,5190.0,0,0
2025-04-25,CRUDEOILM,2025-05-19,5388.0,5433.0,5305.0,5397.0,5383.0,29687,14663
2025-04-25,CRUDEOILM,2025-06-18,5354.0,5392.0,5281.0,5365.0,5347.0,4458,5325
2025-04-25,CRUDEOILM,2025-07-21,5326.0,5356.0,5264.0,5340.0,5326.0,267,471
2025-04-25,CRUDEOILM,2025-08-19,5280.0,5360.0,5280.0,5309.0,5192.0,4,10
2025-04-25,CRUDEOILM,2025-09-19,0.0,0.0,0.0,5235.0,5235.0,0,0
2025-04-25,CRUDEOILM,2025-10-20,0.0,0.0,0.0,5198.0,5198.0,0,0
2025-04-28,CRUDEOIL,2025-05-19,5416.0,5438.0,5263.0,5281.0,5396.0,19569,14217
2025-04-28,CRUDEOIL,2025-06-18,5384.0,5389.0,5225.0,5247.0,5361.0,1922,2482
2025-04-28,CRUDEOIL,2025-07-21,5350.0,5355.0,5215.0,5228.0,5326.0,140,195
2025-04-28,CRUDEOIL,2025-08-19,0.0,0.0,0.0,5288.0,5288.0,0,0
2025-04-28,CRUDEOIL,2025-09-19,0.0,0.0,0.0,5252.0,5252.0,0,0
2025-04-28,CRUDEOIL,2025-10-20,0.0,0.0,0.0,5216.0,5216.0,0,0
2025-04-28,CRUDEOILM,2025-05-19,5327.0,5432.0,5267.0,5285.0,5397.0,28140,17999
2025-04-28,CRUDEOILM,2025-06-18,5383.0,5385.0,5231.0,5253.0,5365.0,4063,6830
2025-04-28,CRUDEOILM,2025-07-21,5348.0,5362.0,5195.0,5218.0,5340.0,663,717
2025-04-28,CRUDEOILM,2025-08-19,5270.0,5270.0,5220.0,5247.0,5309.0,3,12
2025-04-28,CRUDEOILM,2025-09-19,0.0,0.0,0.0,5265.0,5265.0,0,0
2025-04-28,CRUDEOILM,2025-10-20,0.0,0.0,0.0,5232.0,5232.0,0,0
2025-04-29,CRUDEOIL,2025-05-19,5274.0,5279.0,5157.0,5176.0,5281.0,17559,16139
2025-04-29,CRUDEOIL,2025-06-18,5238.0,5240.0,5127.0,5146.0,5247.0,1845,2898
2025-04-29,CRUDEOIL,2025-07-21,5229.0,5229.0,5120.0,5141.0,5228.0,172,319
2025-04-29,CRUDEOIL,2025-08-19,0.0,0.0,0.0,5176.0,5176.0,0,0
2025-04-29,CRUDEOIL,2025-09-19,0.0,0.0,0.0,5141.0,5141.0,0,0
2025-04-29,CRUDEOIL,2025-10-20,0.0,0.0,0.0,5106.0,5106.0,0,0
2025-04-29,CRUDEOILM,2025-05-19,5287.0,5296.0,5163.0,5179.0,5285.0,25699,21405
2025-04-29,CRUDEOILM,2025-06-18,5243.0,5247.0,5134.0,5150.0,5253.0,4602,8649
2025-04-29,CRUDEOILM,2025-07-21,5234.0,5243.0,5135.0,5156.0,5218.0,613,1015
2025-04-29,CRUDEOILM,2025-08-19,5260.0,5260.0,5185.0,5222.0,5247.0,10,16
2025-04-29,CRUDEOILM,2025-09-19,0.0,0.0,0.0,5153.0,5153.0,0,0
2025-04-29,CRUDEOILM,2025-10-20,0.0,0.0,0.0,5120.0,5120.0,0,0
2025-04-30,CRUDEOIL,2025-05-19,5125.0,5149.0,4917.0,4952.0,5176.0,31570,19212
2025-04-30,CRUDEOIL,2025-06-18,5087.0,5089.0,4901.0,4927.0,5146.0,4544,4034
2025-04-30,CRUDEOIL,2025-07-21,5084.0,5085.0,4900.0,4929.0,5141.0,503,605
2025-04-30,CRUDEOIL,2025-08-19,0.0,0.0,0.0,5084.0,5084.0,0,0
2025-04-30,CRUDEOIL,2025-09-19,0.0,0.0,0.0,5053.0,5053.0,0,0
2025-04-30,CRUDEOIL,2025-10-20,0.0,0.0,0.0,5022.0,5022.0,0,0
2025-04-30,CRUDEOILM,2025-05-19,5164.0,5165.0,4922.0,4955.0,5179.0,41786,25928
2025-04-30,CRUDEOILM,2025-06-18,5134.0,5134.0,4906.0,4933.0,5150.0,10969,12372
2025-04-30,CRUDEOILM,2025-07-21,5120.0,5120.0,4904.0,4948.0,5156.0,1577,1832
2025-04-30,CRUDEOILM,2025-08-19,5126.0,5126.0,5015.0,5076.0,5222.0,5,19
2025-04-30,CRUDEOILM,2025-09-19,0.0,0.0,0.0,5060.0,5060.0,0,0
2025-04-30,CRUDEOILM,2025-10-20,0.0,0.0,0.0,5030.0,5030.0,0,0
2025-05-01,CRUDEOIL,2025-05-19,4873.0,5017.0,4822.0,4972.0,4952.0,19838,18991
2025-05-01,CRUDEOIL,2025-06-18,4799.0,4985.0,4789.0,4952.0,4927.0,2999,4232
2025-05-01,CRUDEOIL,2025-07-21,4811.0,4969.0,4810.0,4948.0,4929.0,397,765
2025-05-01,CRUDEOIL,2025-08-19,0.0,0.0,0.0,4875.0,4875.0,0,0
2025-05-01,CRUDEOIL,2025-09-19,0.0,0.0,0.0,4849.0,4849.0,0,0
2025-05-01,CRUDEOIL,2025-10-20,0.0,0.0,0.0,4823.0,4823.0,0,0
2025-05-01,CRUDEOILM,2025-05-19,4910.0,5018.0,4825.0,4974.0,4955.0,25544,25938
2025-05-01,CRUDEOILM,2025-06-18,4881.0,4993.0,4798.0,4956.0,4933.0,6054,13037
2025-05-01,CRUDEOILM,2025-07-21,4824.0,4982.0,4824.0,4949.0,4948.0,1262,2215
2025-05-01,CRUDEOILM,2025-08-19,4891.0,5007.0,4891.0,4924.0,5076.0,8,26
2025-05-01,CRUDEOILM,2025-09-19,0.0,0.0,0.0,4864.0,4864.0,0,0
2025-05-01,CRUDEOILM,2025-10-20,0.0,0.0,0.0,4842.0,4842.0,0,0
2025-05-02,CRUDEOIL,2025-05-19,4990.0,5042.0,4895.0,4940.0,4972.0,25275,18743
2025-05-02,CRUDEOIL,2025-06-18,4988.0,5021.0,4879.0,4928.0,4952.0,3143,4670
2025-05-02,CRUDEOIL,2025-07-21,5000.0,5003.0,4866.0,4922.0,4948.0,256,790
2025-05-02,CRUDEOIL,2025-08-19,0.0,0.0,0.0,4910.0,4910.0,0,0
2025-05-02,CRUDEOIL,2025-09-19,0.0,0.0,0.0,4890.0,4890.0,0,0
2025-05-02,CRUDEOIL,2025-10-20,0.0,0.0,0.0,4869.0,4869.0,0,0
2025-05-02,CRUDEOILM,2025-05-19,5020.0,5049.0,4897.0,4943.0,4974.0,32520,26026
2025-05-02,CRUDEOILM,2025-06-18,5024.0,5028.0,4883.0,4936.0,4956.0,7052,13855
2025-05-02,CRUDEOILM,2025-07-21,5007.0,5007.0,4880.0,4941.0,4949.0,895,2357
2025-05-02,CRUDEOILM,2025-08-19,5028.0,5028.0,4928.0,4980.0,4924.0,39,39
2025-05-02,CRUDEOILM,2025-09-19,0.0,0.0,0.0,4900.0,4900.0,0,0
2025-05-02,CRUDEOILM,2025-10-20,0.0,0.0,0.0,4881.0,4881.0,0,0
2025-05-05,CRUDEOIL,2025-05-19,4873.0,4874.0,4724.0,4832.0,4940.0,26203,21454
2025-05-05,CRUDEOIL,2025-06-18,4850.0,4866.0,4722.0,4829.0,4928.0,5207,5810
2025-05-05,CRUDEOIL,2025-07-21,4800.0,4878.0,4733.0,4832.0,4922.0,536,1008
2025-05-05,CRUDEOIL,2025-08-19,0.0,0.0,0.0,4903.0,4903.0,0,0
2025-05-05,CRUDEOIL,2025-09-19,0.0,0.0,0.0,4890.0,4890.0,0,0
2025-05-05,CRUDEOIL,2025-10-20,0.0,0.0,0.0,4878.0,4878.0,0,0
2025-05-05,CRUDEOILM,2025-05-19,4901.0,4901.0,4726.0,4834.0,4943.0,35133,27141
2025-05-05,CRUDEOILM,2025-06-18,4900.0,4900.0,4728.0,4833.0,4936.0,10773,16557
2025-05-05,CRUDEOILM,2025-07-21,4760.0,4878.0,4750.0,4849.0,4941.0,1866,3019
2025-05-05,CRUDEOILM,2025-08-19,4790.0,4899.0,4784.0,4850.0,4980.0,46,62
2025-05-05,CRUDEOILM,2025-09-19,0.0,0.0,0.0,4914.0,4914.0,0,0
2025-05-05,CRUDEOILM,2025-10-20,0.0,0.0,0.0,4907.0,4907.0,0,0
2025-05-06,CRUDEOIL,2025-05-19,4885.0,5053.0,4885.0,5011.0,4832.0,26577,17444
2025-05-06,CRUDEOIL,2025-06-18,4897.0,5040.0,4895.0,5006.0,4829.0,4305,4966
2025-05-06,CRUDEOIL,2025-07-21,4892.0,5025.0,4885.0,4989.0,4832.0,474,882
2025-05-06,CRUDEOIL,2025-08-19,0.0,0.0,0.0,4822.0,4822.0,0,0
2025-05-06,CRUDEOIL,2025-09-19,0.0,0.0,0.0,4819.0,4819.0,0,0
2025-05-06,CRUDEOIL,2025-10-20,0.0,0.0,0.0,4816.0,4816.0,0,0
2025-05-06,CRUDEOILM,2025-05-19,4850.0,5054.0,4850.0,5015.0,4834.0,35310,22134
2025-05-06,CRUDEOILM,2025-06-18,4880.0,5043.0,4880.0,5000.0,4833.0,9673,13677
2025-05-06,CRUDEOILM,2025-07-21,4914.0,5033.0,4879.0,4989.0,4849.0,1424,2651
2025-05-06,CRUDEOILM,2025-08-19,4945.0,5044.0,4919.0,5029.0,4850.0,37,66
2025-05-06,CRUDEOILM,2025-09-19,0.0,0.0,0.0,4829.0,4829.0,0,0
2025-05-06,CRUDEOILM,2025-10-20,0.0,0.0,0.0,4828.0,4828.0,0,0
2025-05-07,CRUDEOIL,2025-05-19,5046.0,5110.0,4936.0,4953.0,5011.0,22858,16934
2025-05-07,CRUDEOIL,2025-06-18,5040.0,5091.0,4933.0,4945.0,5006.0,3212,4998
2025-05-07,CRUDEOIL,2025-07-21,5016.0,5070.0,4932.0,4948.0,4989.0,304,913
2025-05-07,CRUDEOIL,2025-08-19,5025.0,5025.0,4952.0,4989.0,4995.0,2,2
2025-05-07,CRUDEOIL,2025-09-19,0.0,0.0,0.0,4990.0,4990.0,0,0
2025-05-07,CRUDEOIL,2025-10-20,0.0,0.0,0.0,4985.0,4985.0,0,0
2025-05-07,CRUDEOILM,2025-05-19,5035.0,5110.0,4940.0,4956.0,5015.0,31953,22354
2025-05-07,CRUDEOILM,2025-06-18,5033.0,5093.0,4936.0,4951.0,5000.0,7176,13953
2025-05-07,CRUDEOILM,2025-07-21,5012.0,5075.0,4940.0,4959.0,4989.0,1267,2763
2025-05-07,CRUDEOILM,2025-08-19,5060.0,5100.0,4980.0,4992.0,5029.0,23,70
2025-05-07,CRUDEOILM,2025-09-19,0.0,0.0,0.0,4953.0,4953.0,0,0
2025-05-07,CRUDEOILM,2025-10-20,0.0,0.0,0.0,4938.0,4938.0,0,0
2025-05-08,CRUDEOIL,2025-05-19,4978.0,5168.0,4942.0,5163.0,4953.0,30496,14517
2025-05-08,CRUDEOIL,2025-06-18,4961.0,5158.0,4939.0,5152.0,4945.0,5425,4711
2025-05-08,CRUDEOIL,2025-07-21,4960.0,5140.0,4938.0,5132.0,4948.0,614,740
2025-05-08,CRUDEOIL,2025-08-19,5143.0,5143.0,5143.0,5143.0,4989.0,1,1
2025-05-08,CRUDEOIL,2025-09-19,0.0,0.0,0.0,4920.0,4920.0,0,0
2025-05-08,CRUDEOIL,2025-10-20,0.0,0.0,0.0,4911.0,4911.0,0,0
2025-05-08,CRUDEOILM,2025-05-19,4987.0,5171.0,4946.0,5162.0,4956.0,36721,18025
2025-05-08,CRUDEOILM,2025-06-18,4992.0,5157.0,4943.0,5151.0,4951.0,10321,11795
2025-05-08,CRUDEOILM,2025-07-21,4975.0,5138.0,4945.0,5132.0,4959.0,2060,2798
2025-05-08,CRUDEOILM,2025-08-19,5002.0,5160.0,4975.0,5140.0,4992.0,59,78
2025-05-08,CRUDEOILM,2025-09-19,0.0,0.0,0.0,4935.0,4935.0,0,0
2025-05-08,CRUDEOILM,2025-10-20,0.0,0.0,0.0,4930.0,4930.0,0,0
2025-05-09,CRUDEOIL,2025-05-19,5162.0,5255.0,5146.0,5212.0,5163.0,20880,14369
2025-05-09,CRUDEOIL,2025-06-18,5157.0,5237.0,5138.0,5197.0,5152.0,3584,4343
2025-05-09,CRUDEOIL,2025-07-21,5156.0,5210.0,5122.0,5175.0,5132.0,285,712
2025-05-09,CRUDEOIL,2025-08-19,5155.0,5155.0,5155.0,5155.0,5143.0,1,2
2025-05-09,CRUDEOIL,2025-09-19,0.0,0.0,0.0,5117.0,5117.0,0,0
2025-05-09,CRUDEOIL,2025-10-20,0.0,0.0,0.0,5106.0,5106.0,0,0
2025-05-09,CRUDEOILM,2025-05-19,5179.0,5254.0,5146.0,5212.0,5162.0,30633,15499
2025-05-09,CRUDEOILM,2025-06-18,5147.0,5236.0,5138.0,5199.0,5151.0,7556,10877
2025-05-09,CRUDEOILM,2025-07-21,5144.0,5210.0,5118.0,5181.0,5132.0,1388,2554
2025-05-09,CRUDEOILM,2025-08-19,5177.0,5223.0,5149.0,5175.0,5140.0,58,83
2025-05-09,CRUDEOILM,2025-09-19,0.0,0.0,0.0,5116.0,5116.0,0,0
2025-05-09,CRUDEOILM,2025-10-20,0.0,0.0,0.0,5105.0,5105.0,0,0
2025-05-12,CRUDEOIL,2025-05-19,5209.0,5399.0,5195.0,5292.0,5212.0,31463,12059
2025-05-12,CRUDEOIL,2025-06-18,5170.0,5382.0,5170.0,5281.0,5197.0,7710,4783
2025-05-12,CRUDEOIL,2025-07-21,5164.0,5350.0,5159.0,5263.0,5175.0,591,756
2025-05-12,CRUDEOIL,2025-08-19,5312.0,5312.0,5285.0,5290.0,5155.0,8,8
2025-05-12,CRUDEOIL,2025-09-19,0.0,0.0,0.0,5150.0,5150.0,0,0
2025-05-12,CRUDEOIL,2025-10-20,0.0,0.0,0.0,5135.0,5135.0,0,0
2025-05-12,CRUDEOILM,2025-05-19,5217.0,5398.0,5193.0,5292.0,5212.0,34024,11126
2025-05-12,CRUDEOILM,2025-06-18,5204.0,5380.0,5181.0,5284.0,5199.0,12209,9274
2025-05-12,CRUDEOILM,2025-07-21,5194.0,5350.0,5160.0,5266.0,5181.0,2567,2288
2025-05-12,CRUDEOILM,2025-08-19,5200.0,5357.0,5175.0,5281.0,5175.0,140,84
2025-05-12,CRUDEOILM,2025-09-19,0.0,0.0,0.0,5158.0,5158.0,0,0
2025-05-12,CRUDEOILM,2025-10-20,0.0,0.0,0.0,5145.0,5145.0,0,0
2025-05-13,CRUDEOIL,2025-05-19,5235.0,5442.0,5233.0,5430.0,5292.0,24260,12745
2025-05-13,CRUDEOIL,2025-06-18,5265.0,5425.0,5223.0,5414.0,5281.0,9135,5765
2025-05-13,CRUDEOIL,2025-07-21,5219.0,5400.0,5201.0,5387.0,5263.0,595,705
2025-05-13,CRUDEOIL,2025-08-19,5356.0,5356.0,5356.0,5356.0,5290.0,1,7
2025-05-13,CRUDEOIL,2025-09-19,0.0,0.0,0.0,5246.0,5246.0,0,0
2025-05-13,CRUDEOIL,2025-10-20,0.0,0.0,0.0,5235.0,5235.0,0,0
2025-05-13,CRUDEOILM,2025-05-19,5260.0,5441.0,5223.0,5433.0,5292.0,24926,8120
2025-05-13,CRUDEOILM,2025-06-18,5265.0,5425.0,5202.0,5415.0,5284.0,10715,8379
2025-05-13,CRUDEOILM,2025-07-21,5217.0,5400.0,5214.0,5393.0,5266.0,2700,2208
2025-05-13,CRUDEOILM,2025-08-19,5239.0,5415.0,5235.0,5408.0,5281.0,135,107
2025-05-13,CRUDEOILM,2025-09-19,0.0,0.0,0.0,5259.0,5259.0,0,0
2025-05-13,CRUDEOILM,2025-10-20,0.0,0.0,0.0,5250.0,5250.0,0,0
2025-05-14,CRUDEOIL,2025-05-19,5384.0,5436.0,5354.0,5418.0,5430.0,18423,9759
2025-05-14,CRUDEOIL,2025-06-18,5391.0,5424.0,5344.0,5401.0,5414.0,8534,7683
2025-05-14,CRUDEOIL,2025-07-21,5352.0,5392.0,5315.0,5372.0,5387.0,516,765
2025-05-14,CRUDEOIL,2025-08-19,5377.0,5406.0,5304.0,5372.0,5356.0,6,7
2025-05-14,CRUDEOIL,2025-09-19,0.0,0.0,0.0,5364.0,5364.0,0,0
2025-05-14,CRUDEOIL,2025-10-20,0.0,0.0,0.0,5347.0,5347.0,0,0
2025-05-14,CRUDEOILM,2025-05-19,5390.0,5437.0,5351.0,5415.0,5433.0,19853,7114
2025-05-14,CRUDEOILM,2025-06-18,5377.0,5423.0,5345.0,5401.0,5415.0,10241,8778
2025-05-14,CRUDEOILM,2025-07-21,5353.0,5395.0,5315.0,5371.0,5393.0,1664,2631
2025-05-14,CRUDEOILM,2025-08-19,5373.0,5415.0,5317.0,5395.0,5408.0,127,118
2025-05-14,CRUDEOILM,2025-09-19,0.0,0.0,0.0,5359.0,5359.0,0,0
2025-05-14,CRUDEOILM,2025-10-20,0.0,0.0,0.0,5340.0,5340.0,0,0
2025-05-15,CRUDEOIL,2025-05-19,5313.0,5315.0,5184.0,5271.0,5418.0,32863,7144
2025-05-15,CRUDEOIL,2025-06-18,5353.0,5353.0,5174.0,5257.0,5401.0,15824,10077
2025-05-15,CRUDEOIL,2025-07-21,5295.0,5295.0,5148.0,5231.0,5372.0,1249,1050
2025-05-15,CRUDEOIL,2025-08-19,5225.0,5225.0,5225.0,5225.0,5372.0,1,8
2025-05-15,CRUDEOIL,2025-09-19,0.0,0.0,0.0,5348.0,5348.0,0,0
2025-05-15,CRUDEOIL,2025-10-20,0.0,0.0,0.0,5330.0,5330.0,0,0
2025-05-15,CRUDEOILM,2025-05-19,5269.0,5309.0,5183.0,5272.0,5415.0,24613,5431
2025-05-15,CRUDEOILM,2025-06-18,5350.0,5350.0,5176.0,5259.0,5401.0,21792,12583
2025-05-15,CRUDEOILM,2025-07-21,5312.0,5312.0,5154.0,5232.0,5371.0,3955,3830
2025-05-15,CRUDEOILM,2025-08-19,5280.0,5319.0,5188.0,5266.0,5395.0,269,250
2025-05-15,CRUDEOILM,2025-09-19,0.0,0.0,0.0,5357.0,5357.0,0,0
2025-05-15,CRUDEOILM,2025-10-20,0.0,0.0,0.0,5343.0,5343.0,0,0
2025-05-16,CRUDEOIL,2025-05-19,5252.0,5359.0,5241.0,5351.0,5271.0,11258,7773
2025-05-16,CRUDEOIL,2025-06-18,5231.0,5340.0,5222.0,5329.0,5257.0,15204,10431
2025-05-16,CRUDEOIL,2025-07-21,5207.0,5314.0,5201.0,5304.0,5231.0,551,1016
2025-05-16,CRUDEOIL,2025-08-19,5251.0,5324.0,5225.0,5257.0,5225.0,7,14
2025-05-16,CRUDEOIL,2025-09-19,0.0,0.0,0.0,5213.0,5213.0,0,0
2025-05-16,CRUDEOIL,2025-10-20,0.0,0.0,0.0,5199.0,5199.0,0,0
2025-05-16,CRUDEOILM,2025-05-19,5258.0,5361.0,5238.0,5350.0,5272.0,13536,5136
2025-05-16,CRUDEOILM,2025-06-18,5258.0,5341.0,5224.0,5329.0,5259.0,19052,11600
2025-05-16,CRUDEOILM,2025-07-21,5209.0,5317.0,5204.0,5300.0,5232.0,1797,3700
2025-05-16,CRUDEOILM,2025-08-19,5267.0,5330.0,5235.0,5312.0,5266.0,144,224
2025-05-16,CRUDEOILM,2025-09-19,0.0,0.0,0.0,5218.0,5218.0,0,0
2025-05-16,CRUDEOILM,2025-10-20,0.0,0.0,0.0,5205.0,5205.0,0,0
2025-05-19,CRUDEOIL,2025-05-19,5307.0,5416.0,5255.0,5338.0,5351.0,6247,6146
2025-05-19,CRUDEOIL,2025-06-18,5300.0,5373.0,5232.0,5299.0,5329.0,18434,11166
2025-05-19,CRUDEOIL,2025-07-21,5258.0,5346.0,5213.0,5277.0,5304.0,1473,1086
2025-05-19,CRUDEOIL,2025-08-19,5276.0,5328.0,5238.0,5282.0,5257.0,23,14
2025-05-19,CRUDEOIL,2025-09-19,0.0,0.0,0.0,5260.0,5260.0,0,0
2025-05-19,CRUDEOIL,2025-10-20,0.0,0.0,0.0,5238.0,5238.0,0,0
2025-05-19,CRUDEOILM,2025-05-19,5337.0,5415.0,5256.0,5337.0,5350.0,10116,2890
2025-05-19,CRUDEOILM,2025-06-18,5304.0,5374.0,5237.0,5301.0,5329.0,29052,13149
2025-05-19,CRUDEOILM,2025-07-21,5275.0,5346.0,5216.0,5286.0,5300.0,3162,3805
2025-05-19,CRUDEOILM,2025-08-19,5287.0,5356.0,5245.0,5298.0,5312.0,239,227
2025-05-19,CRUDEOILM,2025-09-19,0.0,0.0,0.0,5263.0,5263.0,0,0
2025-05-19,CRUDEOILM,2025-10-20,0.0,0.0,0.0,5242.0,5242.0,0,0
2025-05-20,CRUDEOIL,2025-06-18,5330.0,5374.0,5276.0,5334.0,5299.0,16306,10356
2025-05-20,CRUDEOIL,2025-07-21,5305.0,5345.0,5254.0,5310.0,5277.0,1463,1174
2025-05-20,CRUDEOIL,2025-08-19,5317.0,5324.0,5247.0,5292.0,5282.0,435,253
2025-05-20,CRUDEOIL,2025-09-19,0.0,0.0,0.0,5237.0,5237.0,0,0
2025-05-20,CRUDEOIL,2025-10-20,0.0,0.0,0.0,5216.0,5216.0,0,0
2025-05-20,CRUDEOIL,2025-11-19,0.0,0.0,0.0,5126.0,5126.0,0,0
2025-05-20,CRUDEOILM,2025-06-18,5327.0,5374.0,5272.0,5336.0,5301.0,28513,13293
2025-05-20,CRUDEOILM,2025-07-21,5309.0,5345.0,5260.0,5307.0,5286.0,3215,3886
2025-05-20,CRUDEOILM,2025-08-19,5324.0,5332.0,5256.0,5308.0,5298.0,618,421
2025-05-20,CRUDEOILM,2025-09-19,0.0,0.0,0.0,5258.0,5258.0,0,0
2025-05-20,CRUDEOILM,2025-10-20,0.0,0.0,0.0,5244.0,5244.0,0,0
2025-05-20,CRUDEOILM,2025-11-19,0.0,0.0,0.0,5126.0,5126.0,0,0
2025-05-21,CRUDEOIL,2025-06-18,5382.0,5437.0,5260.0,5295.0,5334.0,21045,11082
2025-05-21,CRUDEOIL,2025-07-21,5377.0,5402.0,5249.0,5275.0,5310.0,2094,1650
2025-05-21,CRUDEOIL,2025-08-19,5360.0,5378.0,5228.0,5248.0,5292.0,125,301
2025-05-21,CRUDEOIL,2025-09-19,0.0,0.0,0.0,5266.0,5266.0,0,0
2025-05-21,CRUDEOIL,2025-10-20,0.0,0.0,0.0,5243.0,5243.0,0,0
2025-05-21,CRUDEOIL,2025-11-19,0.0,0.0,0.0,5222.0,5222.0,0,0
2025-05-21,CRUDEOILM,2025-06-18,5375.0,5437.0,5259.0,5300.0,5336.0,32327,14295
2025-05-21,CRUDEOILM,2025-07-21,5382.0,5399.0,5255.0,5279.0,5307.0,5099,4136
2025-05-21,CRUDEOILM,2025-08-19,5353.0,5387.0,5250.0,5271.0,5308.0,681,606
2025-05-21,CRUDEOILM,2025-09-19,0.0,0.0,0.0,5254.0,5254.0,0,0
2025-05-21,CRUDEOILM,2025-10-20,0.0,0.0,0.0,5227.0,5227.0,0,0
2025-05-21,CRUDEOILM,2025-11-19,0.0,0.0,0.0,5200.0,5200.0,0,0
2025-05-22,CRUDEOIL,2025-06-18,5293.0,5311.0,5201.0,5265.0,5295.0,20317,11533
2025-05-22,CRUDEOIL,2025-07-21,5277.0,5287.0,5181.0,5241.0,5275.0,1539,1869
2025-05-22,CRUDEOIL,2025-08-19,5248.0,5263.0,5158.0,5221.0,5248.0,87,341
2025-05-22,CRUDEOIL,2025-09-19,0.0,0.0,0.0,5238.0,5238.0,0,0
2025-05-22,CRUDEOIL,2025-10-20,0.0,0.0,0.0,5219.0,5219.0,0,0
2025-05-22,CRUDEOIL,2025-11-19,0.0,0.0,0.0,5201.0,5201.0,0,0
2025-05-22,CRUDEOILM,2025-06-18,5308.0,5315.0,5205.0,5265.0,5300.0,31222,15797
2025-05-22,CRUDEOILM,2025-07-21,5281.0,5291.0,5186.0,5245.0,5279.0,4426,4949
2025-05-22,CRUDEOILM,2025-08-19,5271.0,5278.0,5178.0,5223.0,5271.0,786,883
2025-05-22,CRUDEOILM,2025-09-19,0.0,0.0,0.0,5240.0,5240.0,0,0
2025-05-22,CRUDEOILM,2025-10-20,0.0,0.0,0.0,5221.0,5221.0,0,0
2025-05-22,CRUDEOILM,2025-11-19,0.0,0.0,0.0,5202.0,5202.0,0,0
2025-05-23,CRUDEOIL,2025-06-18,5249.0,5289.0,5149.0,5259.0,5265.0,27719,11653
2025-05-23,CRUDEOIL,2025-07-21,5225.0,5258.0,5127.0,5228.0,5241.0,3032,2472
2025-05-23,CRUDEOIL,2025-08-19,5204.0,5232.0,5110.0,5202.0,5221.0,172,437
2025-05-23,CRUDEOIL,2025-09-19,0.0,0.0,0.0,5197.0,5197.0,0,0
2025-05-23,CRUDEOIL,2025-10-20,0.0,0.0,0.0,5174.0,5174.0,0,0
2025-05-23,CRUDEOIL,2025-11-19,0.0,0.0,0.0,5153.0,5153.0,0,0
2025-05-23,CRUDEOILM,2025-06-18,5249.0,5289.0,5153.0,5260.0,5265.0,40591,16116
2025-05-23,CRUDEOILM,2025-07-21,5236.0,5258.0,5131.0,5230.0,5245.0,5822,5459
2025-05-23,CRUDEOILM,2025-08-19,5203.0,5230.0,5124.0,5206.0,5223.0,784,1065
2025-05-23,CRUDEOILM,2025-09-19,0.0,0.0,0.0,5208.0,5208.0,0,0
2025-05-23,CRUDEOILM,2025-10-20,0.0,0.0,0.0,5189.0,5189.0,0,0
2025-05-23,CRUDEOILM,2025-11-19,0.0,0.0,0.0,5171.0,5171.0,0,0
2025-05-26,CRUDEOIL,2025-06-18,5262.0,5292.0,5229.0,5255.0,5259.0,11211,11699
2025-05-26,CRUDEOIL,2025-07-21,5240.0,5257.0,5202.0,5221.0,5228.0,585,2537
2025-05-26,CRUDEOIL,2025-08-19,5220.0,5225.0,5188.0,5197.0,5202.0,15,438
2025-05-26,CRUDEOIL,2025-09-19,0.0,0.0,0.0,5171.0,5171.0,0,0
2025-05-26,CRUDEOIL,2025-10-20,0.0,0.0,0.0,5142.0,5142.0,0,0
2025-05-26,CRUDEOIL,2025-11-19,0.0,0.0,0.0,5114.0,5114.0,0,0
2025-05-26,CRUDEOILM,2025-06-18,5263.0,5292.0,5232.0,5256.0,5260.0,18550,16753
2025-05-26,CRUDEOILM,2025-07-21,5253.0,5259.0,5204.0,5224.0,5230.0,1831,5745
2025-05-26,CRUDEOILM,2025-08-19,5218.0,5238.0,5195.0,5208.0,5206.0,199,1079
2025-05-26,CRUDEOILM,2025-09-19,0.0,0.0,0.0,5175.0,5175.0,0,0
2025-05-26,CRUDEOILM,2025-10-20,0.0,0.0,0.0,5147.0,5147.0,0,0
2025-05-26,CRUDEOILM,2025-11-19,0.0,0.0,0.0,5120.0,5120.0,0,0
2025-05-27,CRUDEOIL,2025-06-18,5236.0,5299.0,5163.0,5191.0,5255.0,26033,13741
2025-05-27,CRUDEOIL,2025-07-21,5205.0,5264.0,5139.0,5167.0,5221.0,1550,2796
2025-05-27,CRUDEOIL,2025-08-19,5195.0,5226.0,5125.0,5149.0,5197.0,116,489
2025-05-27,CRUDEOIL,2025-09-19,0.0,0.0,0.0,5159.0,5159.0,0,0
2025-05-27,CRUDEOIL,2025-10-20,0.0,0.0,0.0,5127.0,5127.0,0,0
2025-05-27,CRUDEOIL,2025-11-19,0.0,0.0,0.0,5096.0,5096.0,0,0
2025-05-27,CRUDEOILM,2025-06-18,5236.0,5299.0,5166.0,5194.0,5256.0,31286,19062
2025-05-27,CRUDEOILM,2025-07-21,5206.0,5264.0,5145.0,5172.0,5224.0,4436,6689
2025-05-27,CRUDEOILM,2025-08-19,5201.0,5235.0,5140.0,5161.0,5208.0,561,1286
2025-05-27,CRUDEOILM,2025-09-19,0.0,0.0,0.0,5165.0,5165.0,0,0
2025-05-27,CRUDEOILM,2025-10-20,0.0,0.0,0.0,5135.0,5135.0,0,0
2025-05-27,CRUDEOILM,2025-11-19,0.0,0.0,0.0,5106.0,5106.0,0,0
2025-05-28,CRUDEOIL,2025-06-18,5214.0,5353.0,5214.0,5306.0,5191.0,26566,11483
2025-05-28,CRUDEOIL,2025-07-21,5203.0,5317.0,5189.0,5274.0,5167.0,1489,2419
2025-05-28,CRUDEOIL,2025-08-19,5200.0,5295.0,5167.0,5269.0,5149.0,156,524
2025-05-28,CRUDEOIL,2025-09-19,0.0,0.0,0.0,5123.0,5123.0,0,0
2025-05-28,CRUDEOIL,2025-10-20,0.0,0.0,0.0,5100.0,5100.0,0,0
2025-05-28,CRUDEOIL,2025-11-19,0.0,0.0,0.0,5079.0,5079.0,0,0
2025-05-28,CRUDEOILM,2025-06-18,5250.0,5352.0,5218.0,5309.0,5194.0,33076,13577
2025-05-28,CRUDEOILM,2025-07-21,5229.0,5319.0,5190.0,5275.0,5172.0,5021,5002
2025-05-28,CRUDEOILM,2025-08-19,5241.0,5291.0,5171.0,5256.0,5161.0,833,1215
2025-05-28,CRUDEOILM,2025-09-19,0.0,0.0,0.0,5132.0,5132.0,0,0
2025-05-28,CRUDEOILM,2025-10-20,0.0,0.0,0.0,5111.0,5111.0,0,0
2025-05-28,CRUDEOILM,2025-11-19,0.0,0.0,0.0,5091.0,5091.0,0,0
2025-05-29,CRUDEOIL,2025-06-18,5351.0,5398.0,5187.0,5215.0,5306.0,27338,11683
2025-05-29,CRUDEOIL,2025-07-21,5332.0,5359.0,5158.0,5175.0,5274.0,3404,3531
2025-05-29,CRUDEOIL,2025-08-19,5304.0,5361.0,5131.0,5146.0,5269.0,961,1197
2025-05-29,CRUDEOIL,2025-09-19,0.0,0.0,0.0,5215.0,5215.0,0,0
2025-05-29,CRUDEOIL,2025-10-20,0.0,0.0,0.0,5185.0,5185.0,0,0
2025-05-29,CRUDEOIL,2025-11-19,0.0,0.0,0.0,5156.0,5156.0,0,0
2025-05-29,CRUDEOILM,2025-06-18,5342.0,5398.0,5190.0,5219.0,5309.0,37834,16723
2025-05-29,CRUDEOILM,2025-07-21,5329.0,5360.0,5164.0,5181.0,5275.0,7293,6892
2025-05-29,CRUDEOILM,2025-08-19,5293.0,5350.0,5139.0,5161.0,5256.0,1703,1802
2025-05-29,CRUDEOILM,2025-09-19,0.0,0.0,0.0,5213.0,5213.0,0,0
2025-05-29,CRUDEOILM,2025-10-20,0.0,0.0,0.0,5181.0,5181.0,0,0
2025-05-29,CRUDEOILM,2025-11-19,0.0,0.0,0.0,5150.0,5150.0,0,0
2025-05-30,CRUDEOIL,2025-06-18,5192.0,5290.0,5132.0,5203.0,5215.0,37781,10230
2025-05-30,CRUDEOIL,2025-07-21,5154.0,5250.0,5100.0,5146.0,5175.0,5789,5374
2025-05-30,CRUDEOIL,2025-08-19,5122.0,5211.0,5068.0,5105.0,5146.0,711,1475
2025-05-30,CRUDEOIL,2025-09-19,0.0,0.0,0.0,5102.0,5102.0,0,0
2025-05-30,CRUDEOIL,2025-10-20,0.0,0.0,0.0,5064.0,5064.0,0,0
2025-05-30,CRUDEOIL,2025-11-19,0.0,0.0,0.0,5028.0,5028.0,0,0
2025-05-30,CRUDEOILM,2025-06-18,5200.0,5292.0,5140.0,5205.0,5219.0,46170,16769
2025-05-30,CRUDEOILM,2025-07-21,5163.0,5252.0,5106.0,5151.0,5181.0,9085,8318
2025-05-30,CRUDEOILM,2025-08-19,5149.0,5215.0,5077.0,5116.0,5161.0,2058,2509
2025-05-30,CRUDEOILM,2025-09-19,0.0,0.0,0.0,5111.0,5111.0,0,0
2025-05-30,CRUDEOILM,2025-10-20,0.0,0.0,0.0,5076.0,5076.0,0,0
2025-05-30,CRUDEOILM,2025-11-19,0.0,0.0,0.0,5041.0,5041.0,0,0
2025-06-02,CRUDEOIL,2025-06-18,5250.0,5458.0,5250.0,5375.0,5203.0,36674,6088
2025-06-02,CRUDEOIL,2025-07-21,5230.0,5386.0,5230.0,5314.0,5146.0,5740,6128
2025-06-02,CRUDEOIL,2025-08-19,5234.0,5325.0,5215.0,5257.0,5105.0,1726,1195
2025-06-02,CRUDEOIL,2025-09-19,0.0,0.0,0.0,5042.0,5042.0,0,0
2025-06-02,CRUDEOIL,2025-10-20,0.0,0.0,0.0,4988.0,4988.0,0,0
2025-06-02,CRUDEOIL,2025-11-19,0.0,0.0,0.0,4937.0,4937.0,0,0
2025-06-02,CRUDEOILM,2025-06-18,5250.0,5458.0,5250.0,5376.0,5205.0,46649,8763
2025-06-02,CRUDEOILM,2025-07-21,5249.0,5388.0,5249.0,5316.0,5151.0,10921,5053
2025-06-02,CRUDEOILM,2025-08-19,5210.0,5334.0,5208.0,5263.0,5116.0,2580,2123
2025-06-02,CRUDEOILM,2025-09-19,5254.0,5255.0,5244.0,5251.0,5052.0,3,2
2025-06-02,CRUDEOILM,2025-10-20,0.0,0.0,0.0,5002.0,5002.0,0,0
2025-06-02,CRUDEOILM,2025-11-19,0.0,0.0,0.0,4953.0,4953.0,0,0
2025-06-03,CRUDEOIL,2025-06-18,5390.0,5478.0,5347.0,5455.0,5375.0,20956,7817
2025-06-03,CRUDEOIL,2025-07-21,5319.0,5412.0,5287.0,5395.0,5314.0,2441,5992
2025-06-03,CRUDEOIL,2025-08-19,5266.0,5353.0,5232.0,5342.0,5257.0,777,830
2025-06-03,CRUDEOIL,2025-09-19,0.0,0.0,0.0,5203.0,5203.0,0,0
2025-06-03,CRUDEOIL,2025-10-20,0.0,0.0,0.0,5145.0,5145.0,0,0
2025-06-03,CRUDEOIL,2025-11-19,0.0,0.0,0.0,5090.0,5090.0,0,0
2025-06-03,CRUDEOILM,2025-06-18,5392.0,5475.0,5347.0,5454.0,5376.0,27353,8886
2025-06-03,CRUDEOILM,2025-07-21,5337.0,5414.0,5290.0,5401.0,5316.0,5405,4287
2025-06-03,CRUDEOILM,2025-08-19,5261.0,5354.0,5233.0,5344.0,5263.0,1557,1816
2025-06-03,CRUDEOILM,2025-09-19,5249.0,5340.0,5239.0,5294.0,5251.0,11,6
2025-06-03,CRUDEOILM,2025-10-20,0.0,0.0,0.0,5150.0,5150.0,0,0
2025-06-03,CRUDEOILM,2025-11-19,0.0,0.0,0.0,5096.0,5096.0,0,0
2025-06-04,CRUDEOIL,2025-06-18,5421.0,5491.0,5352.0,5386.0,5455.0,33188,6286
2025-06-04,CRUDEOIL,2025-07-21,5370.0,5427.0,5298.0,5327.0,5395.0,3139,6394
2025-06-04,CRUDEOIL,2025-08-19,5311.0,5374.0,5250.0,5268.0,5342.0,908,824
2025-06-04,CRUDEOIL,2025-09-19,0.0,0.0,0.0,5427.0,5427.0,0,0
2025-06-04,CRUDEOIL,2025-10-20,0.0,0.0,0.0,5427.0,5427.0,0,0
2025-06-04,CRUDEOIL,2025-11-19,0.0,0.0,0.0,5427.0,5427.0,0,0
2025-06-04,CRUDEOILM,2025-06-18,5421.0,5490.0,5354.0,5386.0,5454.0,38050,8817
2025-06-04,CRUDEOILM,2025-07-21,5369.0,5429.0,5300.0,5332.0,5401.0,5895,5243
2025-06-04,CRUDEOILM,2025-08-19,5322.0,5373.0,5253.0,5289.0,5344.0,1908,2033
2025-06-04,CRUDEOILM,2025-09-19,5339.0,5356.0,5310.0,5329.0,5294.0,23,25
2025-06-04,CRUDEOILM,2025-10-20,0.0,0.0,0.0,5427.0,5427.0,0,0
2025-06-04,CRUDEOILM,2025-11-19,0.0,0.0,0.0,5427.0,5427.0,0,0
2025-06-05,CRUDEOIL,2025-06-18,5385.0,5489.0,5371.0,5442.0,5386.0,18945,6761
2025-06-05,CRUDEOIL,2025-07-21,5333.0,5428.0,5315.0,5388.0,5327.0,1994,6317
2025-06-05,CRUDEOIL,2025-08-19,5284.0,5367.0,5261.0,5323.0,5268.0,297,816
2025-06-05,CRUDEOIL,2025-09-19,0.0,0.0,0.0,5248.0,5248.0,0,0
2025-06-05,CRUDEOIL,2025-10-20,0.0,0.0,0.0,5199.0,5199.0,0,0
2025-06-05,CRUDEOIL,2025-11-19,0.0,0.0,0.0,5170.0,5170.0,0,0
2025-06-05,CRUDEOILM,2025-06-18,5386.0,5486.0,5372.0,5443.0,5386.0,25128,7534
2025-06-05,CRUDEOILM,2025-07-21,5300.0,5428.0,5296.0,5390.0,5332.0,4133,4922
2025-06-05,CRUDEOILM,2025-08-19,5280.0,5367.0,5268.0,5327.0,5289.0,1123,1918
2025-06-05,CRUDEOILM,2025-09-19,5284.0,5385.0,5234.0,5312.0,5329.0,15,20
2025-06-05,CRUDEOILM,2025-10-20,0.0,0.0,0.0,5199.0,5199.0,0,0
2025-06-05,CRUDEOILM,2025-11-19,0.0,0.0,0.0,5170.0,5170.0,0,0
2025-06-06,CRUDEOIL,2025-06-18,5425.0,5562.0,5392.0,5534.0,5442.0,25799,8865
2025-06-06,CRUDEOIL,2025-07-21,5379.0,5491.0,5339.0,5470.0,5388.0,3010,6200
2025-06-06,CRUDEOIL,2025-08-19,5315.0,5427.0,5280.0,5402.0,5323.0,461,780
2025-06-06,CRUDEOIL,2025-09-19,0.0,0.0,0.0,5295.0,5295.0,0,0
2025-06-06,CRUDEOIL,2025-10-20,0.0,0.0,0.0,5243.0,5243.0,0,0
2025-06-06,CRUDEOIL,2025-11-19,0.0,0.0,0.0,5212.0,5212.0,0,0
2025-06-06,CRUDEOILM,2025-06-18,5430.0,5561.0,5392.0,5536.0,5443.0,28888,7428
2025-06-06,CRUDEOILM,2025-07-21,5372.0,5492.0,5343.0,5474.0,5390.0,5713,4453
2025-06-06,CRUDEOILM,2025-08-19,5306.0,5430.0,5284.0,5413.0,5327.0,1905,1740
2025-06-06,CRUDEOILM,2025-09-19,5314.0,5420.0,5314.0,5380.0,5312.0,8,21
2025-06-06,CRUDEOILM,2025-10-20,0.0,0.0,0.0,5243.0,5243.0,0,0
2025-06-06,CRUDEOILM,2025-11-19,0.0,0.0,0.0,5212.0,5212.0,0,0
2025-06-09,CRUDEOIL,2025-06-18,5561.0,5593.0,5497.0,5565.0,5534.0,19950,8536
2025-06-09,CRUDEOIL,2025-07-21,5461.0,5524.0,5437.0,5500.0,5470.0,2502,6311
2025-06-09,CRUDEOIL,2025-08-19,5397.0,5462.0,5379.0,5437.0,5402.0,239,751
2025-06-09,CRUDEOIL,2025-09-19,0.0,0.0,0.0,5368.0,5368.0,0,0
2025-06-09,CRUDEOIL,2025-10-20,0.0,0.0,0.0,5309.0,5309.0,0,0
2025-06-09,CRUDEOIL,2025-11-19,0.0,0.0,0.0,5269.0,5269.0,0,0
2025-06-09,CRUDEOILM,2025-06-18,5581.0,5654.0,5496.0,5564.0,5536.0,21901,6850
2025-06-09,CRUDEOILM,2025-07-21,5500.0,5525.0,5440.0,5498.0,5474.0,4611,4607
2025-06-09,CRUDEOILM,2025-08-19,5401.0,5464.0,5378.0,5433.0,5413.0,1380,2099
2025-06-09,CRUDEOILM,2025-09-19,5443.0,5443.0,5401.0,5426.0,5380.0,4,25
2025-06-09,CRUDEOILM,2025-10-20,0.0,0.0,0.0,5309.0,5309.0,0,0
2025-06-09,CRUDEOILM,2025-11-19,0.0,0.0,0.0,5269.0,5269.0,0,0
2025-06-10,CRUDEOIL,2025-06-18,5608.0,5668.0,5576.0,5583.0,5565.0,27081,8289
2025-06-10,CRUDEOIL,2025-07-21,5541.0,5590.0,5506.0,5511.0,5500.0,3224,6316
2025-06-10,CRUDEOIL,2025-08-19,5475.0,5520.0,5445.0,5451.0,5437.0,698,756
2025-06-10,CRUDEOIL,2025-09-19,0.0,0.0,0.0,5381.0,5381.0,0,0
2025-06-10,CRUDEOIL,2025-10-20,0.0,0.0,0.0,5319.0,5319.0,0,0
2025-06-10,CRUDEOIL,2025-11-19,0.0,0.0,0.0,5281.0,5281.0,0,0
2025-06-10,CRUDEOILM,2025-06-18,5597.0,5669.0,5579.0,5584.0,5564.0,25478,7805
2025-06-10,CRUDEOILM,2025-07-21,5542.0,5588.0,5510.0,5515.0,5498.0,5132,4788
2025-06-10,CRUDEOILM,2025-08-19,5465.0,5523.0,5450.0,5457.0,5433.0,1842,1889
2025-06-10,CRUDEOILM,2025-09-19,5475.0,5484.0,5450.0,5472.0,5426.0,8,26
2025-06-10,CRUDEOILM,2025-10-20,0.0,0.0,0.0,5319.0,5319.0,0,0
2025-06-10,CRUDEOILM,2025-11-19,0.0,0.0,0.0,5281.0,5281.0,0,0
2025-06-11,CRUDEOIL,2025-06-18,5554.0,5751.0,5534.0,5731.0,5583.0,38639,12347
2025-06-11,CRUDEOIL,2025-07-21,5501.0,5664.0,5463.0,5642.0,5511.0,6847,6662
2025-06-11,CRUDEOIL,2025-08-19,5426.0,5582.0,5398.0,5567.0,5451.0,678,837
2025-06-11,CRUDEOIL,2025-09-19,0.0,0.0,0.0,5407.0,5407.0,0,0
2025-06-11,CRUDEOIL,2025-10-20,0.0,0.0,0.0,5343.0,5343.0,0,0
2025-06-11,CRUDEOIL,2025-11-19,0.0,0.0,0.0,5305.0,5305.0,0,0
2025-06-11,CRUDEOILM,2025-06-18,5554.0,5750.0,5533.0,5729.0,5584.0,37818,9953
2025-06-11,CRUDEOILM,2025-07-21,5476.0,5663.0,5465.0,5642.0,5515.0,9072,4608
2025-06-11,CRUDEOILM,2025-08-19,5412.0,5580.0,5390.0,5568.0,5457.0,2870,2382
2025-06-11,CRUDEOILM,2025-09-19,5430.0,5551.0,5375.0,5514.0,5472.0,28,31
2025-06-11,CRUDEOILM,2025-10-20,0.0,0.0,0.0,5343.0,5343.0,0,0
2025-06-11,CRUDEOILM,2025-11-19,0.0,0.0,0.0,5305.0,5305.0,0,0
2025-06-12,CRUDEOIL,2025-06-18,5788.0,5858.0,5704.0,5844.0,5731.0,35088,12142
2025-06-12,CRUDEOIL,2025-07-21,5690.0,5749.0,5621.0,5733.0,5642.0,8408,6782
2025-06-12,CRUDEOIL,2025-08-19,5605.0,5669.0,5531.0,5648.0,5567.0,1489,855
2025-06-12,CRUDEOIL,2025-09-19,0.0,0.0,0.0,5547.0,5547.0,0,0
2025-06-12,CRUDEOIL,2025-10-20,0.0,0.0,0.0,5473.0,5473.0,0,0
2025-06-12,CRUDEOIL,2025-11-19,0.0,0.0,0.0,5423.0,5423.0,0,0
2025-06-12,CRUDEOILM,2025-06-18,5749.0,5855.0,5706.0,5843.0,5729.0,33092,8425
2025-06-12,CRUDEOILM,2025-07-21,5696.0,5749.0,5624.0,5732.0,5642.0,10545,4687
2025-06-12,CRUDEOILM,2025-08-19,5598.0,5665.0,5534.0,5651.0,5568.0,2868,2536
2025-06-12,CRUDEOILM,2025-09-19,5624.0,5658.0,5554.0,5628.0,5514.0,38,39
2025-06-12,CRUDEOILM,2025-10-20,0.0,0.0,0.0,5473.0,5473.0,0,0
2025-06-12,CRUDEOILM,2025-11-19,0.0,0.0,0.0,5423.0,5423.0,0,0
2025-06-13,CRUDEOIL,2025-06-18,6077.0,6465.0,6077.0,6285.0,5844.0,80416,11748
2025-06-13,CRUDEOIL,2025-07-21,5962.0,6311.0,5962.0,6161.0,5733.0,31435,5623
2025-06-13,CRUDEOIL,2025-08-19,5873.0,6156.0,5867.0,6032.0,5648.0,6522,975
2025-06-13,CRUDEOIL,2025-09-19,0.0,0.0,0.0,5631.0,5631.0,0,0
2025-06-13,CRUDEOIL,2025-10-20,0.0,0.0,0.0,5546.0,5546.0,0,0
2025-06-13,CRUDEOIL,2025-11-19,0.0,0.0,0.0,5493.0,5493.0,0,0
2025-06-13,CRUDEOILM,2025-06-18,5958.0,6466.0,5958.0,6283.0,5843.0,68395,6785
2025-06-13,CRUDEOILM,2025-07-21,5800.0,6307.0,5800.0,6159.0,5732.0,31731,6097
2025-06-13,CRUDEOILM,2025-08-19,5877.0,6159.0,5866.0,6026.0,5651.0,7935,2171
2025-06-13,CRUDEOILM,2025-09-19,5853.0,6054.0,5798.0,5953.0,5628.0,66,48
2025-06-13,CRUDEOILM,2025-10-20,0.0,0.0,0.0,5546.0,5546.0,0,0
2025-06-13,CRUDEOILM,2025-11-19,0.0,0.0,0.0,5493.0,5493.0,0,0
2025-06-16,CRUDEOIL,2025-06-18,6343.0,6370.0,5952.0,6171.0,6285.0,58437,11277
2025-06-16,CRUDEOIL,2025-07-21,6215.0,6238.0,5843.0,6048.0,6161.0,25810,7210
2025-06-16,CRUDEOIL,2025-08-19,6092.0,6100.0,5729.0,5917.0,6032.0,3009,1216
2025-06-16,CRUDEOIL,2025-09-19,5931.0,5936.0,5883.0,5914.0,5998.0,22,12
2025-06-16,CRUDEOIL,2025-10-20,0.0,0.0,0.0,5872.0,5872.0,0,0
2025-06-16,CRUDEOIL,2025-11-19,0.0,0.0,0.0,5790.0,5790.0,0,0
2025-06-16,CRUDEOILM,2025-06-18,6343.0,6371.0,5954.0,6171.0,6283.0,55516,4768
2025-06-16,CRUDEOILM,2025-07-21,6210.0,6241.0,5848.0,6045.0,6159.0,32148,6941
2025-06-16,CRUDEOILM,2025-08-19,6112.0,6113.0,5744.0,5916.0,6026.0,5438,2684
2025-06-16,CRUDEOILM,2025-09-19,6089.0,6089.0,5735.0,5900.0,5953.0,181,113
2025-06-16,CRUDEOILM,2025-10-20,5750.0,5750.0,5750.0,5750.0,5872.0,1,1
2025-06-16,CRUDEOILM,2025-11-19,0.0,0.0,0.0,5790.0,5790.0,0,0
2025-06-17,CRUDEOIL,2025-06-18,6189.0,6445.0,6125.0,6426.0,6171.0,18631,7787
2025-06-17,CRUDEOIL,2025-07-21,6080.0,6320.0,6014.0,6299.0,6048.0,36489,7031
2025-06-17,CRUDEOIL,2025-08-19,5963.0,6200.0,5906.0,6184.0,5917.0,2097,828
2025-06-17,CRUDEOIL,2025-09-19,5939.0,6115.0,5877.0,6065.0,5914.0,56,37
2025-06-17,CRUDEOIL,2025-10-20,0.0,0.0,0.0,5777.0,5777.0,0,0
2025-06-17,CRUDEOIL,2025-11-19,0.0,0.0,0.0,5709.0,5709.0,0,0
2025-06-17,CRUDEOILM,2025-06-18,6182.0,6445.0,6122.0,6422.0,6171.0,21181,3884
2025-06-17,CRUDEOILM,2025-07-21,6001.0,6320.0,6001.0,6302.0,6045.0,38329,7421
2025-06-17,CRUDEOILM,2025-08-19,5950.0,6212.0,5906.0,6183.0,5916.0,4939,2627
2025-06-17,CRUDEOILM,2025-09-19,5940.0,6159.0,5896.0,6139.0,5900.0,364,211
2025-06-17,CRUDEOILM,2025-10-20,5980.0,6094.0,5980.0,6063.0,5750.0,4,5
2025-06-17,CRUDEOILM,2025-11-19,0.0,0.0,0.0,5709.0,5709.0,0,0
2025-06-18,CRUDEOIL,2025-06-18,6503.0,6575.0,6303.0,6453.0,6426.0,15840,2227
2025-06-18,CRUDEOIL,2025-07-21,6395.0,6430.0,6155.0,6334.0,6299.0,55580,8816
2025-06-18,CRUDEOIL,2025-08-19,6248.0,6299.0,6058.0,6203.0,6184.0,2792,968
2025-06-18,CRUDEOIL,2025-09-19,6143.0,6199.0,6010.0,6120.0,6065.0,64,78
2025-06-18,CRUDEOIL,2025-10-20,0.0,0.0,0.0,6000.0,6000.0,0,0
2025-06-18,CRUDEOIL,2025-11-19,0.0,0.0,0.0,5918.0,5918.0,0,0
2025-06-18,CRUDEOILM,2025-06-18,6499.0,6562.0,6300.0,6457.0,6422.0,13389,2382
2025-06-18,CRUDEOILM,2025-07-21,6369.0,6428.0,6177.0,6327.0,6302.0,60485,8614
2025-06-18,CRUDEOILM,2025-08-19,6210.0,6294.0,6060.0,6206.0,6183.0,6042,2661
2025-06-18,CRUDEOILM,2025-09-19,6190.0,6244.0,6010.0,6136.0,6139.0,543,321
2025-06-18,CRUDEOILM,2025-10-20,5978.0,6192.0,5901.0,6080.0,6063.0,9,4
2025-06-18,CRUDEOILM,2025-11-19,0.0,0.0,0.0,5918.0,5918.0,0,0
2025-06-19,CRUDEOIL,2025-07-21,6360.0,6585.0,6350.0,6449.0,6334.0,46273,8872
2025-06-19,CRUDEOIL,2025-08-19,6223.0,6435.0,6222.0,6300.0,6203.0,3545,1190
2025-06-19,CRUDEOIL,2025-09-19,6140.0,6315.0,6136.0,6225.0,6120.0,313,291
2025-06-19,CRUDEOIL,2025-10-20,0.0,0.0,0.0,6039.0,6039.0,0,0
2025-06-19,CRUDEOIL,2025-11-19,0.0,0.0,0.0,5957.0,5957.0,0,0
2025-06-19,CRUDEOIL,2025-12-18,0.0,0.0,0.0,5936.0,5936.0,0,0
2025-06-19,CRUDEOILM,2025-07-21,6393.0,6580.0,6348.0,6448.0,6327.0,62043,9936
2025-06-19,CRUDEOILM,2025-08-19,6214.0,6433.0,6214.0,6309.0,6206.0,7327,2897
2025-06-19,CRUDEOILM,2025-09-19,6159.0,6331.0,6145.0,6221.0,6136.0,965,578
2025-06-19,CRUDEOILM,2025-10-20,6233.0,6305.0,6190.0,6246.0,6080.0,17,13
2025-06-19,CRUDEOILM,2025-11-19,0.0,0.0,0.0,5957.0,5957.0,0,0
2025-06-19,CRUDEOILM,2025-12-18,0.0,0.0,0.0,5936.0,5936.0,0,0
2025-06-20,CRUDEOIL,2025-07-21,6380.0,6465.0,6281.0,6404.0,6449.0,33278,8856
2025-06-20,CRUDEOIL,2025-08-19,6276.0,6300.0,6160.0,6270.0,6300.0,2691,1145
2025-06-20,CRUDEOIL,2025-09-19,6152.0,6203.0,6065.0,6153.0,6225.0,166,355
2025-06-20,CRUDEOIL,2025-10-20,0.0,0.0,0.0,6039.0,6039.0,0,0
2025-06-20,CRUDEOIL,2025-11-19,0.0,0.0,0.0,5957.0,5957.0,0,0
2025-06-20,CRUDEOIL,2025-12-18,0.0,0.0,0.0,5895.0,5895.0,0,0
2025-06-20,CRUDEOILM,2025-07-21,6447.0,6448.0,6280.0,6404.0,6448.0,52011,8970
2025-06-20,CRUDEOILM,2025-08-19,6255.0,6302.0,6150.0,6273.0,6309.0,5040,3151
2025-06-20,CRUDEOILM,2025-09-19,6173.0,6250.0,6076.0,6183.0,6221.0,845,602
2025-06-20,CRUDEOILM,2025-10-20,0.0,0.0,0.0,6246.0,6246.0,0,13
2025-06-20,CRUDEOILM,2025-11-19,0.0,0.0,0.0,5957.0,5957.0,0,0
2025-06-20,CRUDEOILM,2025-12-18,0.0,0.0,0.0,5895.0,5895.0,0,0
2025-06-23,CRUDEOIL,2025-07-21,6475.0,6550.0,6020.0,6046.0,6404.0,74286,11048
2025-06-23,CRUDEOIL,2025-08-19,6428.0,6428.0,5894.0,5944.0,6270.0,8286,2308
2025-06-23,CRUDEOIL,2025-09-19,6262.0,6322.0,5820.0,5859.0,6153.0,447,573
2025-06-23,CRUDEOIL,2025-10-20,0.0,0.0,0.0,6118.0,6118.0,0,0
2025-06-23,CRUDEOIL,2025-11-19,0.0,0.0,0.0,6020.0,6020.0,0,0
2025-06-23,CRUDEOIL,2025-12-18,0.0,0.0,0.0,5957.0,5957.0,0,0
2025-06-23,CRUDEOILM,2025-07-21,6523.0,6550.0,6020.0,6046.0,6404.0,104035,15300
2025-06-23,CRUDEOILM,2025-08-19,6469.0,6469.0,5897.0,5943.0,6273.0,14142,5328
2025-06-23,CRUDEOILM,2025-09-19,6325.0,6325.0,5825.0,5876.0,6183.0,1877,1352
2025-06-23,CRUDEOILM,2025-10-20,6200.0,6240.0,5874.0,6075.0,6118.0,16,25
2025-06-23,CRUDEOILM,2025-11-19,5780.0,5780.0,5780.0,5780.0,6020.0,1,1
2025-06-23,CRUDEOILM,2025-12-18,0.0,0.0,0.0,5957.0,5957.0,0,0
2025-06-24,CRUDEOIL,2025-07-21,5805.0,5805.0,5512.0,5583.0,6046.0,64216,13356
2025-06-24,CRUDEOIL,2025-08-19,5714.0,5714.0,5441.0,5503.0,5944.0,11031,4399
2025-06-24,CRUDEOIL,2025-09-19,5625.0,5668.0,5399.0,5439.0,5859.0,452,805
2025-06-24,CRUDEOIL,2025-10-20,0.0,0.0,0.0,5792.0,5792.0,0,0
2025-06-24,CRUDEOIL,2025-11-19,0.0,0.0,0.0,5730.0,5730.0,0,0
2025-06-24,CRUDEOIL,2025-12-18,0.0,0.0,0.0,5682.0,5682.0,0,0
2025-06-24,CRUDEOILM,2025-07-21,5805.0,5805.0,5517.0,5584.0,6046.0,87711,19184
2025-06-24,CRUDEOILM,2025-08-19,5706.0,5735.0,5444.0,5503.0,5943.0,15461,7575
2025-06-24,CRUDEOILM,2025-09-19,5650.0,5683.0,5406.0,5454.0,5876.0,2043,2064
2025-06-24,CRUDEOILM,2025-10-20,5832.0,5832.0,5450.0,5490.0,6075.0,76,94
2025-06-24,CRUDEOILM,2025-11-19,0.0,0.0,0.0,5780.0,5780.0,0,1
2025-06-24,CRUDEOILM,2025-12-18,0.0,0.0,0.0,5682.0,5682.0,0,0
2025-06-25,CRUDEOIL,2025-07-21,5600.0,5696.0,5571.0,5643.0,5583.0,28266,12037
2025-06-25,CRUDEOIL,2025-08-19,5563.0,5587.0,5482.0,5545.0,5503.0,2776,4557
2025-06-25,CRUDEOIL,2025-09-19,5487.0,5512.0,5431.0,5482.0,5439.0,145,834
2025-06-25,CRUDEOIL,2025-10-20,0.0,0.0,0.0,5390.0,5390.0,0,0
2025-06-25,CRUDEOIL,2025-11-19,0.0,0.0,0.0,5344.0,5344.0,0,0
2025-06-25,CRUDEOIL,2025-12-18,0.0,0.0,0.0,5322.0,5322.0,0,0
2025-06-25,CRUDEOILM,2025-07-21,5630.0,5695.0,5574.0,5647.0,5584.0,43543,17716
2025-06-25,CRUDEOILM,2025-08-19,5560.0,5590.0,5484.0,5547.0,5503.0,5036,7533
2025-06-25,CRUDEOILM,2025-09-19,5487.0,5520.0,5435.0,5482.0,5454.0,892,2280
2025-06-25,CRUDEOILM,2025-10-20,5529.0,5551.0,5500.0,5521.0,5490.0,18,91
2025-06-25,CRUDEOILM,2025-11-19,5555.0,5555.0,5555.0,5555.0,5344.0,1,1
2025-06-25,CRUDEOILM,2025-12-18,0.0,0.0,0.0,5322.0,5322.0,0,0
2025-06-26,CRUDEOIL,2025-07-21,5618.0,5703.0,5557.0,5625.0,5643.0,32287,13443
2025-06-26,CRUDEOIL,2025-08-19,5524.0,5597.0,5458.0,5528.0,5545.0,2324,4590
2025-06-26,CRUDEOIL,2025-09-19,5455.0,5500.0,5403.0,5450.0,5482.0,173,895
2025-06-26,CRUDEOIL,2025-10-20,0.0,0.0,0.0,5390.0,5390.0,0,0
2025-06-26,CRUDEOIL,2025-11-19,0.0,0.0,0.0,5323.0,5323.0,0,0
2025-06-26,CRUDEOIL,2025-12-18,0.0,0.0,0.0,5287.0,5287.0,0,0
2025-06-26,CRUDEOILM,2025-07-21,5605.0,5704.0,5561.0,5628.0,5647.0,40027,16762
2025-06-26,CRUDEOILM,2025-08-19,5505.0,5598.0,5455.0,5531.0,5547.0,4705,7700
2025-06-26,CRUDEOILM,2025-09-19,5447.0,5510.0,5411.0,5453.0,5482.0,884,2449
2025-06-26,CRUDEOILM,2025-10-20,5491.0,5534.0,5454.0,5505.0,5521.0,14,96
2025-06-26,CRUDEOILM,2025-11-19,0.0,0.0,0.0,5555.0,5555.0,0,1
2025-06-26,CRUDEOILM,2025-12-18,0.0,0.0,0.0,5287.0,5287.0,0,0
2025-06-27,CRUDEOIL,2025-07-21,5619.0,5658.0,5550.0,5601.0,5625.0,22618,14054
2025-06-27,CRUDEOIL,2025-08-19,5525.0,5550.0,5450.0,5503.0,5528.0,1764,4729
2025-06-27,CRUDEOIL,2025-09-19,5446.0,5466.0,5375.0,5416.0,5450.0,75,903
2025-06-27,CRUDEOIL,2025-10-20,0.0,0.0,0.0,5396.0,5396.0,0,0
2025-06-27,CRUDEOIL,2025-11-19,0.0,0.0,0.0,5337.0,5337.0,0,0
2025-06-27,CRUDEOIL,2025-12-18,0.0,0.0,0.0,5303.0,5303.0,0,0
2025-06-27,CRUDEOILM,2025-07-21,5610.0,5659.0,5555.0,5604.0,5628.0,30334,17348
2025-06-27,CRUDEOILM,2025-08-19,5500.0,5551.0,5452.0,5507.0,5531.0,3230,8181
2025-06-27,CRUDEOILM,2025-09-19,5451.0,5476.0,5405.0,5440.0,5453.0,449,2532
2025-06-27,CRUDEOILM,2025-10-20,5490.0,5510.0,5432.0,5447.0,5505.0,18,103
2025-06-27,CRUDEOILM,2025-11-19,0.0,0.0,0.0,5337.0,5337.0,0,1
2025-06-27,CRUDEOILM,2025-12-18,0.0,0.0,0.0,5303.0,5303.0,0,0
2025-06-30,CRUDEOIL,2025-07-21,5589.0,5644.0,5553.0,5581.0,5601.0,16800,15420
2025-06-30,CRUDEOIL,2025-08-19,5487.0,5544.0,5467.0,5492.0,5503.0,1618,4907
2025-06-30,CRUDEOIL,2025-09-19,5407.0,5470.0,5400.0,5420.0,5416.0,252,1076
2025-06-30,CRUDEOIL,2025-10-20,5440.0,5440.0,5440.0,5440.0,5379.0,1,1
2025-06-30,CRUDEOIL,2025-11-19,0.0,0.0,0.0,5317.0,5317.0,0,0
2025-06-30,CRUDEOIL,2025-12-18,0.0,0.0,0.0,5277.0,5277.0,0,0
2025-06-30,CRUDEOILM,2025-07-21,5690.0,5728.0,5557.0,5583.0,5604.0,23103,17833
2025-06-30,CRUDEOILM,2025-08-19,5519.0,5546.0,5473.0,5499.0,5507.0,3236,8442
2025-06-30,CRUDEOILM,2025-09-19,5424.0,5477.0,5410.0,5437.0,5440.0,452,2599
2025-06-30,CRUDEOILM,2025-10-20,5444.0,5475.0,5441.0,5465.0,5447.0,18,104
2025-06-30,CRUDEOILM,2025-11-19,0.0,0.0,0.0,5317.0,5317.0,0,1
2025-06-30,CRUDEOILM,2025-12-18,0.0,0.0,0.0,5277.0,5277.0,0,0
2025-07-01,CRUDEOIL,2025-07-21,5559.0,5653.0,5528.0,5615.0,5581.0,16513,14054
2025-07-01,CRUDEOIL,2025-08-19,5481.0,5558.0,5464.0,5524.0,5492.0,1881,4906
2025-07-01,CRUDEOIL,2025-09-19,5417.0,5486.0,5397.0,5458.0,5420.0,321,1107
2025-07-01,CRUDEOIL,2025-10-20,0.0,0.0,0.0,5440.0,5440.0,0,1
2025-07-01,CRUDEOIL,2025-11-19,0.0,0.0,0.0,5317.0,5317.0,0,0
2025-07-01,CRUDEOIL,2025-12-18,0.0,0.0,0.0,5277.0,5277.0,0,0
2025-07-01,CRUDEOILM,2025-07-21,5548.0,5654.0,5548.0,5617.0,5583.0,26546,16681
2025-07-01,CRUDEOILM,2025-08-19,5475.0,5559.0,5466.0,5525.0,5499.0,3644,8235
2025-07-01,CRUDEOILM,2025-09-19,5400.0,5487.0,5400.0,5455.0,5437.0,746,2682
2025-07-01,CRUDEOILM,2025-10-20,5429.0,5490.0,5429.0,5455.0,5465.0,20,102
2025-07-01,CRUDEOILM,2025-11-19,5415.0,5424.0,5415.0,5420.0,5317.0,2,3
2025-07-01,CRUDEOILM,2025-12-18,0.0,0.0,0.0,5277.0,5277.0,0,0
2025-07-02,CRUDEOIL,2025-07-21,5613.0,5787.0,5603.0,5753.0,5615.0,26342,12920
2025-07-02,CRUDEOIL,2025-08-19,5522.0,5683.0,5513.0,5654.0,5524.0,2735,4453
2025-07-02,CRUDEOIL,2025-09-19,5450.0,5578.0,5440.0,5547.0,5458.0,564,1130
2025-07-02,CRUDEOIL,2025-10-20,0.0,0.0,0.0,5402.0,5402.0,0,1
2025-07-02,CRUDEOIL,2025-11-19,0.0,0.0,0.0,5341.0,5341.0,0,0
2025-07-02,CRUDEOIL,2025-12-18,0.0,0.0,0.0,5303.0,5303.0,0,0
2025-07-02,CRUDEOILM,2025-07-21,5631.0,5784.0,5601.0,5755.0,5617.0,32874,13688
2025-07-02,CRUDEOILM,2025-08-19,5548.0,5680.0,5512.0,5656.0,5525.0,5166,7276
2025-07-02,CRUDEOILM,2025-09-19,5457.0,5575.0,5443.0,5556.0,5455.0,901,2618
2025-07-02,CRUDEOILM,2025-10-20,5470.0,5585.0,5470.0,5555.0,5455.0,24,96
2025-07-02,CRUDEOILM,2025-11-19,5544.0,5544.0,5444.0,5494.0,5420.0,2,3
2025-07-02,CRUDEOILM,2025-12-18,0.0,0.0,0.0,5303.0,5303.0,0,0
2025-07-03,CRUDEOIL,2025-07-21,5734.0,5778.0,5690.0,5724.0,5753.0,22238,11893
2025-07-03,CRUDEOIL,2025-08-19,5630.0,5675.0,5592.0,5628.0,5654.0,1985,4518
2025-07-03,CRUDEOIL,2025-09-19,5527.0,5575.0,5497.0,5532.0,5547.0,435,1093
2025-07-03,CRUDEOIL,2025-10-20,0.0,0.0,0.0,5406.0,5406.0,0,1
2025-07-03,CRUDEOIL,2025-11-19,0.0,0.0,0.0,5346.0,5346.0,0,0
2025-07-03,CRUDEOIL,2025-12-18,0.0,0.0,0.0,5308.0,5308.0,0,0
2025-07-03,CRUDEOILM,2025-07-21,5738.0,5780.0,5691.0,5725.0,5755.0,24636,12818
2025-07-03,CRUDEOILM,2025-08-19,5625.0,5673.0,5594.0,5629.0,5656.0,4355,7222
2025-07-03,CRUDEOILM,2025-09-19,5539.0,5578.0,5497.0,5541.0,5556.0,859,2747
2025-07-03,CRUDEOILM,2025-10-20,5554.0,5578.0,5515.0,5547.0,5555.0,35,89
2025-07-03,CRUDEOILM,2025-11-19,0.0,0.0,0.0,5494.0,5494.0,0,3
2025-07-03,CRUDEOILM,2025-12-18,0.0,0.0,0.0,5308.0,5308.0,0,0
2025-07-04,CRUDEOIL,2025-07-21,5714.0,5735.0,5653.0,5690.0,5724.0,11102,12134
2025-07-04,CRUDEOIL,2025-08-19,5615.0,5633.0,5558.0,5596.0,5628.0,1232,4746
2025-07-04,CRUDEOIL,2025-09-19,5520.0,5539.0,5471.0,5501.0,5532.0,147,1074
2025-07-04,CRUDEOIL,2025-10-20,5518.0,5518.0,5518.0,5518.0,5533.0,1,2
2025-07-04,CRUDEOIL,2025-11-19,0.0,0.0,0.0,5456.0,5456.0,0,0
2025-07-04,CRUDEOIL,2025-12-18,0.0,0.0,0.0,5406.0,5406.0,0,0
2025-07-04,CRUDEOILM,2025-07-21,5702.0,5737.0,5654.0,5693.0,5725.0,17423,13572
2025-07-04,CRUDEOILM,2025-08-19,5615.0,5637.0,5560.0,5601.0,5629.0,2209,7742
2025-07-04,CRUDEOILM,2025-09-19,5510.0,5540.0,5475.0,5515.0,5541.0,507,2892
2025-07-04,CRUDEOILM,2025-10-20,5535.0,5535.0,5475.0,5489.0,5547.0,19,97
2025-07-04,CRUDEOILM,2025-11-19,0.0,0.0,0.0,5456.0,5456.0,0,3
2025-07-04,CRUDEOILM,2025-12-18,0.0,0.0,0.0,5406.0,5406.0,0,0
2025-07-07,CRUDEOIL,2025-07-21,5580.0,5841.0,5580.0,5796.0,5690.0,25928,12356
2025-07-07,CRUDEOIL,2025-08-19,5555.0,5735.0,5555.0,5700.0,5596.0,2867,4102
2025-07-07,CRUDEOIL,2025-09-19,5501.0,5627.0,5471.0,5603.0,5501.0,471,1079
2025-07-07,CRUDEOIL,2025-10-20,0.0,0.0,0.0,5518.0,5518.0,0,2
2025-07-07,CRUDEOIL,2025-11-19,0.0,0.0,0.0,5456.0,5456.0,0,0
2025-07-07,CRUDEOIL,2025-12-18,0.0,0.0,0.0,5406.0,5406.0,0,0
2025-07-07,CRUDEOILM,2025-07-21,5669.0,5840.0,5651.0,5797.0,5693.0,30557,11514
2025-07-07,CRUDEOILM,2025-08-19,5513.0,5734.0,5513.0,5697.0,5601.0,5417,6259
2025-07-07,CRUDEOILM,2025-09-19,5420.0,5632.0,5420.0,5596.0,5515.0,1352,2555
2025-07-07,CRUDEOILM,2025-10-20,5489.0,5620.0,5489.0,5590.0,5489.0,27,91
2025-07-07,CRUDEOILM,2025-11-19,0.0,0.0,0.0,5456.0,5456.0,0,3
2025-07-07,CRUDEOILM,2025-12-18,0.0,0.0,0.0,5406.0,5406.0,0,0
2025-07-08,CRUDEOIL,2025-07-21,5806.0,5914.0,5776.0,5886.0,5796.0,21613,13719
2025-07-08,CRUDEOIL,2025-08-19,5740.0,5811.0,5677.0,5786.0,5700.0,2137,4174
2025-07-08,CRUDEOIL,2025-09-19,5596.0,5713.0,5580.0,5683.0,5603.0,433,965
2025-07-08,CRUDEOIL,2025-10-20,0.0,0.0,0.0,5532.0,5532.0,0,2
2025-07-08,CRUDEOIL,2025-11-19,0.0,0.0,0.0,5460.0,5460.0,0,0
2025-07-08,CRUDEOIL,2025-12-18,0.0,0.0,0.0,5409.0,5409.0,0,0
2025-07-08,CRUDEOILM,2025-07-21,5807.0,5911.0,5774.0,5884.0,5797.0,24211,11808
2025-07-08,CRUDEOILM,2025-08-19,5680.0,5810.0,5677.0,5785.0,5697.0,4337,5893
2025-07-08,CRUDEOILM,2025-09-19,5594.0,5700.0,5580.0,5679.0,5596.0,1100,2330
2025-07-08,CRUDEOILM,2025-10-20,5588.0,5695.0,5582.0,5668.0,5590.0,44,81
2025-07-08,CRUDEOILM,2025-11-19,0.0,0.0,0.0,5460.0,5460.0,0,3
2025-07-08,CRUDEOILM,2025-12-18,0.0,0.0,0.0,5409.0,5409.0,0,0
2025-07-09,CRUDEOIL,2025-07-21,5856.0,5910.0,5809.0,5879.0,5886.0,22337,12218
2025-07-09,CRUDEOIL,2025-08-19,5790.0,5810.0,5715.0,5782.0,5786.0,2564,4594
2025-07-09,CRUDEOIL,2025-09-19,5670.0,5713.0,5620.0,5682.0,5683.0,290,896
2025-07-09,CRUDEOIL,2025-10-20,0.0,0.0,0.0,5649.0,5649.0,0,2
2025-07-09,CRUDEOIL,2025-11-19,0.0,0.0,0.0,5572.0,5572.0,0,0
2025-07-09,CRUDEOIL,2025-12-18,0.0,0.0,0.0,5520.0,5520.0,0,0
2025-07-09,CRUDEOILM,2025-07-21,5852.0,5910.0,5810.0,5880.0,5884.0,23617,10961
2025-07-09,CRUDEOILM,2025-08-19,5780.0,5810.0,5715.0,5782.0,5785.0,4076,5831
2025-07-09,CRUDEOILM,2025-09-19,5674.0,5712.0,5620.0,5684.0,5679.0,900,2314
2025-07-09,CRUDEOILM,2025-10-20,5650.0,5702.0,5612.0,5619.0,5668.0,27,89
2025-07-09,CRUDEOILM,2025-11-19,0.0,0.0,0.0,5572.0,5572.0,0,3
2025-07-09,CRUDEOILM,2025-12-18,0.0,0.0,0.0,5520.0,5520.0,0,0
2025-07-10,CRUDEOIL,2025-07-21,5848.0,5880.0,5710.0,5718.0,5879.0,28204,10451
2025-07-10,CRUDEOIL,2025-08-19,5755.0,5788.0,5629.0,5635.0,5782.0,4623,6257
2025-07-10,CRUDEOIL,2025-09-19,5663.0,5682.0,5548.0,5552.0,5682.0,450,976
2025-07-10,CRUDEOIL,2025-10-20,5571.0,5571.0,5571.0,5571.0,5644.0,1,3
2025-07-10,CRUDEOIL,2025-11-19,0.0,0.0,0.0,5565.0,5565.0,0,0
2025-07-10,CRUDEOIL,2025-12-18,0.0,0.0,0.0,5505.0,5505.0,0,0
2025-07-10,CRUDEOILM,2025-07-21,5852.0,5880.0,5711.0,5719.0,5880.0,29793,10636
2025-07-10,CRUDEOILM,2025-08-19,5764.0,5788.0,5634.0,5641.0,5782.0,6255,7108
2025-07-10,CRUDEOILM,2025-09-19,5663.0,5698.0,5551.0,5565.0,5684.0,1074,2795
2025-07-10,CRUDEOILM,2025-10-20,5655.0,5671.0,5550.0,5569.0,5619.0,40,114
2025-07-10,CRUDEOILM,2025-11-19,5694.0,5694.0,5694.0,5694.0,5565.0,1,4
2025-07-10,CRUDEOILM,2025-12-18,0.0,0.0,0.0,5505.0,5505.0,0,0
2025-07-11,CRUDEOIL,2025-07-21,5748.0,5889.0,5716.0,5881.0,5718.0,22385,9883
2025-07-11,CRUDEOIL,2025-08-19,5681.0,5787.0,5634.0,5779.0,5635.0,2918,5918
2025-07-11,CRUDEOIL,2025-09-19,5570.0,5710.0,5550.0,5693.0,5552.0,338,845
2025-07-11,CRUDEOIL,2025-10-20,5671.0,5671.0,5671.0,5671.0,5571.0,1,2
2025-07-11,CRUDEOIL,2025-11-19,0.0,0.0,0.0,5434.0,5434.0,0,0
2025-07-11,CRUDEOIL,2025-12-18,0.0,0.0,0.0,5389.0,5389.0,0,0
2025-07-11,CRUDEOILM,2025-07-21,5733.0,5888.0,5716.0,5879.0,5719.0,24049,9668
2025-07-11,CRUDEOILM,2025-08-19,5658.0,5787.0,5637.0,5778.0,5641.0,5393,5834
2025-07-11,CRUDEOILM,2025-09-19,5576.0,5707.0,5551.0,5682.0,5565.0,1245,2358
2025-07-11,CRUDEOILM,2025-10-20,5583.0,5681.0,5541.0,5662.0,5569.0,56,97
2025-07-11,CRUDEOILM,2025-11-19,5600.0,5600.0,5600.0,5600.0,5694.0,1,5
2025-07-11,CRUDEOILM,2025-12-18,0.0,0.0,0.0,5389.0,5389.0,0,0
2025-07-14,CRUDEOIL,2025-07-21,5895.0,5993.0,5758.0,5771.0,5881.0,25989,7600
2025-07-14,CRUDEOIL,2025-08-19,5795.0,5882.0,5682.0,5693.0,5779.0,5480,7234
2025-07-14,CRUDEOIL,2025-09-19,5706.0,5790.0,5603.0,5606.0,5693.0,544,965
2025-07-14,CRUDEOIL,2025-10-20,5744.0,5744.0,5744.0,5744.0,5671.0,1,2
2025-07-14,CRUDEOIL,2025-11-19,0.0,0.0,0.0,5572.0,5572.0,0,0
2025-07-14,CRUDEOIL,2025-12-18,0.0,0.0,0.0,5520.0,5520.0,0,0
2025-07-14,CRUDEOILM,2025-07-21,5880.0,5992.0,5761.0,5771.0,5879.0,28650,8340
2025-07-14,CRUDEOILM,2025-08-19,5809.0,5882.0,5687.0,5694.0,5778.0,7731,6785
2025-07-14,CRUDEOILM,2025-09-19,5727.0,5788.0,5608.0,5615.0,5682.0,1703,2639
2025-07-14,CRUDEOILM,2025-10-20,5689.0,5771.0,5610.0,5616.0,5662.0,112,143
2025-07-14,CRUDEOILM,2025-11-19,5734.0,5753.0,5734.0,5749.0,5600.0,5,7
2025-07-14,CRUDEOILM,2025-12-18,0.0,0.0,0.0,5520.0,5520.0,0,0
2025-07-15,CRUDEOIL,2025-07-21,5732.0,5770.0,5684.0,5713.0,5771.0,21890,7222
2025-07-15,CRUDEOIL,2025-08-19,5663.0,5701.0,5619.0,5644.0,5693.0,7003,8950
2025-07-15,CRUDEOIL,2025-09-19,5587.0,5624.0,5543.0,5583.0,5606.0,521,1073
2025-07-15,CRUDEOIL,2025-10-20,0.0,0.0,0.0,5744.0,5744.0,0,2
2025-07-15,CRUDEOIL,2025-11-19,0.0,0.0,0.0,5509.0,5509.0,0,0
2025-07-15,CRUDEOIL,2025-12-18,0.0,0.0,0.0,5470.0,5470.0,0,0
2025-07-15,CRUDEOILM,2025-07-21,5738.0,5774.0,5688.0,5714.0,5771.0,22135,8449
2025-07-15,CRUDEOILM,2025-08-19,5679.0,5709.0,5621.0,5649.0,5694.0,8894,8491
2025-07-15,CRUDEOILM,2025-09-19,5582.0,5632.0,5550.0,5584.0,5615.0,1692,3153
2025-07-15,CRUDEOILM,2025-10-20,5588.0,5615.0,5569.0,5594.0,5616.0,103,194
2025-07-15,CRUDEOILM,2025-11-19,5684.0,5700.0,5684.0,5689.0,5749.0,3,10
2025-07-15,CRUDEOILM,2025-12-18,0.0,0.0,0.0,5470.0,5470.0,0,0
2025-07-16,CRUDEOIL,2025-07-21,5730.0,5750.0,5633.0,5713.0,5713.0,26788,7393
2025-07-16,CRUDEOIL,2025-08-19,5683.0,5683.0,5563.0,5634.0,5644.0,7267,9962
2025-07-16,CRUDEOIL,2025-09-19,5595.0,5600.0,5507.0,5559.0,5583.0,824,1192
2025-07-16,CRUDEOIL,2025-10-20,5562.0,5562.0,5531.0,5547.0,5527.0,2,2
2025-07-16,CRUDEOIL,2025-11-19,0.0,0.0,0.0,5472.0,5472.0,0,0
2025-07-16,CRUDEOIL,2025-12-18,0.0,0.0,0.0,5434.0,5434.0,0,0
2025-07-16,CRUDEOILM,2025-07-21,5715.0,5751.0,5635.0,5715.0,5714.0,21463,7269
2025-07-16,CRUDEOILM,2025-08-19,5668.0,5688.0,5571.0,5637.0,5649.0,12345,11046
2025-07-16,CRUDEOILM,2025-09-19,5584.0,5604.0,5514.0,5568.0,5584.0,2244,3616
2025-07-16,CRUDEOILM,2025-10-20,5608.0,5614.0,5525.0,5586.0,5594.0,89,232
2025-07-16,CRUDEOILM,2025-11-19,5539.0,5565.0,5489.0,5523.0,5689.0,5,6
2025-07-16,CRUDEOILM,2025-12-18,0.0,0.0,0.0,5434.0,5434.0,0,0
2025-07-17,CRUDEOIL,2025-07-21,5735.0,5809.0,5697.0,5792.0,5713.0,21758,8686
2025-07-17,CRUDEOIL,2025-08-19,5735.0,5735.0,5608.0,5698.0,5634.0,11041,9587
2025-07-17,CRUDEOIL,2025-09-19,5596.0,5636.0,5537.0,5623.0,5559.0,974,1071
2025-07-17,CRUDEOIL,2025-10-20,5601.0,5625.0,5562.0,5598.0,5547.0,8,5
2025-07-17,CRUDEOIL,2025-11-19,0.0,0.0,0.0,5465.0,5465.0,0,0
2025-07-17,CRUDEOIL,2025-12-18,0.0,0.0,0.0,5424.0,5424.0,0,0
2025-07-17,CRUDEOILM,2025-07-21,5749.0,5808.0,5696.0,5794.0,5715.0,17842,5802
2025-07-17,CRUDEOILM,2025-08-19,5651.0,5710.0,5611.0,5700.0,5637.0,13146,10613
2025-07-17,CRUDEOILM,2025-09-19,5585.0,5636.0,5549.0,5628.0,5568.0,1460,3248
2025-07-17,CRUDEOILM,2025-10-20,5604.0,5637.0,5560.0,5631.0,5586.0,102,208
2025-07-17,CRUDEOILM,2025-11-19,0.0,0.0,0.0,5523.0,5523.0,0,6
2025-07-17,CRUDEOILM,2025-12-18,0.0,0.0,0.0,5424.0,5424.0,0,0
2025-07-18,CRUDEOIL,2025-07-21,5788.0,5930.0,5785.0,5798.0,5792.0,10594,11151
2025-07-18,CRUDEOIL,2025-08-19,5697.0,5824.0,5636.0,5707.0,5698.0,15547,9491
2025-07-18,CRUDEOIL,2025-09-19,5622.0,5740.0,5622.0,5642.0,5623.0,654,1029
2025-07-18,CRUDEOIL,2025-10-20,5628.0,5724.0,5628.0,5666.0,5598.0,14,11
2025-07-18,CRUDEOIL,2025-11-19,0.0,0.0,0.0,5515.0,5515.0,0,0
2025-07-18,CRUDEOIL,2025-12-18,0.0,0.0,0.0,5474.0,5474.0,0,0
2025-07-18,CRUDEOILM,2025-07-21,5845.0,5927.0,5777.0,5799.0,5794.0,16180,5235
2025-07-18,CRUDEOILM,2025-08-19,5700.0,5825.0,5700.0,5711.0,5700.0,19947,10633
2025-07-18,CRUDEOILM,2025-09-19,5622.0,5740.0,5620.0,5650.0,5628.0,2602,3043
2025-07-18,CRUDEOILM,2025-10-20,5621.0,5724.0,5621.0,5637.0,5631.0,194,198
2025-07-18,CRUDEOILM,2025-11-19,5631.0,5680.0,5580.0,5617.0,5515.0,8,3
2025-07-18,CRUDEOILM,2025-12-18,0.0,0.0,0.0,5474.0,5474.0,0,0
2025-07-21,CRUDEOIL,2025-07-21,5806.0,5854.0,5732.0,5794.0,5798.0,8888,7198
2025-07-21,CRUDEOIL,2025-08-19,5709.0,5746.0,5641.0,5697.0,5707.0,16106,10417
2025-07-21,CRUDEOIL,2025-09-19,5651.0,5672.0,5581.0,5635.0,5642.0,731,1148
2025-07-21,CRUDEOIL,2025-10-20,5635.0,5639.0,5609.0,5627.0,5666.0,9,8
2025-07-21,CRUDEOIL,2025-11-19,5612.0,5612.0,5612.0,5612.0,5549.0,1,1
2025-07-21,CRUDEOIL,2025-12-18,0.0,0.0,0.0,5510.0,5510.0,0,0
2025-07-21,CRUDEOILM,2025-07-21,5816.0,5838.0,5731.0,5792.0,5799.0,7299,3184
2025-07-21,CRUDEOILM,2025-08-19,5711.0,5750.0,5645.0,5699.0,5711.0,21803,13165
2025-07-21,CRUDEOILM,2025-09-19,5650.0,5679.0,5588.0,5639.0,5650.0,2002,3585
2025-07-21,CRUDEOILM,2025-10-20,5665.0,5722.0,5600.0,5632.0,5637.0,109,229
2025-07-21,CRUDEOILM,2025-11-19,5733.0,5733.0,5605.0,5661.0,5617.0,3,3
2025-07-21,CRUDEOILM,2025-12-18,0.0,0.0,0.0,5510.0,5510.0,0,0
2025-07-22,CRUDEOIL,2025-08-19,5660.0,5699.0,5614.0,5646.0,5697.0,16675,11629
2025-07-22,CRUDEOIL,2025-09-19,5589.0,5640.0,5565.0,5590.0,5635.0,1281,1192
2025-07-22,CRUDEOIL,2025-10-20,5594.0,5611.0,5494.0,5546.0,5627.0,119,88
2025-07-22,CRUDEOIL,2025-11-19,0.0,0.0,0.0,5612.0,5612.0,0,1
2025-07-22,CRUDEOIL,2025-12-18,0.0,0.0,0.0,5516.0,5516.0,0,0
2025-07-22,CRUDEOIL,2026-01-16,0.0,0.0,0.0,5553.0,5553.0,0,0
2025-07-22,CRUDEOILM,2025-08-19,5699.0,5700.0,5617.0,5649.0,5699.0,25929,14842
2025-07-22,CRUDEOILM,2025-09-19,5622.0,5644.0,5565.0,5593.0,5639.0,3142,4289
2025-07-22,CRUDEOILM,2025-10-20,5600.0,5625.0,5540.0,5571.0,5632.0,473,351
2025-07-22,CRUDEOILM,2025-11-19,0.0,0.0,0.0,5661.0,5661.0,0,3
2025-07-22,CRUDEOILM,2025-12-18,0.0,0.0,0.0,5516.0,5516.0,0,0
2025-07-22,CRUDEOILM,2026-01-16,0.0,0.0,0.0,5553.0,5553.0,0,0
2025-07-23,CRUDEOIL,2025-08-19,5675.0,5684.0,5605.0,5655.0,5646.0,15742,11802
2025-07-23,CRUDEOIL,2025-09-19,5615.0,5625.0,5561.0,5604.0,5590.0,1108,1196
2025-07-23,CRUDEOIL,2025-10-20,5587.0,5607.0,5530.0,5588.0,5546.0,82,85
2025-07-23,CRUDEOIL,2025-11-19,0.0,0.0,0.0,5490.0,5490.0,0,1
2025-07-23,CRUDEOIL,2025-12-18,0.0,0.0,0.0,5458.0,5458.0,0,0
2025-07-23,CRUDEOIL,2026-01-16,0.0,0.0,0.0,5437.0,5437.0,0,0
2025-07-23,CRUDEOILM,2025-08-19,5698.0,5699.0,5609.0,5656.0,5649.0,21891,14930
2025-07-23,CRUDEOILM,2025-09-19,5618.0,5627.0,5565.0,5608.0,5593.0,2172,4439
2025-07-23,CRUDEOILM,2025-10-20,5607.0,5607.0,5545.0,5573.0,5571.0,227,386
2025-07-23,CRUDEOILM,2025-11-19,5521.0,5521.0,5521.0,5521.0,5490.0,1,3
2025-07-23,CRUDEOILM,2025-12-18,0.0,0.0,0.0,5458.0,5458.0,0,0
2025-07-23,CRUDEOILM,2026-01-16,0.0,0.0,0.0,5437.0,5437.0,0,0
2025-07-24,CRUDEOIL,2025-08-19,5670.0,5746.0,5657.0,5672.0,5655.0,19060,11542
2025-07-24,CRUDEOIL,2025-09-19,5619.0,5688.0,5606.0,5620.0,5604.0,1564,1166
2025-07-24,CRUDEOIL,2025-10-20,5595.0,5699.0,5589.0,5608.0,5588.0,113,81
2025-07-24,CRUDEOIL,2025-11-19,0.0,0.0,0.0,5521.0,5521.0,0,1
2025-07-24,CRUDEOIL,2025-12-18,0.0,0.0,0.0,5490.0,5490.0,0,0
2025-07-24,CRUDEOIL,2026-01-16,0.0,0.0,0.0,5471.0,5471.0,0,0
2025-07-24,CRUDEOILM,2025-08-19,5699.0,5745.0,5651.0,5675.0,5656.0,28300,12964
2025-07-24,CRUDEOILM,2025-09-19,5599.0,5689.0,5599.0,5623.0,5608.0,3658,3731
2025-07-24,CRUDEOILM,2025-10-20,5586.0,5649.0,5579.0,5604.0,5573.0,311,376
2025-07-24,CRUDEOILM,2025-11-19,0.0,0.0,0.0,5521.0,5521.0,0,3
2025-07-24,CRUDEOILM,2025-12-18,0.0,0.0,0.0,5490.0,5490.0,0,0
2025-07-24,CRUDEOILM,2026-01-16,0.0,0.0,0.0,5471.0,5471.0,0,0
2025-07-25,CRUDEOIL,2025-08-19,5750.0,5780.0,5641.0,5648.0,5672.0,16068,11510
2025-07-25,CRUDEOIL,2025-09-19,5677.0,5721.0,5594.0,5601.0,5620.0,1145,1109
2025-07-25,CRUDEOIL,2025-10-20,5635.0,5679.0,5575.0,5586.0,5608.0,64,103
2025-07-25,CRUDEOIL,2025-11-19,0.0,0.0,0.0,5535.0,5535.0,0,1
2025-07-25,CRUDEOIL,2025-12-18,0.0,0.0,0.0,5498.0,5498.0,0,0
2025-07-25,CRUDEOIL,2026-01-16,0.0,0.0,0.0,5474.0,5474.0,0,0
2025-07-25,CRUDEOILM,2025-08-19,5751.0,5780.0,5645.0,5653.0,5675.0,26492,12786
2025-07-25,CRUDEOILM,2025-09-19,5679.0,5721.0,5597.0,5604.0,5623.0,3702,3965
2025-07-25,CRUDEOILM,2025-10-20,5650.0,5680.0,5582.0,5594.0,5604.0,426,409
2025-07-25,CRUDEOILM,2025-11-19,5668.0,5668.0,5580.0,5609.0,5535.0,10,8
2025-07-25,CRUDEOILM,2025-12-18,0.0,0.0,0.0,5498.0,5498.0,0,0
2025-07-25,CRUDEOILM,2026-01-16,0.0,0.0,0.0,5474.0,5474.0,0,0
2025-07-28,CRUDEOIL,2025-08-19,5671.0,5819.0,5657.0,5781.0,5648.0,17492,10409
2025-07-28,CRUDEOIL,2025-09-19,5610.0,5759.0,5609.0,5728.0,5601.0,1545,1135
2025-07-28,CRUDEOIL,2025-10-20,5590.0,5717.0,5590.0,5698.0,5586.0,95,92
2025-07-28,CRUDEOIL,2025-11-19,5659.0,5707.0,5659.0,5675.0,5516.0,3,0
2025-07-28,CRUDEOIL,2025-12-18,0.0,0.0,0.0,5481.0,5481.0,0,0
2025-07-28,CRUDEOIL,2026-01-16,0.0,0.0,0.0,5458.0,5458.0,0,0
2025-07-28,CRUDEOILM,2025-08-19,5698.0,5824.0,5652.0,5781.0,5653.0,29440,9502
2025-07-28,CRUDEOILM,2025-09-19,5649.0,5759.0,5611.0,5728.0,5604.0,4826,3227
2025-07-28,CRUDEOILM,2025-10-20,5616.0,5724.0,5598.0,5697.0,5594.0,546,340
2025-07-28,CRUDEOILM,2025-11-19,5681.0,5681.0,5681.0,5681.0,5609.0,1,8
2025-07-28,CRUDEOILM,2025-12-18,0.0,0.0,0.0,5481.0,5481.0,0,0
2025-07-28,CRUDEOILM,2026-01-16,0.0,0.0,0.0,5458.0,5458.0,0,0
2025-07-29,CRUDEOIL,2025-08-19,5800.0,6024.0,5780.0,5974.0,5781.0,23150,11197
2025-07-29,CRUDEOIL,2025-09-19,5745.0,5956.0,5737.0,5903.0,5728.0,1589,1348
2025-07-29,CRUDEOIL,2025-10-20,5729.0,5904.0,5717.0,5864.0,5698.0,169,125
2025-07-29,CRUDEOIL,2025-11-19,0.0,0.0,0.0,5675.0,5675.0,0,0
2025-07-29,CRUDEOIL,2025-12-18,0.0,0.0,0.0,5595.0,5595.0,0,0
2025-07-29,CRUDEOIL,2026-01-16,0.0,0.0,0.0,5576.0,5576.0,0,0
2025-07-29,CRUDEOILM,2025-08-19,5788.0,6023.0,5788.0,5977.0,5781.0,30692,8383
2025-07-29,CRUDEOILM,2025-09-19,5741.0,5957.0,5736.0,5911.0,5728.0,4573,2886
2025-07-29,CRUDEOILM,2025-10-20,5714.0,5916.0,5714.0,5870.0,5697.0,949,609
2025-07-29,CRUDEOILM,2025-11-19,5718.0,5900.0,5718.0,5774.0,5681.0,12,7
2025-07-29,CRUDEOILM,2025-12-18,0.0,0.0,0.0,5595.0,5595.0,0,0
2025-07-29,CRUDEOILM,2026-01-16,0.0,0.0,0.0,5576.0,5576.0,0,0
2025-07-30,CRUDEOIL,2025-08-19,6017.0,6184.0,5993.0,6176.0,5974.0,33109,11940
2025-07-30,CRUDEOIL,2025-09-19,5954.0,6096.0,5924.0,6091.0,5903.0,2059,1382
2025-07-30,CRUDEOIL,2025-10-20,5806.0,6053.0,5806.0,6045.0,5864.0,238,144
2025-07-30,CRUDEOIL,2025-11-19,0.0,0.0,0.0,5842.0,5842.0,0,0
2025-07-30,CRUDEOIL,2025-12-18,0.0,0.0,0.0,5792.0,5792.0,0,0
2025-07-30,CRUDEOIL,2026-01-16,0.0,0.0,0.0,5759.0,5759.0,0,0
2025-07-30,CRUDEOILM,2025-08-19,6020.0,6183.0,5991.0,6174.0,5977.0,39385,9785
2025-07-30,CRUDEOILM,2025-09-19,5938.0,6097.0,5924.0,6090.0,5911.0,5820,2449
2025-07-30,CRUDEOILM,2025-10-20,5870.0,6045.0,5826.0,6034.0,5870.0,1203,762
2025-07-30,CRUDEOILM,2025-11-19,5899.0,6030.0,5899.0,6029.0,5774.0,44,16
2025-07-30,CRUDEOILM,2025-12-18,0.0,0.0,0.0,5792.0,5792.0,0,0
2025-07-30,CRUDEOILM,2026-01-16,0.0,0.0,0.0,5759.0,5759.0,0,0
2025-07-31,CRUDEOIL,2025-08-19,6148.0,6162.0,6008.0,6052.0,6176.0,21724,9686
2025-07-31,CRUDEOIL,2025-09-19,6060.0,6077.0,5936.0,5973.0,6091.0,1504,1309
2025-07-31,CRUDEOIL,2025-10-20,6017.0,6030.0,5893.0,5924.0,6045.0,136,149
2025-07-31,CRUDEOIL,2025-11-19,6012.0,6012.0,6012.0,6012.0,5963.0,1,1
2025-07-31,CRUDEOIL,2025-12-18,0.0,0.0,0.0,5899.0,5899.0,0,0
2025-07-31,CRUDEOIL,2026-01-16,0.0,0.0,0.0,5851.0,5851.0,0,0
2025-07-31,CRUDEOILM,2025-08-19,6135.0,6167.0,6011.0,6053.0,6174.0,30701,8148
2025-07-31,CRUDEOILM,2025-09-19,6081.0,6093.0,5936.0,5977.0,6090.0,3159,2591
2025-07-31,CRUDEOILM,2025-10-20,6000.0,6027.0,5881.0,5921.0,6034.0,1204,980
2025-07-31,CRUDEOILM,2025-11-19,5926.0,6009.0,5897.0,5925.0,6029.0,40,31
2025-07-31,CRUDEOILM,2025-12-18,0.0,0.0,0.0,5899.0,5899.0,0,0
2025-07-31,CRUDEOILM,2026-01-16,0.0,0.0,0.0,5851.0,5851.0,0,0
2025-08-01,CRUDEOIL,2025-08-19,5951.0,6089.0,5850.0,5887.0,6052.0,34829,7631
2025-08-01,CRUDEOIL,2025-09-19,5857.0,6022.0,5771.0,5801.0,5973.0,2880,1684
2025-08-01,CRUDEOIL,2025-10-20,5950.0,5954.0,5728.0,5751.0,5924.0,158,197
2025-08-01,CRUDEOIL,2025-11-19,5775.0,5775.0,5773.0,5774.0,6012.0,2,1
2025-08-01,CRUDEOIL,2025-12-18,0.0,0.0,0.0,5821.0,5821.0,0,0
2025-08-01,CRUDEOIL,2026-01-16,0.0,0.0,0.0,5777.0,5777.0,0,0
2025-08-01,CRUDEOILM,2025-08-19,6054.0,6087.0,5854.0,5888.0,6053.0,41839,6993
2025-08-01,CRUDEOILM,2025-09-19,6001.0,6004.0,5771.0,5802.0,5977.0,5311,2964
2025-08-01,CRUDEOILM,2025-10-20,5954.0,5954.0,5730.0,5751.0,5921.0,1558,1832
2025-08-01,CRUDEOILM,2025-11-19,5955.0,5955.0,5752.0,5785.0,5925.0,20,35
2025-08-01,CRUDEOILM,2025-12-18,0.0,0.0,0.0,5821.0,5821.0,0,0
2025-08-01,CRUDEOILM,2026-01-16,0.0,0.0,0.0,5777.0,5777.0,0,0
2025-08-04,CRUDEOIL,2025-08-19,5876.0,5944.0,5747.0,5836.0,5887.0,30723,7970
2025-08-04,CRUDEOIL,2025-09-19,5765.0,5854.0,5680.0,5763.0,5801.0,2664,1851
2025-08-04,CRUDEOIL,2025-10-20,5740.0,5800.0,5648.0,5729.0,5751.0,177,228
2025-08-04,CRUDEOIL,2025-11-19,5673.0,5675.0,5673.0,5674.0,5774.0,2,3
2025-08-04,CRUDEOIL,2025-12-18,0.0,0.0,0.0,5637.0,5637.0,0,0
2025-08-04,CRUDEOIL,2026-01-16,0.0,0.0,0.0,5597.0,5597.0,0,0
2025-08-04,CRUDEOILM,2025-08-19,5977.0,5977.0,5752.0,5839.0,5888.0,35820,7218
2025-08-04,CRUDEOILM,2025-09-19,5787.0,5858.0,5685.0,5764.0,5802.0,7315,3703
2025-08-04,CRUDEOILM,2025-10-20,5750.0,5799.0,5652.0,5724.0,5751.0,1515,1866
2025-08-04,CRUDEOILM,2025-11-19,5752.0,5762.0,5670.0,5696.0,5785.0,12,43
2025-08-04,CRUDEOILM,2025-12-18,0.0,0.0,0.0,5637.0,5637.0,0,0
2025-08-04,CRUDEOILM,2026-01-16,0.0,0.0,0.0,5597.0,5597.0,0,0
2025-08-05,CRUDEOIL,2025-08-19,5815.0,5838.0,5719.0,5748.0,5836.0,30588,8630
2025-08-05,CRUDEOIL,2025-09-19,5749.0,5765.0,5656.0,5678.0,5763.0,2203,2298
2025-08-05,CRUDEOIL,2025-10-20,5700.0,5710.0,5624.0,5647.0,5729.0,140,278
2025-08-05,CRUDEOIL,2025-11-19,5685.0,5685.0,5650.0,5668.0,5674.0,2,5
2025-08-05,CRUDEOIL,2025-12-18,0.0,0.0,0.0,5597.0,5597.0,0,0
2025-08-05,CRUDEOIL,2026-01-16,0.0,0.0,0.0,5565.0,5565.0,0,0
2025-08-05,CRUDEOILM,2025-08-19,5829.0,5840.0,5722.0,5750.0,5839.0,29993,9878
2025-08-05,CRUDEOILM,2025-09-19,5774.0,5774.0,5655.0,5677.0,5764.0,6326,5387
2025-08-05,CRUDEOILM,2025-10-20,5742.0,5742.0,5630.0,5652.0,5724.0,1161,2404
2025-08-05,CRUDEOILM,2025-11-19,5723.0,5729.0,5650.0,5667.0,5696.0,23,51
2025-08-05,CRUDEOILM,2025-12-18,0.0,0.0,0.0,5597.0,5597.0,0,0
2025-08-05,CRUDEOILM,2026-01-16,0.0,0.0,0.0,5565.0,5565.0,0,0
2025-08-06,CRUDEOIL,2025-08-19,5764.0,5865.0,5680.0,5713.0,5748.0,44846,9589
2025-08-06,CRUDEOIL,2025-09-19,5709.0,5787.0,5617.0,5642.0,5678.0,3452,2489
2025-08-06,CRUDEOIL,2025-10-20,5687.0,5738.0,5595.0,5611.0,5647.0,303,326
2025-08-06,CRUDEOIL,2025-11-19,0.0,0.0,0.0,5668.0,5668.0,0,5
2025-08-06,CRUDEOIL,2025-12-18,0.0,0.0,0.0,5544.0,5544.0,0,0
2025-08-06,CRUDEOIL,2026-01-16,0.0,0.0,0.0,5507.0,5507.0,0,0
2025-08-06,CRUDEOILM,2025-08-19,5777.0,5864.0,5684.0,5713.0,5750.0,42427,10702
2025-08-06,CRUDEOILM,2025-09-19,5697.0,5789.0,5617.0,5644.0,5677.0,8444,6305
2025-08-06,CRUDEOILM,2025-10-20,5665.0,5745.0,5600.0,5619.0,5652.0,2087,2308
2025-08-06,CRUDEOILM,2025-11-19,5671.0,5742.0,5609.0,5636.0,5667.0,26,66
2025-08-06,CRUDEOILM,2025-12-18,0.0,0.0,0.0,5544.0,5544.0,0,0
2025-08-06,CRUDEOILM,2026-01-16,0.0,0.0,0.0,5507.0,5507.0,0,0
2025-08-07,CRUDEOIL,2025-08-19,5715.0,5724.0,5589.0,5604.0,5713.0,27456,12799
2025-08-07,CRUDEOIL,2025-09-19,5655.0,5660.0,5535.0,5547.0,5642.0,3937,3466
2025-08-07,CRUDEOIL,2025-10-20,5622.0,5647.0,5510.0,5517.0,5611.0,473,543
2025-08-07,CRUDEOIL,2025-11-19,5575.0,5575.0,5575.0,5575.0,5555.0,2,7
2025-08-07,CRUDEOIL,2025-12-18,0.0,0.0,0.0,5516.0,5516.0,0,0
2025-08-07,CRUDEOIL,2026-01-16,0.0,0.0,0.0,5493.0,5493.0,0,0
2025-08-07,CRUDEOILM,2025-08-19,5720.0,5720.0,5592.0,5607.0,5713.0,29433,13027
2025-08-07,CRUDEOILM,2025-09-19,5665.0,5665.0,5538.0,5550.0,5644.0,7986,8647
2025-08-07,CRUDEOILM,2025-10-20,5630.0,5632.0,5517.0,5526.0,5619.0,1846,2483
2025-08-07,CRUDEOILM,2025-11-19,5630.0,5630.0,5525.0,5538.0,5636.0,65,103
2025-08-07,CRUDEOILM,2025-12-18,0.0,0.0,0.0,5516.0,5516.0,0,0
2025-08-07,CRUDEOILM,2026-01-16,0.0,0.0,0.0,5493.0,5493.0,0,0
2025-08-08,CRUDEOIL,2025-08-19,5600.0,5663.0,5511.0,5610.0,5604.0,39014,11635
2025-08-08,CRUDEOIL,2025-09-19,5550.0,5601.0,5458.0,5549.0,5547.0,3753,3799
2025-08-08,CRUDEOIL,2025-10-20,5509.0,5570.0,5440.0,5532.0,5517.0,210,613
2025-08-08,CRUDEOIL,2025-11-19,5505.0,5508.0,5505.0,5507.0,5575.0,2,9
2025-08-08,CRUDEOIL,2025-12-18,0.0,0.0,0.0,5463.0,5463.0,0,0
2025-08-08,CRUDEOIL,2026-01-16,0.0,0.0,0.0,5448.0,5448.0,0,0
2025-08-08,CRUDEOILM,2025-08-19,5594.0,5664.0,5512.0,5611.0,5607.0,38273,11271
2025-08-08,CRUDEOILM,2025-09-19,5551.0,5604.0,5460.0,5553.0,5550.0,9876,9227
2025-08-08,CRUDEOILM,2025-10-20,5520.0,5577.0,5442.0,5527.0,5526.0,1852,2743
2025-08-08,CRUDEOILM,2025-11-19,5538.0,5580.0,5483.0,5548.0,5538.0,114,139
2025-08-08,CRUDEOILM,2025-12-18,0.0,0.0,0.0,5463.0,5463.0,0,0
2025-08-08,CRUDEOILM,2026-01-16,0.0,0.0,0.0,5448.0,5448.0,0,0
2025-08-11,CRUDEOIL,2025-08-19,5600.0,5657.0,5533.0,5612.0,5610.0,23077,10007
2025-08-11,CRUDEOIL,2025-09-19,5520.0,5593.0,5480.0,5552.0,5549.0,4486,4474
2025-08-11,CRUDEOIL,2025-10-20,5490.0,5560.0,5458.0,5526.0,5532.0,238,673
2025-08-11,CRUDEOIL,2025-11-19,0.0,0.0,0.0,5507.0,5507.0,0,9
2025-08-11,CRUDEOIL,2025-12-18,0.0,0.0,0.0,5435.0,5435.0,0,0
2025-08-11,CRUDEOIL,2026-01-16,0.0,0.0,0.0,5416.0,5416.0,0,0
2025-08-11,CRUDEOILM,2025-08-19,5579.0,5658.0,5537.0,5614.0,5611.0,24793,10443
2025-08-11,CRUDEOILM,2025-09-19,5533.0,5597.0,5484.0,5553.0,5553.0,7254,9802
2025-08-11,CRUDEOILM,2025-10-20,5496.0,5567.0,5465.0,5532.0,5527.0,1150,3025
2025-08-11,CRUDEOILM,2025-11-19,5505.0,5575.0,5485.0,5551.0,5548.0,65,163
2025-08-11,CRUDEOILM,2025-12-18,0.0,0.0,0.0,5435.0,5435.0,0,0
2025-08-11,CRUDEOILM,2026-01-16,0.0,0.0,0.0,5416.0,5416.0,0,0
2025-08-12,CRUDEOIL,2025-08-19,5625.0,5646.0,5530.0,5548.0,5612.0,18187,10709
2025-08-12,CRUDEOIL,2025-09-19,5557.0,5596.0,5490.0,5506.0,5552.0,7023,7386
2025-08-12,CRUDEOIL,2025-10-20,5539.0,5560.0,5465.0,5485.0,5526.0,250,770
2025-08-12,CRUDEOIL,2025-11-19,0.0,0.0,0.0,5473.0,5473.0,0,9
2025-08-12,CRUDEOIL,2025-12-18,0.0,0.0,0.0,5443.0,5443.0,0,0
2025-08-12,CRUDEOIL,2026-01-16,0.0,0.0,0.0,5428.0,5428.0,0,0
2025-08-12,CRUDEOILM,2025-08-19,5647.0,5649.0,5533.0,5551.0,5614.0,19165,10370
2025-08-12,CRUDEOILM,2025-09-19,5566.0,5596.0,5493.0,5510.0,5553.0,9308,11437
2025-08-12,CRUDEOILM,2025-10-20,5553.0,5568.0,5477.0,5494.0,5532.0,1585,3272
2025-08-12,CRUDEOILM,2025-11-19,5562.0,5576.0,5500.0,5508.0,5551.0,55,186
2025-08-12,CRUDEOILM,2025-12-18,0.0,0.0,0.0,5443.0,5443.0,0,0
2025-08-12,CRUDEOILM,2026-01-16,0.0,0.0,0.0,5428.0,5428.0,0,0
2025-08-13,CRUDEOIL,2025-08-19,5541.0,5557.0,5424.0,5476.0,5548.0,22905,10429
2025-08-13,CRUDEOIL,2025-09-19,5483.0,5517.0,5389.0,5434.0,5506.0,9912,10677
2025-08-13,CRUDEOIL,2025-10-20,5472.0,5493.0,5375.0,5424.0,5485.0,732,1005
2025-08-13,CRUDEOIL,2025-11-19,5498.0,5498.0,5440.0,5463.0,5440.0,8,16
2025-08-13,CRUDEOIL,2025-12-18,5478.0,5478.0,5478.0,5478.0,5412.0,3,3
2025-08-13,CRUDEOIL,2026-01-16,0.0,0.0,0.0,5399.0,5399.0,0,0
2025-08-13,CRUDEOILM,2025-08-19,5552.0,5558.0,5426.0,5478.0,5551.0,22577,9539
2025-08-13,CRUDEOILM,2025-09-19,5500.0,5521.0,5393.0,5438.0,5510.0,12616,15368
2025-08-13,CRUDEOILM,2025-10-20,5491.0,5500.0,5382.0,5429.0,5494.0,2442,4201
2025-08-13,CRUDEOILM,2025-11-19,5509.0,5519.0,5410.0,5430.0,5508.0,152,251
2025-08-13,CRUDEOILM,2025-12-18,0.0,0.0,0.0,5412.0,5412.0,0,0
2025-08-13,CRUDEOILM,2026-01-16,0.0,0.0,0.0,5399.0,5399.0,0,0
2025-08-14,CRUDEOIL,2025-08-19,5503.0,5608.0,5483.0,5600.0,5476.0,21167,8563
2025-08-14,CRUDEOIL,2025-09-19,5471.0,5548.0,5440.0,5537.0,5434.0,11512,11680
2025-08-14,CRUDEOIL,2025-10-20,5443.0,5519.0,5422.0,5506.0,5424.0,387,1002
2025-08-14,CRUDEOIL,2025-11-19,5460.0,5518.0,5460.0,5487.0,5463.0,4,14
2025-08-14,CRUDEOIL,2025-12-18,0.0,0.0,0.0,5478.0,5478.0,0,3
2025-08-14,CRUDEOIL,2026-01-16,0.0,0.0,0.0,5348.0,5348.0,0,0
2025-08-14,CRUDEOILM,2025-08-19,5478.0,5608.0,5478.0,5600.0,5478.0,20757,6864
2025-08-14,CRUDEOILM,2025-09-19,5457.0,5550.0,5439.0,5538.0,5438.0,13112,13646
2025-08-14,CRUDEOILM,2025-10-20,5435.0,5520.0,5424.0,5508.0,5429.0,1923,3983
2025-08-14,CRUDEOILM,2025-11-19,5470.0,5539.0,5464.0,5526.0,5430.0,72,227
2025-08-14,CRUDEOILM,2025-12-18,0.0,0.0,0.0,5357.0,5357.0,0,0
2025-08-14,CRUDEOILM,2026-01-16,0.0,0.0,0.0,5348.0,5348.0,0,0
2025-08-18,CRUDEOIL,2025-08-19,5496.0,5586.0,5438.0,5544.0,5600.0,14329,3634
2025-08-18,CRUDEOIL,2025-09-19,5481.0,5536.0,5393.0,5492.0,5537.0,17733,12589
2025-08-18,CRUDEOIL,2025-10-20,5450.0,5488.0,5380.0,5471.0,5506.0,608,1106
2025-08-18,CRUDEOIL,2025-11-19,5431.0,5447.0,5416.0,5432.0,5487.0,11,19
2025-08-18,CRUDEOIL,2025-12-18,5426.0,5426.0,5426.0,5426.0,5420.0,1,2
2025-08-18,CRUDEOIL,2026-01-16,0.0,0.0,0.0,5401.0,5401.0,0,0
2025-08-18,CRUDEOILM,2025-08-19,5499.0,5572.0,5440.0,5542.0,5600.0,15616,4968
2025-08-18,CRUDEOILM,2025-09-19,5449.0,5520.0,5396.0,5495.0,5538.0,27087,17100
2025-08-18,CRUDEOILM,2025-10-20,5449.0,5487.0,5381.0,5464.0,5508.0,3265,4777
2025-08-18,CRUDEOILM,2025-11-19,5445.0,5500.0,5407.0,5485.0,5526.0,286,342
2025-08-18,CRUDEOILM,2025-12-18,0.0,0.0,0.0,5420.0,5420.0,0,0
2025-08-18,CRUDEOILM,2026-01-16,0.0,0.0,0.0,5401.0,5401.0,0,0
2025-08-19,CRUDEOIL,2025-08-19,5494.0,5523.0,5410.0,5429.0,5544.0,4013,2211
2025-08-19,CRUDEOIL,2025-09-19,5470.0,5471.0,5391.0,5400.0,5492.0,14079,15368
2025-08-19,CRUDEOIL,2025-10-20,5436.0,5442.0,5380.0,5387.0,5471.0,832,1340
2025-08-19,CRUDEOIL,2025-11-19,5404.0,5419.0,5387.0,5409.0,5432.0,23,30
2025-08-19,CRUDEOIL,2025-12-18,5442.0,5444.0,5442.0,5443.0,5426.0,2,4
2025-08-19,CRUDEOIL,2026-01-16,0.0,0.0,0.0,5385.0,5385.0,0,0
2025-08-19,CRUDEOILM,2025-08-19,5562.0,5562.0,5394.0,5423.0,5542.0,6951,2968
2025-08-19,CRUDEOILM,2025-09-19,5473.0,5473.0,5392.0,5404.0,5495.0,23705,21494
2025-08-19,CRUDEOILM,2025-10-20,5489.0,5491.0,5385.0,5395.0,5464.0,2603,5441
2025-08-19,CRUDEOILM,2025-11-19,5460.0,5474.0,5397.0,5419.0,5485.0,297,433
2025-08-19,CRUDEOILM,2025-12-18,0.0,0.0,0.0,5399.0,5399.0,0,0
2025-08-19,CRUDEOILM,2026-01-16,0.0,0.0,0.0,5385.0,5385.0,0,0
2025-08-20,CRUDEOIL,2025-09-19,5409.0,5500.0,5403.0,5476.0,5400.0,16296,14710
2025-08-20,CRUDEOIL,2025-10-20,5396.0,5483.0,5382.0,5462.0,5387.0,1114,1321
2025-08-20,CRUDEOIL,2025-11-19,5413.0,5465.0,5413.0,5455.0,5409.0,17,23
2025-08-20,CRUDEOIL,2025-12-18,0.0,0.0,0.0,5443.0,5443.0,0,4
2025-08-20,CRUDEOIL,2026-01-16,0.0,0.0,0.0,5306.0,5306.0,0,0
2025-08-20,CRUDEOIL,2026-02-19,0.0,0.0,0.0,5399.0,5399.0,0,0
2025-08-20,CRUDEOILM,2025-09-19,5419.0,5502.0,5406.0,5478.0,5404.0,27664,19202
2025-08-20,CRUDEOILM,2025-10-20,5417.0,5481.0,5389.0,5460.0,5395.0,2916,5220
2025-08-20,CRUDEOILM,2025-11-19,5422.0,5488.0,5408.0,5469.0,5419.0,342,411
2025-08-20,CRUDEOILM,2025-12-18,5508.0,5508.0,5508.0,5508.0,5318.0,1,1
2025-08-20,CRUDEOILM,2026-01-16,0.0,0.0,0.0,5306.0,5306.0,0,0
2025-08-20,CRUDEOILM,2026-02-19,0.0,0.0,0.0,5399.0,5399.0,0,0
2025-08-21,CRUDEOIL,2025-09-19,5493.0,5568.0,5475.0,5563.0,5476.0,20207,13048
2025-08-21,CRUDEOIL,2025-10-20,5458.0,5553.0,5458.0,5546.0,5462.0,1244,1362
2025-08-21,CRUDEOIL,2025-11-19,5490.0,5541.0,5485.0,5525.0,5455.0,27,31
2025-08-21,CRUDEOIL,2025-12-18,0.0,0.0,0.0,5400.0,5400.0,0,4
2025-08-21,CRUDEOIL,2026-01-16,0.0,0.0,0.0,5388.0,5388.0,0,0
2025-08-21,CRUDEOIL,2026-02-19,0.0,0.0,0.0,5381.0,5381.0,0,0
2025-08-21,CRUDEOILM,2025-09-19,5494.0,5568.0,5478.0,5563.0,5478.0,28188,16667
2025-08-21,CRUDEOILM,2025-10-20,5478.0,5552.0,5472.0,5547.0,5460.0,3946,4765
2025-08-21,CRUDEOILM,2025-11-19,5489.0,5555.0,5480.0,5544.0,5469.0,365,426
2025-08-21,CRUDEOILM,2025-12-18,5494.0,5494.0,5494.0,5494.0,5508.0,1,2
2025-08-21,CRUDEOILM,2026-01-16,0.0,0.0,0.0,5388.0,5388.0,0,0
2025-08-21,CRUDEOILM,2026-02-19,0.0,0.0,0.0,5381.0,5381.0,0,0
2025-08-22,CRUDEOIL,2025-09-19,5565.0,5603.0,5550.0,5572.0,5563.0,12579,12637
2025-08-22,CRUDEOIL,2025-10-20,5546.0,5583.0,5533.0,5558.0,5546.0,640,1361
2025-08-22,CRUDEOIL,2025-11-19,5524.0,5560.0,5524.0,5546.0,5525.0,24,31
2025-08-22,CRUDEOIL,2025-12-18,0.0,0.0,0.0,5461.0,5461.0,0,4
2025-08-22,CRUDEOIL,2026-01-16,0.0,0.0,0.0,5444.0,5444.0,0,0
2025-08-22,CRUDEOIL,2026-02-19,0.0,0.0,0.0,5434.0,5434.0,0,0
2025-08-22,CRUDEOILM,2025-09-19,5530.0,5603.0,5530.0,5574.0,5563.0,20437,15052
2025-08-22,CRUDEOILM,2025-10-20,5544.0,5590.0,5536.0,5557.0,5547.0,2527,4497
2025-08-22,CRUDEOILM,2025-11-19,5550.0,5571.0,5525.0,5537.0,5544.0,344,537
2025-08-22,CRUDEOILM,2025-12-18,5585.0,5585.0,5585.0,5585.0,5494.0,1,3
2025-08-22,CRUDEOILM,2026-01-16,0.0,0.0,0.0,5444.0,5444.0,0,0
2025-08-22,CRUDEOILM,2026-02-19,0.0,0.0,0.0,5434.0,5434.0,0,0
2025-08-25,CRUDEOIL,2025-09-19,5577.0,5709.0,5577.0,5698.0,5572.0,14104,12093
2025-08-25,CRUDEOIL,2025-10-20,5562.0,5686.0,5561.0,5674.0,5558.0,902,1285
2025-08-25,CRUDEOIL,2025-11-19,5555.0,5671.0,5551.0,5661.0,5546.0,45,32
2025-08-25,CRUDEOIL,2025-12-18,5666.0,5666.0,5664.0,5665.0,5498.0,3,3
2025-08-25,CRUDEOIL,2026-01-16,0.0,0.0,0.0,5482.0,5482.0,0,0
2025-08-25,CRUDEOIL,2026-02-19,0.0,0.0,0.0,5475.0,5475.0,0,0
2025-08-25,CRUDEOILM,2025-09-19,5599.0,5709.0,5566.0,5699.0,5574.0,21211,12406
2025-08-25,CRUDEOILM,2025-10-20,5548.0,5686.0,5548.0,5674.0,5557.0,2691,3944
2025-08-25,CRUDEOILM,2025-11-19,5540.0,5663.0,5540.0,5648.0,5537.0,488,438
2025-08-25,CRUDEOILM,2025-12-18,5605.0,5648.0,5605.0,5630.0,5585.0,3,4
2025-08-25,CRUDEOILM,2026-01-16,0.0,0.0,0.0,5482.0,5482.0,0,0
2025-08-25,CRUDEOILM,2026-02-19,0.0,0.0,0.0,5475.0,5475.0,0,0
2025-08-26,CRUDEOIL,2025-09-19,5674.0,5676.0,5557.0,5567.0,5698.0,15604,11989
2025-08-26,CRUDEOIL,2025-10-20,5651.0,5654.0,5535.0,5543.0,5674.0,1352,1627
2025-08-26,CRUDEOIL,2025-11-19,5623.0,5643.0,5529.0,5543.0,5661.0,80,50
2025-08-26,CRUDEOIL,2025-12-18,0.0,0.0,0.0,5665.0,5665.0,0,3
2025-08-26,CRUDEOIL,2026-01-16,0.0,0.0,0.0,5581.0,5581.0,0,0
2025-08-26,CRUDEOIL,2026-02-19,0.0,0.0,0.0,5568.0,5568.0,0,0
2025-08-26,CRUDEOILM,2025-09-19,5667.0,5679.0,5560.0,5569.0,5699.0,21868,14049
2025-08-26,CRUDEOILM,2025-10-20,5675.0,5675.0,5536.0,5547.0,5674.0,4243,4791
2025-08-26,CRUDEOILM,2025-11-19,5621.0,5644.0,5527.0,5545.0,5648.0,643,612
2025-08-26,CRUDEOILM,2025-12-18,5574.0,5574.0,5555.0,5566.0,5630.0,6,8
2025-08-26,CRUDEOILM,2026-01-16,0.0,0.0,0.0,5581.0,5581.0,0,0
2025-08-26,CRUDEOILM,2026-02-19,0.0,0.0,0.0,5568.0,5568.0,0,0
2025-08-27,CRUDEOIL,2025-09-19,5575.0,5629.0,5558.0,5618.0,5567.0,8741,11768
2025-08-27,CRUDEOIL,2025-10-20,5547.0,5603.0,5537.0,5589.0,5543.0,653,1773
2025-08-27,CRUDEOIL,2025-11-19,5558.0,5582.0,5558.0,5573.0,5543.0,13,51
2025-08-27,CRUDEOIL,2025-12-18,0.0,0.0,0.0,5486.0,5486.0,0,3
2025-08-27,CRUDEOIL,2026-01-16,0.0,0.0,0.0,5467.0,5467.0,0,0
2025-08-27,CRUDEOIL,2026-02-19,0.0,0.0,0.0,5458.0,5458.0,0,0
2025-08-27,CRUDEOILM,2025-09-19,5571.0,5631.0,5560.0,5618.0,5569.0,11341,13628
2025-08-27,CRUDEOILM,2025-10-20,5550.0,5605.0,5539.0,5588.0,5547.0,1426,4715
2025-08-27,CRUDEOILM,2025-11-19,5540.0,5590.0,5531.0,5575.0,5545.0,159,612
2025-08-27,CRUDEOILM,2025-12-18,0.0,0.0,0.0,5566.0,5566.0,0,8
2025-08-27,CRUDEOILM,2026-01-16,0.0,0.0,0.0,5467.0,5467.0,0,0
2025-08-27,CRUDEOILM,2026-02-19,0.0,0.0,0.0,5458.0,5458.0,0,0
2025-08-28,CRUDEOIL,2025-09-19,5602.0,5643.0,5562.0,5619.0,5618.0,12728,11786
2025-08-28,CRUDEOIL,2025-10-20,5556.0,5613.0,5535.0,5588.0,5589.0,796,1733
2025-08-28,CRUDEOIL,2025-11-19,5553.0,5579.0,5524.0,5552.0,5573.0,124,89
2025-08-28,CRUDEOIL,2025-12-18,5526.0,5536.0,5526.0,5530.0,5522.0,3,4
2025-08-28,CRUDEOIL,2026-01-16,0.0,0.0,0.0,5496.0,5496.0,0,0
2025-08-28,CRUDEOIL,2026-02-19,0.0,0.0,0.0,5484.0,5484.0,0,0
2025-08-28,CRUDEOILM,2025-09-19,5598.0,5644.0,5565.0,5618.0,5618.0,19121,13445
2025-08-28,CRUDEOILM,2025-10-20,5558.0,5611.0,5538.0,5591.0,5588.0,2222,4744
2025-08-28,CRUDEOILM,2025-11-19,5549.0,5592.0,5526.0,5575.0,5575.0,293,687
2025-08-28,CRUDEOILM,2025-12-18,0.0,0.0,0.0,5522.0,5522.0,0,8
2025-08-28,CRUDEOILM,2026-01-16,0.0,0.0,0.0,5496.0,5496.0,0,0
2025-08-28,CRUDEOILM,2026-02-19,0.0,0.0,0.0,5484.0,5484.0,0,0
2025-08-29,CRUDEOIL,2025-09-19,5628.0,5698.0,5627.0,5654.0,5619.0,14315,11501
2025-08-29,CRUDEOIL,2025-10-20,5450.0,5666.0,5450.0,5619.0,5588.0,1014,1765
2025-08-29,CRUDEOIL,2025-11-19,5421.0,5644.0,5376.0,5606.0,5552.0,116,58
2025-08-29,CRUDEOIL,2025-12-18,5597.0,5597.0,5592.0,5595.0,5530.0,2,2
2025-08-29,CRUDEOIL,2026-01-16,0.0,0.0,0.0,5527.0,5527.0,0,0
2025-08-29,CRUDEOIL,2026-02-19,0.0,0.0,0.0,5511.0,5511.0,0,0
2025-08-29,CRUDEOILM,2025-09-19,5619.0,5697.0,5618.0,5656.0,5618.0,21039,11826
2025-08-29,CRUDEOILM,2025-10-20,5597.0,5666.0,5597.0,5621.0,5591.0,3782,3809
2025-08-29,CRUDEOILM,2025-11-19,5591.0,5645.0,5585.0,5601.0,5575.0,445,564
2025-08-29,CRUDEOILM,2025-12-18,5607.0,5607.0,5600.0,5604.0,5554.0,5,6
2025-08-29,CRUDEOILM,2026-01-16,0.0,0.0,0.0,5527.0,5527.0,0,0
2025-08-29,CRUDEOILM,2026-02-19,0.0,0.0,0.0,5511.0,5511.0,0,0
2025-09-01,CRUDEOIL,2025-09-19,5641.0,5730.0,5630.0,5703.0,5654.0,10594,11968
2025-09-01,CRUDEOIL,2025-10-20,5607.0,5700.0,5600.0,5675.0,5619.0,2973,2686
2025-09-01,CRUDEOIL,2025-11-19,5599.0,5675.0,5581.0,5656.0,5606.0,75,87
2025-09-01,CRUDEOIL,2025-12-18,0.0,0.0,0.0,5595.0,5595.0,0,2
2025-09-01,CRUDEOIL,2026-01-16,0.0,0.0,0.0,5507.0,5507.0,0,0
2025-09-01,CRUDEOIL,2026-02-19,0.0,0.0,0.0,5490.0,5490.0,0,0
2025-09-01,CRUDEOILM,2025-09-19,5660.0,5732.0,5626.0,5703.0,5656.0,19726,11214
2025-09-01,CRUDEOILM,2025-10-20,5673.0,5699.0,5600.0,5675.0,5621.0,3505,3485
2025-09-01,CRUDEOILM,2025-11-19,5593.0,5675.0,5585.0,5656.0,5601.0,558,640
2025-09-01,CRUDEOILM,2025-12-18,5630.0,5630.0,5630.0,5630.0,5604.0,1,6
2025-09-01,CRUDEOILM,2026-01-16,0.0,0.0,0.0,5507.0,5507.0,0,0
2025-09-01,CRUDEOILM,2026-02-19,0.0,0.0,0.0,5490.0,5490.0,0,0
2025-09-02,CRUDEOIL,2025-09-19,5710.0,5825.0,5695.0,5786.0,5703.0,19252,11435
2025-09-02,CRUDEOIL,2025-10-20,5711.0,5794.0,5671.0,5761.0,5675.0,1995,2436
2025-09-02,CRUDEOIL,2025-11-19,5697.0,5769.0,5656.0,5735.0,5656.0,135,89
2025-09-02,CRUDEOIL,2025-12-18,0.0,0.0,0.0,5558.0,5558.0,0,2
2025-09-02,CRUDEOIL,2026-01-16,0.0,0.0,0.0,5532.0,5532.0,0,0
2025-09-02,CRUDEOIL,2026-02-19,0.0,0.0,0.0,5515.0,5515.0,0,0
2025-09-02,CRUDEOILM,2025-09-19,5691.0,5825.0,5629.0,5786.0,5703.0,28913,9411
2025-09-02,CRUDEOILM,2025-10-20,5700.0,5793.0,5611.0,5761.0,5675.0,4993,3392
2025-09-02,CRUDEOILM,2025-11-19,5687.0,5770.0,5650.0,5731.0,5656.0,810,691
2025-09-02,CRUDEOILM,2025-12-18,5715.0,5755.0,5671.0,5709.0,5630.0,6,8
2025-09-02,CRUDEOILM,2026-01-16,0.0,0.0,0.0,5532.0,5532.0,0,0
2025-09-02,CRUDEOILM,2026-02-19,0.0,0.0,0.0,5515.0,5515.0,0,0
2025-09-03,CRUDEOIL,2025-09-19,5752.0,5784.0,5625.0,5634.0,5786.0,26393,11539
2025-09-03,CRUDEOIL,2025-10-20,5751.0,5757.0,5613.0,5619.0,5761.0,2694,2920
2025-09-03,CRUDEOIL,2025-11-19,5720.0,5726.0,5600.0,5611.0,5735.0,210,132
2025-09-03,CRUDEOIL,2025-12-18,5590.0,5590.0,5590.0,5590.0,5699.0,1,2
2025-09-03,CRUDEOIL,2026-01-16,0.0,0.0,0.0,5670.0,5670.0,0,0
2025-09-03,CRUDEOIL,2026-02-19,0.0,0.0,0.0,5651.0,5651.0,0,0
2025-09-03,CRUDEOILM,2025-09-19,5756.0,5799.0,5627.0,5637.0,5786.0,33037,10639
2025-09-03,CRUDEOILM,2025-10-20,5758.0,5759.0,5612.0,5620.0,5761.0,6589,4601
2025-09-03,CRUDEOILM,2025-11-19,5751.0,5751.0,5604.0,5623.0,5731.0,1119,1003
2025-09-03,CRUDEOILM,2025-12-18,5704.0,5715.0,5612.0,5629.0,5709.0,13,15
2025-09-03,CRUDEOILM,2026-01-16,0.0,0.0,0.0,5670.0,5670.0,0,0
2025-09-03,CRUDEOILM,2026-02-19,0.0,0.0,0.0,5651.0,5651.0,0,0
2025-09-04,CRUDEOIL,2025-09-19,5617.0,5627.0,5541.0,5611.0,5634.0,19685,11119
2025-09-04,CRUDEOIL,2025-10-20,5605.0,5607.0,5528.0,5592.0,5619.0,2047,3240
2025-09-04,CRUDEOIL,2025-11-19,5576.0,5592.0,5522.0,5582.0,5611.0,208,164
2025-09-04,CRUDEOIL,2025-12-18,5565.0,5565.0,5565.0,5565.0,5590.0,1,3
2025-09-04,CRUDEOIL,2026-01-16,0.0,0.0,0.0,5543.0,5543.0,0,0
2025-09-04,CRUDEOIL,2026-02-19,0.0,0.0,0.0,5529.0,5529.0,0,0
2025-09-04,CRUDEOILM,2025-09-19,5698.0,5698.0,5545.0,5612.0,5637.0,22259,10858
2025-09-04,CRUDEOILM,2025-10-20,5610.0,5611.0,5531.0,5594.0,5620.0,4957,5132
2025-09-04,CRUDEOILM,2025-11-19,5605.0,5608.0,5523.0,5578.0,5623.0,1089,1433
2025-09-04,CRUDEOILM,2025-12-18,5585.0,5611.0,5547.0,5568.0,5629.0,25,35
2025-09-04,CRUDEOILM,2026-01-16,0.0,0.0,0.0,5543.0,5543.0,0,0
2025-09-04,CRUDEOILM,2026-02-19,0.0,0.0,0.0,5529.0,5529.0,0,0
2025-09-05,CRUDEOIL,2025-09-19,5591.0,5613.0,5423.0,5447.0,5611.0,28230,11759
2025-09-05,CRUDEOIL,2025-10-20,5575.0,5596.0,5413.0,5434.0,5592.0,3939,4364
2025-09-05,CRUDEOIL,2025-11-19,5603.0,5603.0,5411.0,5441.0,5582.0,332,339
2025-09-05,CRUDEOIL,2025-12-18,5425.0,5425.0,5421.0,5424.0,5565.0,5,8
2025-09-05,CRUDEOIL,2026-01-16,0.0,0.0,0.0,5511.0,5511.0,0,0
2025-09-05,CRUDEOIL,2026-02-19,0.0,0.0,0.0,5497.0,5497.0,0,0
2025-09-05,CRUDEOILM,2025-09-19,5608.0,5615.0,5423.0,5449.0,5612.0,29805,14103
2025-09-05,CRUDEOILM,2025-10-20,5605.0,5614.0,5417.0,5438.0,5594.0,9510,8313
2025-09-05,CRUDEOILM,2025-11-19,5571.0,5578.0,5422.0,5442.0,5578.0,1477,2108
2025-09-05,CRUDEOILM,2025-12-18,5580.0,5580.0,5441.0,5458.0,5568.0,52,69
2025-09-05,CRUDEOILM,2026-01-16,0.0,0.0,0.0,5511.0,5511.0,0,0
2025-09-05,CRUDEOILM,2026-02-19,0.0,0.0,0.0,5497.0,5497.0,0,0
2025-09-08,CRUDEOIL,2025-09-19,5522.0,5582.0,5460.0,5491.0,5447.0,20895,10518
2025-09-08,CRUDEOIL,2025-10-20,5498.0,5565.0,5448.0,5479.0,5434.0,2986,4162
2025-09-08,CRUDEOIL,2025-11-19,5500.0,5556.0,5445.0,5479.0,5441.0,276,300
2025-09-08,CRUDEOIL,2025-12-18,5547.0,5584.0,5547.0,5557.0,5424.0,8,16
2025-09-08,CRUDEOIL,2026-01-16,0.0,0.0,0.0,5381.0,5381.0,0,0
2025-09-08,CRUDEOIL,2026-02-19,0.0,0.0,0.0,5374.0,5374.0,0,0
2025-09-08,CRUDEOILM,2025-09-19,5500.0,5584.0,5464.0,5495.0,5449.0,23635,11923
2025-09-08,CRUDEOILM,2025-10-20,5497.0,5565.0,5451.0,5480.0,5438.0,6641,7633
2025-09-08,CRUDEOILM,2025-11-19,5500.0,5560.0,5450.0,5479.0,5442.0,987,2073
2025-09-08,CRUDEOILM,2025-12-18,5504.0,5575.0,5474.0,5501.0,5458.0,63,88
2025-09-08,CRUDEOILM,2026-01-16,5596.0,5610.0,5081.0,5504.0,5381.0,8,2
2025-09-08,CRUDEOILM,2026-02-19,0.0,0.0,0.0,5374.0,5374.0,0,0
2025-09-09,CRUDEOIL,2025-09-19,5520.0,5615.0,5506.0,5544.0,5491.0,24694,10698
2025-09-09,CRUDEOIL,2025-10-20,5499.0,5600.0,5493.0,5532.0,5479.0,3081,3914
2025-09-09,CRUDEOIL,2025-11-19,5502.0,5590.0,5487.0,5537.0,5479.0,221,255
2025-09-09,CRUDEOIL,2025-12-18,5518.0,5606.0,5518.0,5581.0,5557.0,12,24
2025-09-09,CRUDEOIL,2026-01-16,0.0,0.0,0.0,5427.0,5427.0,0,0
2025-09-09,CRUDEOIL,2026-02-19,0.0,0.0,0.0,5424.0,5424.0,0,0
2025-09-09,CRUDEOILM,2025-09-19,5527.0,5615.0,5502.0,5547.0,5495.0,25194,11276
2025-09-09,CRUDEOILM,2025-10-20,5507.0,5600.0,5478.0,5533.0,5480.0,6338,7093
2025-09-09,CRUDEOILM,2025-11-19,5493.0,5592.0,5490.0,5534.0,5479.0,901,1767
2025-09-09,CRUDEOILM,2025-12-18,5515.0,5587.0,5515.0,5569.0,5501.0,32,77
2025-09-09,CRUDEOILM,2026-01-16,0.0,0.0,0.0,5504.0,5504.0,0,2
2025-09-09,CRUDEOILM,2026-02-19,0.0,0.0,0.0,5424.0,5424.0,0,0
2025-09-10,CRUDEOIL,2025-09-19,5585.0,5647.0,5551.0,5622.0,5544.0,27588,10165
2025-09-10,CRUDEOIL,2025-10-20,5557.0,5632.0,5544.0,5611.0,5532.0,3607,4418
2025-09-10,CRUDEOIL,2025-11-19,5563.0,5625.0,5540.0,5613.0,5537.0,196,254
2025-09-10,CRUDEOIL,2025-12-18,5595.0,5665.0,5578.0,5595.0,5581.0,15,32
2025-09-10,CRUDEOIL,2026-01-16,0.0,0.0,0.0,5466.0,5466.0,0,0
2025-09-10,CRUDEOIL,2026-02-19,0.0,0.0,0.0,5463.0,5463.0,0,0
2025-09-10,CRUDEOILM,2025-09-19,5588.0,5646.0,5550.0,5621.0,5547.0,21657,10118
2025-09-10,CRUDEOILM,2025-10-20,5538.0,5630.0,5538.0,5611.0,5533.0,5946,6364
2025-09-10,CRUDEOILM,2025-11-19,5562.0,5624.0,5542.0,5604.0,5534.0,813,1553
2025-09-10,CRUDEOILM,2025-12-18,5573.0,5647.0,5562.0,5633.0,5569.0,70,100
2025-09-10,CRUDEOILM,2026-01-16,0.0,0.0,0.0,5466.0,5466.0,0,2
2025-09-10,CRUDEOILM,2026-02-19,0.0,0.0,0.0,5463.0,5463.0,0,0
2025-09-11,CRUDEOIL,2025-09-19,5619.0,5627.0,5512.0,5529.0,5622.0,21287,9288
2025-09-11,CRUDEOIL,2025-10-20,5601.0,5622.0,5510.0,5525.0,5611.0,4628,5502
2025-09-11,CRUDEOIL,2025-11-19,5610.0,5613.0,5509.0,5524.0,5613.0,250,373
2025-09-11,CRUDEOIL,2025-12-18,5640.0,5659.0,5571.0,5635.0,5595.0,12,42
2025-09-11,CRUDEOIL,2026-01-16,0.0,0.0,0.0,5553.0,5553.0,0,0
2025-09-11,CRUDEOIL,2026-02-19,0.0,0.0,0.0,5543.0,5543.0,0,0
2025-09-11,CRUDEOILM,2025-09-19,5620.0,5630.0,5514.0,5531.0,5621.0,20455,10862
2025-09-11,CRUDEOILM,2025-10-20,5608.0,5621.0,5513.0,5529.0,5611.0,6972,8121
2025-09-11,CRUDEOILM,2025-11-19,5612.0,5638.0,5511.0,5530.0,5604.0,951,1856
2025-09-11,CRUDEOILM,2025-12-18,5615.0,5639.0,5556.0,5564.0,5633.0,43,124
2025-09-11,CRUDEOILM,2026-01-16,0.0,0.0,0.0,5553.0,5553.0,0,2
2025-09-11,CRUDEOILM,2026-02-19,0.0,0.0,0.0,5543.0,5543.0,0,0
2025-09-12,CRUDEOIL,2025-09-19,5480.0,5647.0,5454.0,5526.0,5529.0,39339,6550
2025-09-12,CRUDEOIL,2025-10-20,5481.0,5640.0,5453.0,5526.0,5525.0,9259,7736
2025-09-12,CRUDEOIL,2025-11-19,5460.0,5639.0,5449.0,5534.0,5524.0,467,345
2025-09-12,CRUDEOIL,2025-12-18,5497.0,5649.0,5497.0,5570.0,5635.0,10,43
2025-09-12,CRUDEOIL,2026-01-16,0.0,0.0,0.0,5449.0,5449.0,0,0
2025-09-12,CRUDEOIL,2026-02-19,0.0,0.0,0.0,5442.0,5442.0,0,0
2025-09-12,CRUDEOILM,2025-09-19,5505.0,5644.0,5456.0,5530.0,5531.0,34317,8854
2025-09-12,CRUDEOILM,2025-10-20,5510.0,5643.0,5456.0,5530.0,5529.0,13793,8458
2025-09-12,CRUDEOILM,2025-11-19,5530.0,5642.0,5459.0,5542.0,5530.0,2220,1822
2025-09-12,CRUDEOILM,2025-12-18,5550.0,5675.0,5501.0,5574.0,5564.0,116,144
2025-09-12,CRUDEOILM,2026-01-16,0.0,0.0,0.0,5449.0,5449.0,0,2
2025-09-12,CRUDEOILM,2026-02-19,0.0,0.0,0.0,5442.0,5442.0,0,0
2025-09-15,CRUDEOIL,2025-09-19,5565.0,5615.0,5536.0,5587.0,5526.0,16904,4319
2025-09-15,CRUDEOIL,2025-10-20,5540.0,5611.0,5540.0,5589.0,5526.0,7389,9873
2025-09-15,CRUDEOIL,2025-11-19,5569.0,5605.0,5545.0,5583.0,5534.0,370,452
2025-09-15,CRUDEOIL,2025-12-18,5624.0,5624.0,5611.0,5618.0,5570.0,2,44
2025-09-15,CRUDEOIL,2026-01-16,0.0,0.0,0.0,5472.0,5472.0,0,0
2025-09-15,CRUDEOIL,2026-02-19,0.0,0.0,0.0,5465.0,5465.0,0,0
2025-09-15,CRUDEOILM,2025-09-19,5559.0,5610.0,5536.0,5586.0,5530.0,15883,7412
2025-09-15,CRUDEOILM,2025-10-20,5547.0,5615.0,5542.0,5590.0,5530.0,8713,8815
2025-09-15,CRUDEOILM,2025-11-19,5582.0,5604.0,5542.0,5587.0,5542.0,1167,1948
2025-09-15,CRUDEOILM,2025-12-18,5606.0,5630.0,5588.0,5613.0,5574.0,21,147
2025-09-15,CRUDEOILM,2026-01-16,0.0,0.0,0.0,5472.0,5472.0,0,2
2025-09-15,CRUDEOILM,2026-02-19,0.0,0.0,0.0,5465.0,5465.0,0,0
2025-09-16,CRUDEOIL,2025-09-19,5584.0,5698.0,5543.0,5694.0,5587.0,24655,6863
2025-09-16,CRUDEOIL,2025-10-20,5589.0,5686.0,5542.0,5681.0,5589.0,9646,9769
2025-09-16,CRUDEOIL,2025-11-19,5580.0,5689.0,5544.0,5675.0,5583.0,967,466
2025-09-16,CRUDEOIL,2025-12-18,5627.0,5714.0,5627.0,5678.0,5618.0,10,39
2025-09-16,CRUDEOIL,2026-01-16,0.0,0.0,0.0,5471.0,5471.0,0,0
2025-09-16,CRUDEOIL,2026-02-19,0.0,0.0,0.0,5463.0,5463.0,0,0
2025-09-16,CRUDEOILM,2025-09-19,5570.0,5695.0,5545.0,5692.0,5586.0,18924,5287
2025-09-16,CRUDEOILM,2025-10-20,5585.0,5685.0,5545.0,5681.0,5590.0,14970,7371
2025-09-16,CRUDEOILM,2025-11-19,5587.0,5680.0,5550.0,5677.0,5587.0,2219,1755
2025-09-16,CRUDEOILM,2025-12-18,5621.0,5699.0,5585.0,5689.0,5613.0,71,140
2025-09-16,CRUDEOILM,2026-01-16,5684.0,5684.0,5421.0,5553.0,5471.0,2,3
2025-09-16,CRUDEOILM,2026-02-19,0.0,0.0,0.0,5463.0,5463.0,0,0
2025-09-17,CRUDEOIL,2025-09-19,5665.0,5676.0,5612.0,5646.0,5694.0,23326,6495
2025-09-17,CRUDEOIL,2025-10-20,5657.0,5660.0,5602.0,5638.0,5681.0,7084,10335
2025-09-17,CRUDEOIL,2025-11-19,5644.0,5655.0,5596.0,5627.0,5675.0,644,701
2025-09-17,CRUDEOIL,2025-12-18,5675.0,5685.0,5645.0,5658.0,5678.0,12,43
2025-09-17,CRUDEOIL,2026-01-16,0.0,0.0,0.0,5512.0,5512.0,0,0
2025-09-17,CRUDEOIL,2026-02-19,0.0,0.0,0.0,5502.0,5502.0,0,0
2025-09-17,CRUDEOILM,2025-09-19,5668.0,5679.0,5614.0,5647.0,5692.0,12465,3953
2025-09-17,CRUDEOILM,2025-10-20,5672.0,5672.0,5606.0,5639.0,5681.0,12687,9286
2025-09-17,CRUDEOILM,2025-11-19,5650.0,5668.0,5598.0,5631.0,5677.0,1357,2129
2025-09-17,CRUDEOILM,2025-12-18,5661.0,5682.0,5627.0,5647.0,5689.0,122,151
2025-09-17,CRUDEOILM,2026-01-16,0.0,0.0,0.0,5553.0,5553.0,0,3
2025-09-17,CRUDEOILM,2026-02-19,0.0,0.0,0.0,5502.0,5502.0,0,0
2025-09-18,CRUDEOIL,2025-09-19,5620.0,5692.0,5586.0,5591.0,5646.0,10967,2424
2025-09-18,CRUDEOIL,2025-10-20,5618.0,5679.0,5575.0,5583.0,5638.0,19020,10963
2025-09-18,CRUDEOIL,2025-11-19,5614.0,5664.0,5572.0,5576.0,5627.0,864,797
2025-09-18,CRUDEOIL,2025-12-18,5650.0,5680.0,5600.0,5617.0,5658.0,58,55
2025-09-18,CRUDEOIL,2026-01-16,0.0,0.0,0.0,5553.0,5553.0,0,0
2025-09-18,CRUDEOIL,2026-02-19,0.0,0.0,0.0,5536.0,5536.0,0,0
2025-09-18,CRUDEOILM,2025-09-19,5450.0,5692.0,5450.0,5589.0,5647.0,10509,3187
2025-09-18,CRUDEOILM,2025-10-20,5602.0,5679.0,5582.0,5587.0,5639.0,23485,10848
2025-09-18,CRUDEOILM,2025-11-19,5632.0,5661.0,5576.0,5583.0,5631.0,2956,2590
2025-09-18,CRUDEOILM,2025-12-18,5647.0,5685.0,5612.0,5623.0,5647.0,115,170
2025-09-18,CRUDEOILM,2026-01-16,0.0,0.0,0.0,5553.0,5553.0,0,3
2025-09-18,CRUDEOILM,2026-02-19,0.0,0.0,0.0,5536.0,5536.0,0,0
2025-09-19,CRUDEOIL,2025-09-19,5590.0,5614.0,5535.0,5550.0,5591.0,4227,1180
2025-09-19,CRUDEOIL,2025-10-20,5574.0,5601.0,5503.0,5527.0,5583.0,16857,13027
2025-09-19,CRUDEOIL,2025-11-19,5569.0,5591.0,5490.0,5511.0,5576.0,1287,1398
2025-09-19,CRUDEOIL,2025-12-18,5582.0,5604.0,5494.0,5507.0,5617.0,105,118
2025-09-19,CRUDEOIL,2026-01-16,0.0,0.0,0.0,5509.0,5509.0,0,0
2025-09-19,CRUDEOIL,2026-02-19,0.0,0.0,0.0,5493.0,5493.0,0,0
2025-09-19,CRUDEOILM,2025-09-19,5596.0,5611.0,5523.0,5545.0,5589.0,5092,2247
2025-09-19,CRUDEOILM,2025-10-20,5581.0,5605.0,5508.0,5530.0,5587.0,19470,14516
2025-09-19,CRUDEOILM,2025-11-19,5573.0,5596.0,5490.0,5518.0,5583.0,2955,3842
2025-09-19,CRUDEOILM,2025-12-18,5594.0,5626.0,5510.0,5530.0,5623.0,361,337
2025-09-19,CRUDEOILM,2026-01-16,5573.0,5573.0,5573.0,5573.0,5509.0,1,3
2025-09-19,CRUDEOILM,2026-02-19,0.0,0.0,0.0,5493.0,5493.0,0,0
2025-09-22,CRUDEOIL,2025-10-20,5551.0,5575.0,5462.0,5522.0,5527.0,15954,12981
2025-09-22,CRUDEOIL,2025-11-19,5513.0,5554.0,5449.0,5506.0,5511.0,1404,1584
2025-09-22,CRUDEOIL,2025-12-18,5540.0,5558.0,5450.0,5489.0,5507.0,115,173
2025-09-22,CRUDEOIL,2026-01-16,0.0,0.0,0.0,5455.0,5455.0,0,0
2025-09-22,CRUDEOIL,2026-02-19,0.0,0.0,0.0,5438.0,5438.0,0,0
2025-09-22,CRUDEOIL,2026-03-19,0.0,0.0,0.0,5530.0,5530.0,0,0
2025-09-22,CRUDEOILM,2025-10-20,5544.0,5575.0,5465.0,5525.0,5530.0,19267,16061
2025-09-22,CRUDEOILM,2025-11-19,5539.0,5558.0,5451.0,5512.0,5518.0,3024,4389
2025-09-22,CRUDEOILM,2025-12-18,5524.0,5565.0,5458.0,5514.0,5530.0,713,544
2025-09-22,CRUDEOILM,2026-01-16,5591.0,5591.0,5491.0,5557.0,5573.0,3,5
2025-09-22,CRUDEOILM,2026-02-19,0.0,0.0,0.0,5438.0,5438.0,0,0
2025-09-22,CRUDEOILM,2026-03-19,0.0,0.0,0.0,5530.0,5530.0,0,0
2025-09-23,CRUDEOIL,2025-10-20,5476.0,5684.0,5476.0,5632.0,5522.0,21928,10947
2025-09-23,CRUDEOIL,2025-11-19,5490.0,5657.0,5480.0,5605.0,5506.0,1644,1537
2025-09-23,CRUDEOIL,2025-12-18,5475.0,5649.0,5475.0,5610.0,5489.0,115,159
2025-09-23,CRUDEOIL,2026-01-16,0.0,0.0,0.0,5438.0,5438.0,0,0
2025-09-23,CRUDEOIL,2026-02-19,0.0,0.0,0.0,5428.0,5428.0,0,0
2025-09-23,CRUDEOIL,2026-03-19,0.0,0.0,0.0,5422.0,5422.0,0,0
2025-09-23,CRUDEOILM,2025-10-20,5499.0,5680.0,5493.0,5633.0,5525.0,28682,11605
2025-09-23,CRUDEOILM,2025-11-19,5489.0,5656.0,5479.0,5607.0,5512.0,4881,3517
2025-09-23,CRUDEOILM,2025-12-18,5478.0,5643.0,5477.0,5601.0,5514.0,622,496
2025-09-23,CRUDEOILM,2026-01-16,0.0,0.0,0.0,5557.0,5557.0,0,5
2025-09-23,CRUDEOILM,2026-02-19,0.0,0.0,0.0,5428.0,5428.0,0,0
2025-09-23,CRUDEOILM,2026-03-19,0.0,0.0,0.0,5422.0,5422.0,0,0
2025-09-24,CRUDEOIL,2025-10-20,5660.0,5783.0,5629.0,5776.0,5632.0,17260,11219
2025-09-24,CRUDEOIL,2025-11-19,5627.0,5738.0,5602.0,5733.0,5605.0,1752,1648
2025-09-24,CRUDEOIL,2025-12-18,5620.0,5735.0,5609.0,5731.0,5610.0,141,227
2025-09-24,CRUDEOIL,2026-01-16,0.0,0.0,0.0,5549.0,5549.0,0,0
2025-09-24,CRUDEOIL,2026-02-19,0.0,0.0,0.0,5531.0,5531.0,0,0
2025-09-24,CRUDEOIL,2026-03-19,0.0,0.0,0.0,5520.0,5520.0,0,0
2025-09-24,CRUDEOILM,2025-10-20,5671.0,5781.0,5628.0,5773.0,5633.0,25352,12536
2025-09-24,CRUDEOILM,2025-11-19,5657.0,5735.0,5601.0,5731.0,5607.0,4462,2924
2025-09-24,CRUDEOILM,2025-12-18,5621.0,5733.0,5592.0,5725.0,5601.0,969,590
2025-09-24,CRUDEOILM,2026-01-16,5663.0,5683.0,5663.0,5676.0,5549.0,3,4
2025-09-24,CRUDEOILM,2026-02-19,0.0,0.0,0.0,5531.0,5531.0,0,0
2025-09-24,CRUDEOILM,2026-03-19,0.0,0.0,0.0,5520.0,5520.0,0,0
2025-09-25,CRUDEOIL,2025-10-20,5762.0,5783.0,5698.0,5773.0,5776.0,15854,10879
2025-09-25,CRUDEOIL,2025-11-19,5700.0,5746.0,5666.0,5736.0,5733.0,1502,1400
2025-09-25,CRUDEOIL,2025-12-18,5705.0,5739.0,5644.0,5718.0,5731.0,131,191
2025-09-25,CRUDEOIL,2026-01-16,0.0,0.0,0.0,5669.0,5669.0,0,0
2025-09-25,CRUDEOIL,2026-02-19,0.0,0.0,0.0,5643.0,5643.0,0,0
2025-09-25,CRUDEOIL,2026-03-19,0.0,0.0,0.0,5626.0,5626.0,0,0
2025-09-25,CRUDEOILM,2025-10-20,5782.0,5782.0,5701.0,5773.0,5773.0,23355,11966
2025-09-25,CRUDEOILM,2025-11-19,5730.0,5745.0,5667.0,5734.0,5731.0,3579,2920
2025-09-25,CRUDEOILM,2025-12-18,5698.0,5738.0,5658.0,5723.0,5725.0,962,594
2025-09-25,CRUDEOILM,2026-01-16,5635.0,5695.0,5635.0,5670.0,5676.0,3,5
2025-09-25,CRUDEOILM,2026-02-19,0.0,0.0,0.0,5643.0,5643.0,0,0
2025-09-25,CRUDEOILM,2026-03-19,0.0,0.0,0.0,5626.0,5626.0,0,0
2025-09-26,CRUDEOIL,2025-10-20,5788.0,5903.0,5745.0,5833.0,5773.0,20347,10751
2025-09-26,CRUDEOIL,2025-11-19,5750.0,5857.0,5710.0,5786.0,5736.0,1370,1366
2025-09-26,CRUDEOIL,2025-12-18,5749.0,5848.0,5705.0,5786.0,5718.0,173,213
2025-09-26,CRUDEOIL,2026-01-16,0.0,0.0,0.0,5664.0,5664.0,0,0
2025-09-26,CRUDEOIL,2026-02-19,0.0,0.0,0.0,5639.0,5639.0,0,0
2025-09-26,CRUDEOIL,2026-03-19,0.0,0.0,0.0,5623.0,5623.0,0,0
2025-09-26,CRUDEOILM,2025-10-20,5788.0,5900.0,5743.0,5833.0,5773.0,28801,11260
2025-09-26,CRUDEOILM,2025-11-19,5755.0,5857.0,5711.0,5789.0,5734.0,3708,2484
2025-09-26,CRUDEOILM,2025-12-18,5735.0,5846.0,5702.0,5778.0,5723.0,887,582
2025-09-26,CRUDEOILM,2026-01-16,5780.0,5780.0,5686.0,5734.0,5670.0,3,5
2025-09-26,CRUDEOILM,2026-02-19,0.0,0.0,0.0,5639.0,5639.0,0,0
2025-09-26,CRUDEOILM,2026-03-19,0.0,0.0,0.0,5623.0,5623.0,0,0
2025-09-29,CRUDEOIL,2025-10-20,5800.0,5816.0,5605.0,5610.0,5833.0,18579,10579
2025-09-29,CRUDEOIL,2025-11-19,5772.0,5776.0,5590.0,5593.0,5786.0,1864,1470
2025-09-29,CRUDEOIL,2025-12-18,5754.0,5771.0,5582.0,5592.0,5786.0,192,210
2025-09-29,CRUDEOIL,2026-01-16,0.0,0.0,0.0,5725.0,5725.0,0,0
2025-09-29,CRUDEOIL,2026-02-19,0.0,0.0,0.0,5697.0,5697.0,0,0
2025-09-29,CRUDEOIL,2026-03-19,0.0,0.0,0.0,5678.0,5678.0,0,0
2025-09-29,CRUDEOILM,2025-10-20,5807.0,5818.0,5606.0,5613.0,5833.0,28171,11674
2025-09-29,CRUDEOILM,2025-11-19,5776.0,5779.0,5592.0,5598.0,5789.0,4911,3921
2025-09-29,CRUDEOILM,2025-12-18,5763.0,5775.0,5585.0,5594.0,5778.0,1176,1251
2025-09-29,CRUDEOILM,2026-01-16,5750.0,5750.0,5561.0,5624.0,5734.0,10,10
2025-09-29,CRUDEOILM,2026-02-19,0.0,0.0,0.0,5697.0,5697.0,0,0
2025-09-29,CRUDEOILM,2026-03-19,0.0,0.0,0.0,5678.0,5678.0,0,0
2025-09-30,CRUDEOIL,2025-10-20,5600.0,5630.0,5523.0,5569.0,5610.0,25499,10829
2025-09-30,CRUDEOIL,2025-11-19,5565.0,5614.0,5506.0,5550.0,5593.0,3691,2359
2025-09-30,CRUDEOIL,2025-12-18,5569.0,5602.0,5504.0,5545.0,5592.0,585,330
2025-09-30,CRUDEOIL,2026-01-16,5590.0,5647.0,5567.0,5618.0,5537.0,37,30
2025-09-30,CRUDEOIL,2026-02-19,0.0,0.0,0.0,5520.0,5520.0,0,0
2025-09-30,CRUDEOIL,2026-03-19,0.0,0.0,0.0,5508.0,5508.0,0,0
2025-09-30,CRUDEOILM,2025-10-20,5612.0,5632.0,5526.0,5571.0,5613.0,29548,12367
2025-09-30,CRUDEOILM,2025-11-19,5649.0,5649.0,5509.0,5554.0,5598.0,5421,4837
2025-09-30,CRUDEOILM,2025-12-18,5775.0,5775.0,5505.0,5551.0,5594.0,1105,1628
2025-09-30,CRUDEOILM,2026-01-16,5609.0,5609.0,5550.0,5587.0,5624.0,18,20
2025-09-30,CRUDEOILM,2026-02-19,0.0,0.0,0.0,5520.0,5520.0,0,0
2025-09-30,CRUDEOILM,2026-03-19,0.0,0.0,0.0,5508.0,5508.0,0,0
2025-10-01,CRUDEOIL,2025-10-20,5577.0,5596.0,5460.0,5493.0,5569.0,25989,12926
2025-10-01,CRUDEOIL,2025-11-19,5547.0,5575.0,5448.0,5471.0,5550.0,3540,3286
2025-10-01,CRUDEOIL,2025-12-18,5526.0,5560.0,5395.0,5487.0,5545.0,622,516
2025-10-01,CRUDEOIL,2026-01-16,5577.0,5606.0,5500.0,5527.0,5618.0,21,42
2025-10-01,CRUDEOIL,2026-02-19,0.0,0.0,0.0,5465.0,5465.0,0,0
2025-10-01,CRUDEOIL,2026-03-19,0.0,0.0,0.0,5455.0,5455.0,0,0
2025-10-01,CRUDEOILM,2025-10-20,5571.0,5604.0,5463.0,5495.0,5571.0,33560,15564
2025-10-01,CRUDEOILM,2025-11-19,5551.0,5575.0,5451.0,5477.0,5554.0,8013,7032
2025-10-01,CRUDEOILM,2025-12-18,5553.0,5568.0,5425.0,5480.0,5551.0,1347,2297
2025-10-01,CRUDEOILM,2026-01-16,5573.0,5573.0,5456.0,5494.0,5587.0,22,36
2025-10-01,CRUDEOILM,2026-02-19,0.0,0.0,0.0,5465.0,5465.0,0,0
2025-10-01,CRUDEOILM,2026-03-19,0.0,0.0,0.0,5455.0,5455.0,0,0
2025-10-03,CRUDEOIL,2025-10-20,5451.0,5462.0,5390.0,5439.0,5493.0,20223,14256
2025-10-03,CRUDEOIL,2025-11-19,5425.0,5477.0,5380.0,5427.0,5471.0,3562,4332
2025-10-03,CRUDEOIL,2025-12-18,5420.0,5450.0,5391.0,5432.0,5487.0,682,646
2025-10-03,CRUDEOIL,2026-01-16,5455.0,5477.0,5440.0,5452.0,5527.0,7,46
2025-10-03,CRUDEOIL,2026-02-19,0.0,0.0,0.0,5411.0,5411.0,0,0
2025-10-03,CRUDEOIL,2026-03-19,0.0,0.0,0.0,5403.0,5403.0,0,0
2025-10-03,CRUDEOILM,2025-10-20,5460.0,5463.0,5361.0,5440.0,5495.0,24325,17689
2025-10-03,CRUDEOILM,2025-11-19,5425.0,5472.0,5388.0,5428.0,5477.0,6622,9245
2025-10-03,CRUDEOILM,2025-12-18,5423.0,5449.0,5397.0,5429.0,5480.0,1316,2802
2025-10-03,CRUDEOILM,2026-01-16,5476.0,5476.0,5476.0,5476.0,5494.0,1,36
2025-10-03,CRUDEOILM,2026-02-19,0.0,0.0,0.0,5411.0,5411.0,0,0
2025-10-03,CRUDEOILM,2026-03-19,0.0,0.0,0.0,5403.0,5403.0,0,0
2025-10-06,CRUDEOIL,2025-10-20,5485.0,5530.0,5436.0,5491.0,5439.0,23778,13524
2025-10-06,CRUDEOIL,2025-11-19,5467.0,5508.0,5425.0,5478.0,5427.0,3386,4289
2025-10-06,CRUDEOIL,2025-12-18,5477.0,5509.0,5429.0,5473.0,5432.0,543,649
2025-10-06,CRUDEOIL,2026-01-16,5544.0,5548.0,5506.0,5529.0,5452.0,8,47
2025-10-06,CRUDEOIL,2026-02-19,0.0,0.0,0.0,5363.0,5363.0,0,0
2025-10-06,CRUDEOIL,2026-03-19,0.0,0.0,0.0,5358.0,5358.0,0,0
2025-10-06,CRUDEOILM,2025-10-20,5481.0,5532.0,5439.0,5491.0,5440.0,27639,17084
2025-10-06,CRUDEOILM,2025-11-19,5458.0,5512.0,5425.0,5478.0,5428.0,6092,8624
2025-10-06,CRUDEOILM,2025-12-18,5450.0,5512.0,5427.0,5478.0,5429.0,1296,2937
2025-10-06,CRUDEOILM,2026-01-16,5487.0,5565.0,5427.0,5495.0,5476.0,25,37
2025-10-06,CRUDEOILM,2026-02-19,0.0,0.0,0.0,5363.0,5363.0,0,0
2025-10-06,CRUDEOILM,2026-03-19,0.0,0.0,0.0,5858.0,5858.0,0,0
2025-10-07,CRUDEOIL,2025-10-20,5497.0,5517.0,5407.0,5480.0,5491.0,21864,13969
2025-10-07,CRUDEOIL,2025-11-19,5486.0,5500.0,5397.0,5461.0,5478.0,3638,4490
2025-10-07,CRUDEOIL,2025-12-18,5484.0,5497.0,5396.0,5467.0,5473.0,300,746
2025-10-07,CRUDEOIL,2026-01-16,5536.0,5544.0,5528.0,5530.0,5529.0,20,63
2025-10-07,CRUDEOIL,2026-02-19,0.0,0.0,0.0,5425.0,5425.0,0,0
2025-10-07,CRUDEOIL,2026-03-19,0.0,0.0,0.0,5419.0,5419.0,0,0
2025-10-07,CRUDEOILM,2025-10-20,5506.0,5525.0,5410.0,5478.0,5491.0,23855,17083
2025-10-07,CRUDEOILM,2025-11-19,5487.0,5502.0,5400.0,5465.0,5478.0,5583,9163
2025-10-07,CRUDEOILM,2025-12-18,5499.0,5505.0,5406.0,5467.0,5478.0,1235,3289
2025-10-07,CRUDEOILM,2026-01-16,5472.0,5472.0,5472.0,5472.0,5495.0,1,37
2025-10-07,CRUDEOILM,2026-02-19,0.0,0.0,0.0,5425.0,5425.0,0,0
2025-10-07,CRUDEOILM,2026-03-19,0.0,0.0,0.0,5419.0,5419.0,0,0
2025-10-08,CRUDEOIL,2025-10-20,5515.0,5594.0,5515.0,5576.0,5480.0,23934,11799
2025-10-08,CRUDEOIL,2025-11-19,5500.0,5559.0,5497.0,5551.0,5461.0,3136,3911
2025-10-08,CRUDEOIL,2025-12-18,5510.0,5555.0,5494.0,5547.0,5467.0,391,789
2025-10-08,CRUDEOIL,2026-01-16,5585.0,5601.0,5572.0,5587.0,5530.0,9,66
2025-10-08,CRUDEOIL,2026-02-19,0.0,0.0,0.0,5390.0,5390.0,0,0
2025-10-08,CRUDEOIL,2026-03-19,0.0,0.0,0.0,5382.0,5382.0,0,0
2025-10-08,CRUDEOILM,2025-10-20,5534.0,5591.0,5523.0,5576.0,5478.0,25315,12799
2025-10-08,CRUDEOILM,2025-11-19,5508.0,5561.0,5499.0,5546.0,5465.0,7009,7344
2025-10-08,CRUDEOILM,2025-12-18,5515.0,5555.0,5500.0,5541.0,5467.0,1502,2558
2025-10-08,CRUDEOILM,2026-01-16,5537.0,5580.0,5537.0,5564.0,5472.0,7,39
2025-10-08,CRUDEOILM,2026-02-19,0.0,0.0,0.0,5390.0,5390.0,0,0
2025-10-08,CRUDEOILM,2026-03-19,0.0,0.0,0.0,5382.0,5382.0,0,0
2025-10-09,CRUDEOIL,2025-10-20,5520.0,5590.0,5453.0,5462.0,5576.0,28472,11259
2025-10-09,CRUDEOIL,2025-11-19,5506.0,5560.0,5431.0,5438.0,5551.0,6410,5256
2025-10-09,CRUDEOIL,2025-12-18,5488.0,5549.0,5433.0,5440.0,5547.0,405,846
2025-10-09,CRUDEOIL,2026-01-16,5595.0,5599.0,5499.0,5571.0,5587.0,11,66
2025-10-09,CRUDEOIL,2026-02-19,0.0,0.0,0.0,5472.0,5472.0,0,0
2025-10-09,CRUDEOIL,2026-03-19,0.0,0.0,0.0,5460.0,5460.0,0,0
2025-10-09,CRUDEOILM,2025-10-20,5530.0,5588.0,5456.0,5464.0,5576.0,29617,14304
2025-10-09,CRUDEOILM,2025-11-19,5511.0,5557.0,5435.0,5442.0,5546.0,9185,9019
2025-10-09,CRUDEOILM,2025-12-18,5525.0,5550.0,5440.0,5446.0,5541.0,1724,3253
2025-10-09,CRUDEOILM,2026-01-16,5550.0,5570.0,5500.0,5537.0,5564.0,11,43
2025-10-09,CRUDEOILM,2026-02-19,0.0,0.0,0.0,5472.0,5472.0,0,0
2025-10-09,CRUDEOILM,2026-03-19,0.0,0.0,0.0,5460.0,5460.0,0,0
2025-10-10,CRUDEOIL,2025-10-20,5475.0,5475.0,5232.0,5246.0,5462.0,42352,13180
2025-10-10,CRUDEOIL,2025-11-19,5447.0,5459.0,5221.0,5238.0,5438.0,10859,9550
2025-10-10,CRUDEOIL,2025-12-18,5446.0,5446.0,5229.0,5239.0,5440.0,1480,1036
2025-10-10,CRUDEOIL,2026-01-16,5447.0,5447.0,5295.0,5328.0,5571.0,38,78
2025-10-10,CRUDEOIL,2026-02-19,0.0,0.0,0.0,5366.0,5366.0,0,0
2025-10-10,CRUDEOIL,2026-03-19,0.0,0.0,0.0,5360.0,5360.0,0,0
2025-10-10,CRUDEOILM,2025-10-20,5473.0,5483.0,5212.0,5248.0,5464.0,37286,16655
2025-10-10,CRUDEOILM,2025-11-19,5478.0,5478.0,5225.0,5243.0,5442.0,16633,15165
2025-10-10,CRUDEOILM,2025-12-18,5446.0,5450.0,5231.0,5248.0,5446.0,3349,5174
2025-10-10,CRUDEOILM,2026-01-16,5473.0,5490.0,5316.0,5331.0,5537.0,159,133
2025-10-10,CRUDEOILM,2026-02-19,0.0,0.0,0.0,5366.0,5366.0,0,0
2025-10-10,CRUDEOILM,2026-03-19,0.0,0.0,0.0,5360.0,5360.0,0,0
2025-10-13,CRUDEOIL,2025-10-20,5300.0,5346.0,5258.0,5303.0,5246.0,27970,9880
2025-10-13,CRUDEOIL,2025-11-19,5299.0,5328.0,5247.0,5291.0,5238.0,8287,10699
2025-10-13,CRUDEOIL,2025-12-18,5303.0,5332.0,5250.0,5290.0,5239.0,446,1076
2025-10-13,CRUDEOIL,2026-01-16,5346.0,5350.0,5330.0,5342.0,5328.0,5,77
2025-10-13,CRUDEOIL,2026-02-19,0.0,0.0,0.0,5162.0,5162.0,0,0
2025-10-13,CRUDEOIL,2026-03-19,0.0,0.0,0.0,5159.0,5159.0,0,0
2025-10-13,CRUDEOILM,2025-10-20,5302.0,5346.0,5258.0,5304.0,5248.0,29623,14950
2025-10-13,CRUDEOILM,2025-11-19,5302.0,5329.0,5249.0,5297.0,5243.0,9671,15642
2025-10-13,CRUDEOILM,2025-12-18,5286.0,5335.0,5254.0,5300.0,5248.0,1373,5141
2025-10-13,CRUDEOILM,2026-01-16,5369.0,5417.0,5333.0,5359.0,5331.0,63,156
2025-10-13,CRUDEOILM,2026-02-19,0.0,0.0,0.0,5162.0,5162.0,0,0
2025-10-13,CRUDEOILM,2026-03-19,0.0,0.0,0.0,5159.0,5159.0,0,0
2025-10-14,CRUDEOIL,2025-10-20,5303.0,5310.0,5130.0,5233.0,5303.0,27802,9070
2025-10-14,CRUDEOIL,2025-11-19,5299.0,5299.0,5122.0,5218.0,5291.0,11232,12487
2025-10-14,CRUDEOIL,2025-12-18,5294.0,5299.0,5133.0,5229.0,5290.0,806,1188
2025-10-14,CRUDEOIL,2026-01-16,5232.0,5276.0,5200.0,5228.0,5342.0,12,82
2025-10-14,CRUDEOIL,2026-02-19,0.0,0.0,0.0,5242.0,5242.0,0,0
2025-10-14,CRUDEOIL,2026-03-19,0.0,0.0,0.0,5243.0,5243.0,0,0
2025-10-14,CRUDEOILM,2025-10-20,5263.0,5349.0,5130.0,5233.0,5304.0,29340,13358
2025-10-14,CRUDEOILM,2025-11-19,5297.0,5313.0,5126.0,5220.0,5297.0,13959,19085
2025-10-14,CRUDEOILM,2025-12-18,5250.0,5310.0,5140.0,5235.0,5300.0,2679,6054
2025-10-14,CRUDEOILM,2026-01-16,5371.0,5371.0,5220.0,5285.0,5359.0,110,216
2025-10-14,CRUDEOILM,2026-02-19,0.0,0.0,0.0,5242.0,5242.0,0,0
2025-10-14,CRUDEOILM,2026-03-19,0.0,0.0,0.0,5243.0,5243.0,0,0
2025-10-15,CRUDEOIL,2025-10-20,5199.0,5244.0,5128.0,5145.0,5233.0,24331,10006
2025-10-15,CRUDEOIL,2025-11-19,5185.0,5222.0,5119.0,5133.0,5218.0,11100,15095
2025-10-15,CRUDEOIL,2025-12-18,5182.0,5231.0,5128.0,5139.0,5229.0,845,1330
2025-10-15,CRUDEOIL,2026-01-16,5235.0,5260.0,5200.0,5222.0,5228.0,6,87
2025-10-15,CRUDEOIL,2026-02-19,0.0,0.0,0.0,5161.0,5161.0,0,0
2025-10-15,CRUDEOIL,2026-03-19,0.0,0.0,0.0,5165.0,5165.0,0,0
2025-10-15,CRUDEOILM,2025-10-20,5199.0,5242.0,5128.0,5147.0,5233.0,22930,11958
2025-10-15,CRUDEOILM,2025-11-19,5204.0,5224.0,5126.0,5139.0,5220.0,12882,23416
2025-10-15,CRUDEOILM,2025-12-18,5200.0,5234.0,5135.0,5153.0,5235.0,2053,6710
2025-10-15,CRUDEOILM,2026-01-16,5240.0,5285.0,5211.0,5223.0,5285.0,50,252
2025-10-15,CRUDEOILM,2026-02-19,0.0,0.0,0.0,5161.0,5161.0,0,0
2025-10-15,CRUDEOILM,2026-03-19,0.0,0.0,0.0,5165.0,5165.0,0,0
2025-10-16,CRUDEOIL,2025-10-20,5160.0,5195.0,5046.0,5066.0,5145.0,34591,9129
2025-10-16,CRUDEOIL,2025-11-19,5184.0,5184.0,5038.0,5048.0,5133.0,14189,17023
2025-10-16,CRUDEOIL,2025-12-18,5161.0,5185.0,5051.0,5058.0,5139.0,1013,1606
2025-10-16,CRUDEOIL,2026-01-16,5210.0,5227.0,5150.0,5163.0,5222.0,65,144
2025-10-16,CRUDEOIL,2026-02-19,0.0,0.0,0.0,5097.0,5097.0,0,0
2025-10-16,CRUDEOIL,2026-03-19,0.0,0.0,0.0,5101.0,5101.0,0,0
2025-10-16,CRUDEOILM,2025-10-20,5212.0,5212.0,5055.0,5066.0,5147.0,24835,10955
2025-10-16,CRUDEOILM,2025-11-19,5178.0,5192.0,5042.0,5052.0,5139.0,15801,26775
2025-10-16,CRUDEOILM,2025-12-18,5157.0,5190.0,5056.0,5067.0,5153.0,2571,7787
2025-10-16,CRUDEOILM,2026-01-16,5246.0,5252.0,5150.0,5167.0,5223.0,64,280
2025-10-16,CRUDEOILM,2026-02-19,0.0,0.0,0.0,5097.0,5097.0,0,0
2025-10-16,CRUDEOILM,2026-03-19,0.0,0.0,0.0,5101.0,5101.0,0,0
2025-10-17,CRUDEOIL,2025-10-20,5066.0,5256.0,4986.0,5053.0,5066.0,11849,4622
2025-10-17,CRUDEOIL,2025-11-19,5003.0,5065.0,4962.0,5037.0,5048.0,16850,17974
2025-10-17,CRUDEOIL,2025-12-18,5042.0,5076.0,4985.0,5062.0,5058.0,902,1748
2025-10-17,CRUDEOIL,2026-01-16,5103.0,5151.0,5079.0,5120.0,5163.0,40,152
2025-10-17,CRUDEOIL,2026-02-19,0.0,0.0,0.0,4994.0,4994.0,0,0
2025-10-17,CRUDEOIL,2026-03-19,0.0,0.0,0.0,5000.0,5000.0,0,0
2025-10-17,CRUDEOILM,2025-10-20,5117.0,5268.0,4981.0,5051.0,5066.0,17167,13421
2025-10-17,CRUDEOILM,2025-11-19,5052.0,5068.0,4965.0,5042.0,5052.0,22667,28433
2025-10-17,CRUDEOILM,2025-12-18,5056.0,5081.0,4988.0,5062.0,5067.0,2629,8141
2025-10-17,CRUDEOILM,2026-01-16,5148.0,5200.0,5090.0,5155.0,5167.0,170,334
2025-10-17,CRUDEOILM,2026-02-19,0.0,0.0,0.0,4994.0,4994.0,0,0
2025-10-17,CRUDEOILM,2026-03-19,0.0,0.0,0.0,5000.0,5000.0,0,0
2025-10-20,CRUDEOIL,2025-10-20,5026.0,5059.0,4948.0,5030.0,5053.0,4540,2538
2025-10-20,CRUDEOIL,2025-11-19,5028.0,5041.0,4944.0,5024.0,5037.0,15978,19901
2025-10-20,CRUDEOIL,2025-12-18,5060.0,5064.0,4975.0,5049.0,5062.0,947,1856
2025-10-20,CRUDEOIL,2026-01-16,5138.0,5138.0,5036.0,5079.0,5120.0,19,150
2025-10-20,CRUDEOIL,2026-02-19,0.0,0.0,0.0,5017.0,5017.0,0,0
2025-10-20,CRUDEOIL,2026-03-19,0.0,0.0,0.0,5028.0,5028.0,0,0
2025-10-20,CRUDEOILM,2025-10-20,5060.0,5083.0,4950.0,5025.0,5051.0,6850,10346
2025-10-20,CRUDEOILM,2025-11-19,5041.0,5049.0,4949.0,5022.0,5042.0,23573,31285
2025-10-20,CRUDEOILM,2025-12-18,5042.0,5068.0,4979.0,5051.0,5062.0,2162,8677
2025-10-20,CRUDEOILM,2026-01-16,5155.0,5155.0,5085.0,5132.0,5155.0,63,353
2025-10-20,CRUDEOILM,2026-02-19,0.0,0.0,0.0,5017.0,5017.0,0,0
2025-10-20,CRUDEOILM,2026-03-19,0.0,0.0,0.0,5028.0,5028.0,0,0
2025-10-21,CRUDEOIL,2025-11-19,5026.0,5065.0,5020.0,5053.0,5024.0,1478,19875
2025-10-21,CRUDEOIL,2025-12-18,5043.0,5089.0,5043.0,5078.0,5049.0,364,1887
2025-10-21,CRUDEOIL,2026-01-16,5147.0,5152.0,5135.0,5143.0,5079.0,4,149
2025-10-21,CRUDEOIL,2026-02-19,0.0,0.0,0.0,4999.0,4999.0,0,0
2025-10-21,CRUDEOIL,2026-03-19,0.0,0.0,0.0,5012.0,5012.0,0,0
2025-10-21,CRUDEOILM,2025-11-19,5039.0,5070.0,5008.0,5056.0,5022.0,2513,31280
2025-10-21,CRUDEOILM,2025-12-18,5062.0,5099.0,5059.0,5085.0,5051.0,474,8666
2025-10-21,CRUDEOILM,2026-01-16,5152.0,5187.0,5142.0,5174.0,5132.0,19,360
2025-10-21,CRUDEOILM,2026-02-19,0.0,0.0,0.0,4999.0,4999.0,0,0
2025-10-21,CRUDEOILM,2026-03-19,0.0,0.0,0.0,5012.0,5012.0,0,0
2025-10-22,CRUDEOIL,2025-11-19,5136.0,5189.0,5124.0,5151.0,5053.0,13471,20410
2025-10-22,CRUDEOIL,2025-12-18,5153.0,5200.0,5121.0,5168.0,5078.0,1362,2117
2025-10-22,CRUDEOIL,2026-01-16,5222.0,5242.0,5193.0,5224.0,5143.0,62,153
2025-10-22,CRUDEOIL,2026-02-19,0.0,0.0,0.0,4999.0,4999.0,0,0
2025-10-22,CRUDEOIL,2026-03-19,0.0,0.0,0.0,5012.0,5012.0,0,0
2025-10-22,CRUDEOIL,2026-04-20,0.0,0.0,0.0,5113.0,5113.0,0,0
2025-10-22,CRUDEOILM,2025-11-19,5098.0,5190.0,5082.0,5153.0,5056.0,23755,30147
2025-10-22,CRUDEOILM,2025-12-18,5099.0,5204.0,5099.0,5175.0,5085.0,2488,8342
2025-10-22,CRUDEOILM,2026-01-16,5250.0,5272.0,5199.0,5218.0,5174.0,232,391
2025-10-22,CRUDEOILM,2026-02-19,0.0,0.0,0.0,4999.0,4999.0,0,0
2025-10-22,CRUDEOILM,2026-03-19,0.0,0.0,0.0,5012.0,5012.0,0,0
2025-10-22,CRUDEOILM,2026-04-20,0.0,0.0,0.0,5113.0,5113.0,0,0
2025-10-23,CRUDEOIL,2025-11-19,5162.0,5475.0,5162.0,5437.0,5151.0,41435,14766
2025-10-23,CRUDEOIL,2025-12-18,5202.0,5445.0,5202.0,5403.0,5168.0,4455,1911
2025-10-23,CRUDEOIL,2026-01-16,5330.0,5441.0,5318.0,5405.0,5224.0,549,411
2025-10-23,CRUDEOIL,2026-02-19,0.0,0.0,0.0,5113.0,5113.0,0,0
2025-10-23,CRUDEOIL,2026-03-19,0.0,0.0,0.0,5118.0,5118.0,0,0
2025-10-23,CRUDEOIL,2026-04-20,0.0,0.0,0.0,5130.0,5130.0,0,0
2025-10-23,CRUDEOILM,2025-11-19,5220.0,5472.0,5220.0,5437.0,5153.0,63037,17596
2025-10-23,CRUDEOILM,2025-12-18,5211.0,5446.0,5211.0,5411.0,5175.0,8720,6194
2025-10-23,CRUDEOILM,2026-01-16,5300.0,5448.0,5300.0,5421.0,5218.0,854,401
2025-10-23,CRUDEOILM,2026-02-19,0.0,0.0,0.0,5113.0,5113.0,0,0
2025-10-23,CRUDEOILM,2026-03-19,0.0,0.0,0.0,5118.0,5118.0,0,0
2025-10-23,CRUDEOILM,2026-04-20,0.0,0.0,0.0,5130.0,5130.0,0,0
2025-10-24,CRUDEOIL,2025-11-19,5420.0,5510.0,5397.0,5427.0,5437.0,21222,14095
2025-10-24,CRUDEOIL,2025-12-18,5387.0,5470.0,5370.0,5402.0,5403.0,1944,1909
2025-10-24,CRUDEOIL,2026-01-16,5373.0,5440.0,5373.0,5401.0,5405.0,549,550
2025-10-24,CRUDEOIL,2026-02-19,0.0,0.0,0.0,5324.0,5324.0,0,0
2025-10-24,CRUDEOIL,2026-03-19,0.0,0.0,0.0,5300.0,5300.0,0,0
2025-10-24,CRUDEOIL,2026-04-20,0.0,0.0,0.0,5286.0,5286.0,0,0
2025-10-24,CRUDEOILM,2025-11-19,5391.0,5509.0,5391.0,5429.0,5437.0,32707,15798
2025-10-24,CRUDEOILM,2025-12-18,5407.0,5471.0,5376.0,5405.0,5411.0,4506,6081
2025-10-24,CRUDEOILM,2026-01-16,5441.0,5441.0,5375.0,5385.0,5421.0,578,602
2025-10-24,CRUDEOILM,2026-02-19,0.0,0.0,0.0,5324.0,5324.0,0,0
2025-10-24,CRUDEOILM,2026-03-19,0.0,0.0,0.0,5300.0,5300.0,0,0
2025-10-24,CRUDEOILM,2026-04-20,0.0,0.0,0.0,5286.0,5286.0,0,0
2025-10-27,CRUDEOIL,2025-11-19,5454.0,5488.0,5368.0,5438.0,5427.0,25564,14132
2025-10-27,CRUDEOIL,2025-12-18,5408.0,5455.0,5349.0,5411.0,5402.0,1894,1898
2025-10-27,CRUDEOIL,2026-01-16,5385.0,5427.0,5326.0,5423.0,5401.0,245,357
2025-10-27,CRUDEOIL,2026-02-19,0.0,0.0,0.0,5311.0,5311.0,0,0
2025-10-27,CRUDEOIL,2026-03-19,0.0,0.0,0.0,5282.0,5282.0,0,0
2025-10-27,CRUDEOIL,2026-04-20,0.0,0.0,0.0,5268.0,5268.0,0,0
2025-10-27,CRUDEOILM,2025-11-19,5431.0,5487.0,5369.0,5440.0,5429.0,31318,15030
2025-10-27,CRUDEOILM,2025-12-18,5435.0,5458.0,5352.0,5414.0,5405.0,4652,6000
2025-10-27,CRUDEOILM,2026-01-16,5395.0,5433.0,5330.0,5400.0,5385.0,302,608
2025-10-27,CRUDEOILM,2026-02-19,0.0,0.0,0.0,5311.0,5311.0,0,0
2025-10-27,CRUDEOILM,2026-03-19,0.0,0.0,0.0,5282.0,5282.0,0,0
2025-10-27,CRUDEOILM,2026-04-20,0.0,0.0,0.0,5268.0,5268.0,0,0
2025-10-28,CRUDEOIL,2025-11-19,5425.0,5425.0,5291.0,5330.0,5438.0,22773,14151
2025-10-28,CRUDEOIL,2025-12-18,5370.0,5370.0,5280.0,5314.0,5411.0,2023,2161
2025-10-28,CRUDEOIL,2026-01-16,5285.0,5334.0,5278.0,5288.0,5423.0,75,405
2025-10-28,CRUDEOIL,2026-02-19,0.0,0.0,0.0,5329.0,5329.0,0,0
2025-10-28,CRUDEOIL,2026-03-19,0.0,0.0,0.0,5308.0,5308.0,0,0
2025-10-28,CRUDEOIL,2026-04-20,0.0,0.0,0.0,5299.0,5299.0,0,0
2025-10-28,CRUDEOILM,2025-11-19,5422.0,5657.0,5223.0,5331.0,5440.0,27738,16117
2025-10-28,CRUDEOILM,2025-12-18,5365.0,5500.0,5283.0,5317.0,5414.0,4773,7129
2025-10-28,CRUDEOILM,2026-01-16,5350.0,5427.0,5271.0,5301.0,5400.0,471,808
2025-10-28,CRUDEOILM,2026-02-19,0.0,0.0,0.0,5329.0,5329.0,0,0
2025-10-28,CRUDEOILM,2026-03-19,0.0,0.0,0.0,5308.0,5308.0,0,0
2025-10-28,CRUDEOILM,2026-04-20,0.0,0.0,0.0,5299.0,5299.0,0,0
2025-10-29,CRUDEOIL,2025-11-19,5311.0,5410.0,5285.0,5372.0,5330.0,22684,14296
2025-10-29,CRUDEOIL,2025-12-18,5301.0,5389.0,5276.0,5362.0,5314.0,1969,2249
2025-10-29,CRUDEOIL,2026-01-16,5305.0,5383.0,5278.0,5344.0,5288.0,88,339
2025-10-29,CRUDEOIL,2026-02-19,0.0,0.0,0.0,5253.0,5253.0,0,0
2025-10-29,CRUDEOIL,2026-03-19,0.0,0.0,0.0,5246.0,5246.0,0,0
2025-10-29,CRUDEOIL,2026-04-20,0.0,0.0,0.0,5249.0,5249.0,0,0
2025-10-29,CRUDEOILM,2025-11-19,5301.0,5406.0,5286.0,5376.0,5331.0,32816,16318
2025-10-29,CRUDEOILM,2025-12-18,5316.0,5390.0,5279.0,5366.0,5317.0,4574,7164
2025-10-29,CRUDEOILM,2026-01-16,5306.0,5387.0,5280.0,5352.0,5301.0,630,912
2025-10-29,CRUDEOILM,2026-02-19,0.0,0.0,0.0,5253.0,5253.0,0,0
2025-10-29,CRUDEOILM,2026-03-19,0.0,0.0,0.0,5246.0,5246.0,0,0
2025-10-29,CRUDEOILM,2026-04-20,0.0,0.0,0.0,5249.0,5249.0,0,0
2025-10-30,CRUDEOIL,2025-11-19,5340.0,5399.0,5311.0,5391.0,5372.0,25088,14294
2025-10-30,CRUDEOIL,2025-12-18,5336.0,5387.0,5304.0,5379.0,5362.0,2142,2288
2025-10-30,CRUDEOIL,2026-01-16,5318.0,5373.0,5300.0,5367.0,5344.0,38,338
2025-10-30,CRUDEOIL,2026-02-19,0.0,0.0,0.0,5300.0,5300.0,0,0
2025-10-30,CRUDEOIL,2026-03-19,0.0,0.0,0.0,5290.0,5290.0,0,0
2025-10-30,CRUDEOIL,2026-04-20,0.0,0.0,0.0,5287.0,5287.0,0,0
2025-10-30,CRUDEOILM,2025-11-19,5356.0,5399.0,5314.0,5391.0,5376.0,29879,16026
2025-10-30,CRUDEOILM,2025-12-18,5338.0,5386.0,5305.0,5379.0,5366.0,3919,7089
2025-10-30,CRUDEOILM,2026-01-16,5330.0,5374.0,5302.0,5366.0,5352.0,324,945
2025-10-30,CRUDEOILM,2026-02-19,5454.0,5454.0,5454.0,5454.0,5300.0,1,1
2025-10-30,CRUDEOILM,2026-03-19,0.0,0.0,0.0,5290.0,5290.0,0,0
2025-10-30,CRUDEOILM,2026-04-20,0.0,0.0,0.0,5287.0,5287.0,0,0
2025-10-31,CRUDEOIL,2025-11-19,5356.0,5456.0,5338.0,5422.0,5391.0,24213,14867
2025-10-31,CRUDEOIL,2025-12-18,5337.0,5443.0,5330.0,5409.0,5379.0,2103,2315
2025-10-31,CRUDEOIL,2026-01-16,5333.0,5439.0,5332.0,5392.0,5367.0,69,360
2025-10-31,CRUDEOIL,2026-02-19,0.0,0.0,0.0,5315.0,5315.0,0,0
2025-10-31,CRUDEOIL,2026-03-19,0.0,0.0,0.0,5305.0,5305.0,0,0
2025-10-31,CRUDEOIL,2026-04-20,0.0,0.0,0.0,5301.0,5301.0,0,0
2025-10-31,CRUDEOILM,2025-11-19,5362.0,5456.0,5337.0,5420.0,5391.0,32961,15397
2025-10-31,CRUDEOILM,2025-12-18,5347.0,5444.0,5331.0,5409.0,5379.0,5809,6931
2025-10-31,CRUDEOILM,2026-01-16,5344.0,5442.0,5330.0,5396.0,5366.0,385,947
2025-10-31,CRUDEOILM,2026-02-19,0.0,0.0,0.0,5454.0,5454.0,0,1
2025-10-31,CRUDEOILM,2026-03-19,0.0,0.0,0.0,5305.0,5305.0,0,0
2025-10-31,CRUDEOILM,2026-04-20,0.0,0.0,0.0,5301.0,5301.0,0,0
2025-11-03,CRUDEOIL,2025-11-19,5433.0,5470.0,5386.0,5447.0,5422.0,20691,14160
2025-11-03,CRUDEOIL,2025-12-18,5437.0,5464.0,5385.0,5441.0,5409.0,2078,2429
2025-11-03,CRUDEOIL,2026-01-16,5437.0,5467.0,5392.0,5447.0,5392.0,247,467
2025-11-03,CRUDEOIL,2026-02-19,0.0,0.0,0.0,5295.0,5295.0,0,0
2025-11-03,CRUDEOIL,2026-03-19,0.0,0.0,0.0,5282.0,5282.0,0,0
2025-11-03,CRUDEOIL,2026-04-20,0.0,0.0,0.0,5284.0,5284.0,0,0
2025-11-03,CRUDEOILM,2025-11-19,5431.0,5469.0,5391.0,5448.0,5420.0,32046,14967
2025-11-03,CRUDEOILM,2025-12-18,5427.0,5462.0,5387.0,5442.0,5409.0,6079,6870
2025-11-03,CRUDEOILM,2026-01-16,5433.0,5454.0,5391.0,5450.0,5396.0,488,945
2025-11-03,CRUDEOILM,2026-02-19,0.0,0.0,0.0,5295.0,5295.0,0,1
2025-11-03,CRUDEOILM,2026-03-19,0.0,0.0,0.0,5282.0,5282.0,0,0
2025-11-03,CRUDEOILM,2026-04-20,0.0,0.0,0.0,5284.0,5284.0,0,0
2025-11-04,CRUDEOIL,2025-11-19,5398.0,5412.0,5331.0,5401.0,5447.0,18717,13421
2025-11-04,CRUDEOIL,2025-12-18,5399.0,5408.0,5331.0,5400.0,5441.0,1962,2573
2025-11-04,CRUDEOIL,2026-01-16,5397.0,5456.0,5331.0,5411.0,5447.0,317,629
2025-11-04,CRUDEOIL,2026-02-19,0.0,0.0,0.0,5389.0,5389.0,0,0
2025-11-04,CRUDEOIL,2026-03-19,0.0,0.0,0.0,5372.0,5372.0,0,0
2025-11-04,CRUDEOIL,2026-04-20,0.0,0.0,0.0,5368.0,5368.0,0,0
2025-11-04,CRUDEOILM,2025-11-19,5479.0,5479.0,5333.0,5401.0,5448.0,27853,14485
2025-11-04,CRUDEOILM,2025-12-18,5459.0,5459.0,5333.0,5399.0,5442.0,5528,7713
2025-11-04,CRUDEOILM,2026-01-16,5401.0,5423.0,5329.0,5402.0,5450.0,559,1210
2025-11-04,CRUDEOILM,2026-02-19,5380.0,5380.0,5380.0,5380.0,5389.0,1,2
2025-11-04,CRUDEOILM,2026-03-19,0.0,0.0,0.0,5372.0,5372.0,0,0
2025-11-04,CRUDEOILM,2026-04-20,0.0,0.0,0.0,5368.0,5368.0,0,0
2025-11-05,CRUDEOIL,2025-11-19,5399.0,5403.0,5298.0,5305.0,5401.0,20446,13512
2025-11-05,CRUDEOIL,2025-12-18,5400.0,5400.0,5305.0,5311.0,5400.0,2004,3002
2025-11-05,CRUDEOIL,2026-01-16,5405.0,5405.0,5313.0,5320.0,5411.0,137,660
2025-11-05,CRUDEOIL,2026-02-19,0.0,0.0,0.0,5347.0,5347.0,0,0
2025-11-05,CRUDEOIL,2026-03-19,0.0,0.0,0.0,5337.0,5337.0,0,0
2025-11-05,CRUDEOIL,2026-04-20,0.0,0.0,0.0,5336.0,5336.0,0,0
2025-11-05,CRUDEOILM,2025-11-19,5380.0,5413.0,5301.0,5308.0,5401.0,23501,16410
2025-11-05,CRUDEOILM,2025-12-18,5395.0,5400.0,5308.0,5314.0,5399.0,4907,8958
2025-11-05,CRUDEOILM,2026-01-16,5389.0,5392.0,5318.0,5326.0,5402.0,382,1281
2025-11-05,CRUDEOILM,2026-02-19,5350.0,5350.0,5320.0,5335.0,5380.0,2,3
2025-11-05,CRUDEOILM,2026-03-19,0.0,0.0,0.0,5337.0,5337.0,0,0
2025-11-05,CRUDEOILM,2026-04-20,0.0,0.0,0.0,5336.0,5336.0,0,0
2025-11-06,CRUDEOIL,2025-11-19,5298.0,5374.0,5233.0,5262.0,5305.0,26797,12570
2025-11-06,CRUDEOIL,2025-12-18,5308.0,5377.0,5250.0,5278.0,5311.0,3579,3871
2025-11-06,CRUDEOIL,2026-01-16,5314.0,5380.0,5261.0,5276.0,5320.0,132,706
2025-11-06,CRUDEOIL,2026-02-19,0.0,0.0,0.0,5264.0,5264.0,0,0
2025-11-06,CRUDEOIL,2026-03-19,0.0,0.0,0.0,5259.0,5259.0,0,0
2025-11-06,CRUDEOIL,2026-04-20,0.0,0.0,0.0,5258.0,5258.0,0,0
2025-11-06,CRUDEOILM,2025-11-19,5327.0,5373.0,5238.0,5267.0,5308.0,34676,17529
2025-11-06,CRUDEOILM,2025-12-18,5303.0,5378.0,5254.0,5280.0,5314.0,7282,10371
2025-11-06,CRUDEOILM,2026-01-16,5317.0,5382.0,5266.0,5289.0,5326.0,647,1575
2025-11-06,CRUDEOILM,2026-02-19,5333.0,5333.0,5300.0,5313.0,5335.0,3,6
2025-11-06,CRUDEOILM,2026-03-19,0.0,0.0,0.0,5259.0,5259.0,0,0
2025-11-06,CRUDEOILM,2026-04-20,0.0,0.0,0.0,5258.0,5258.0,0,0
2025-11-07,CRUDEOIL,2025-11-19,5299.0,5365.0,5271.0,5295.0,5262.0,22892,11387
2025-11-07,CRUDEOIL,2025-12-18,5310.0,5375.0,5288.0,5309.0,5278.0,3463,4297
2025-11-07,CRUDEOIL,2026-01-16,5318.0,5381.0,5299.0,5306.0,5276.0,120,699
2025-11-07,CRUDEOIL,2026-02-19,0.0,0.0,0.0,5220.0,5220.0,0,0
2025-11-07,CRUDEOIL,2026-03-19,0.0,0.0,0.0,5218.0,5218.0,0,0
2025-11-07,CRUDEOIL,2026-04-20,0.0,0.0,0.0,5220.0,5220.0,0,0
2025-11-07,CRUDEOILM,2025-11-19,5283.0,5366.0,5278.0,5299.0,5267.0,36928,15789
2025-11-07,CRUDEOILM,2025-12-18,5291.0,5374.0,5291.0,5313.0,5280.0,9089,10716
2025-11-07,CRUDEOILM,2026-01-16,5325.0,5382.0,5301.0,5321.0,5289.0,493,1481
2025-11-07,CRUDEOILM,2026-02-19,0.0,0.0,0.0,5313.0,5313.0,0,6
2025-11-07,CRUDEOILM,2026-03-19,0.0,0.0,0.0,5218.0,5218.0,0,0
2025-11-07,CRUDEOILM,2026-04-20,0.0,0.0,0.0,5220.0,5220.0,0,0
2025-11-10,CRUDEOIL,2025-11-19,5265.0,5370.0,5265.0,5328.0,5295.0,22506,10538
2025-11-10,CRUDEOIL,2025-12-18,5345.0,5381.0,5301.0,5341.0,5309.0,4119,5458
2025-11-10,CRUDEOIL,2026-01-16,5362.0,5382.0,5315.0,5349.0,5306.0,176,697
2025-11-10,CRUDEOIL,2026-02-19,0.0,0.0,0.0,5270.0,5270.0,0,0
2025-11-10,CRUDEOIL,2026-03-19,0.0,0.0,0.0,5265.0,5265.0,0,0
2025-11-10,CRUDEOIL,2026-04-20,0.0,0.0,0.0,5266.0,5266.0,0,0
2025-11-10,CRUDEOILM,2025-11-19,5343.0,5369.0,5282.0,5329.0,5299.0,32047,14817
2025-11-10,CRUDEOILM,2025-12-18,5353.0,5400.0,5305.0,5342.0,5313.0,6262,10988
2025-11-10,CRUDEOILM,2026-01-16,5353.0,5388.0,5320.0,5352.0,5321.0,705,1672
2025-11-10,CRUDEOILM,2026-02-19,5380.0,5380.0,5330.0,5366.0,5270.0,4,9
2025-11-10,CRUDEOILM,2026-03-19,0.0,0.0,0.0,5265.0,5265.0,0,0
2025-11-10,CRUDEOILM,2026-04-20,0.0,0.0,0.0,5266.0,5266.0,0,0
2025-11-11,CRUDEOIL,2025-11-19,5342.0,5424.0,5300.0,5403.0,5328.0,22297,9493
2025-11-11,CRUDEOIL,2025-12-18,5345.0,5436.0,5318.0,5418.0,5341.0,4811,5973
2025-11-11,CRUDEOIL,2026-01-16,5349.0,5444.0,5330.0,5427.0,5349.0,171,734
2025-11-11,CRUDEOIL,2026-02-19,0.0,0.0,0.0,5291.0,5291.0,0,0
2025-11-11,CRUDEOIL,2026-03-19,0.0,0.0,0.0,5287.0,5287.0,0,0
2025-11-11,CRUDEOIL,2026-04-20,0.0,0.0,0.0,5296.0,5296.0,0,0
2025-11-11,CRUDEOILM,2025-11-19,5334.0,5423.0,5301.0,5403.0,5329.0,28351,12167
2025-11-11,CRUDEOILM,2025-12-18,5334.0,5435.0,5320.0,5417.0,5342.0,7643,9030
2025-11-11,CRUDEOILM,2026-01-16,5355.0,5432.0,5330.0,5425.0,5352.0,745,1546
2025-11-11,CRUDEOILM,2026-02-19,5333.0,5437.0,5322.0,5376.0,5366.0,9,10
2025-11-11,CRUDEOILM,2026-03-19,0.0,0.0,0.0,5287.0,5287.0,0,0
2025-11-11,CRUDEOILM,2026-04-20,0.0,0.0,0.0,5296.0,5296.0,0,0
2025-11-12,CRUDEOIL,2025-11-19,5390.0,5403.0,5189.0,5198.0,5403.0,31605,12222
2025-11-12,CRUDEOIL,2025-12-18,5410.0,5421.0,5212.0,5223.0,5418.0,9624,9464
2025-11-12,CRUDEOIL,2026-01-16,5424.0,5427.0,5235.0,5246.0,5427.0,461,858
2025-11-12,CRUDEOIL,2026-02-19,5255.0,5263.0,5255.0,5259.0,5391.0,2,2
2025-11-12,CRUDEOIL,2026-03-19,0.0,0.0,0.0,5386.0,5386.0,0,0
2025-11-12,CRUDEOIL,2026-04-20,0.0,0.0,0.0,5387.0,5387.0,0,0
2025-11-12,CRUDEOILM,2025-11-19,5376.0,5420.0,5189.0,5200.0,5403.0,34848,16711
2025-11-12,CRUDEOILM,2025-12-18,5435.0,5435.0,5217.0,5226.0,5417.0,15577,15542
2025-11-12,CRUDEOILM,2026-01-16,5430.0,5465.0,5237.0,5256.0,5425.0,2152,3025
2025-11-12,CRUDEOILM,2026-02-19,5401.0,5405.0,5279.0,5288.0,5376.0,36,40
2025-11-12,CRUDEOILM,2026-03-19,0.0,0.0,0.0,5386.0,5386.0,0,0
2025-11-12,CRUDEOILM,2026-04-20,0.0,0.0,0.0,5387.0,5387.0,0,0
2025-11-13,CRUDEOIL,2025-11-19,5196.0,5260.0,5157.0,5228.0,5198.0,23461,7400
2025-11-13,CRUDEOIL,2025-12-18,5219.0,5274.0,5187.0,5244.0,5223.0,8480,11048
2025-11-13,CRUDEOIL,2026-01-16,5255.0,5291.0,5206.0,5263.0,5246.0,828,1111
2025-11-13,CRUDEOIL,2026-02-19,5234.0,5318.0,5234.0,5297.0,5259.0,12,13
2025-11-13,CRUDEOIL,2026-03-19,0.0,0.0,0.0,5180.0,5180.0,0,0
2025-11-13,CRUDEOIL,2026-04-20,0.0,0.0,0.0,5185.0,5185.0,0,0
2025-11-13,CRUDEOILM,2025-11-19,5209.0,5261.0,5150.0,5230.0,5200.0,26583,13976
2025-11-13,CRUDEOILM,2025-12-18,5207.0,5277.0,5192.0,5242.0,5226.0,9215,16710
2025-11-13,CRUDEOILM,2026-01-16,5255.0,5295.0,5208.0,5266.0,5256.0,1367,3484
2025-11-13,CRUDEOILM,2026-02-19,5277.0,5332.0,5260.0,5319.0,5288.0,23,53
2025-11-13,CRUDEOILM,2026-03-19,0.0,0.0,0.0,5180.0,5180.0,0,0
2025-11-13,CRUDEOILM,2026-04-20,0.0,0.0,0.0,5185.0,5185.0,0,0
2025-11-14,CRUDEOIL,2025-11-19,5319.0,5360.0,5265.0,5342.0,5228.0,26781,4984
2025-11-14,CRUDEOIL,2025-12-18,5323.0,5363.0,5277.0,5347.0,5244.0,12184,9728
2025-11-14,CRUDEOIL,2026-01-16,5337.0,5371.0,5293.0,5356.0,5263.0,607,973
2025-11-14,CRUDEOIL,2026-02-19,5337.0,5391.0,5337.0,5360.0,5297.0,4,11
2025-11-14,CRUDEOIL,2026-03-19,0.0,0.0,0.0,5192.0,5192.0,0,0
2025-11-14,CRUDEOIL,2026-04-20,0.0,0.0,0.0,5196.0,5196.0,0,0
2025-11-14,CRUDEOILM,2025-11-19,5260.0,5360.0,5260.0,5341.0,5230.0,28890,9062
2025-11-14,CRUDEOILM,2025-12-18,5275.0,5365.0,5274.0,5346.0,5242.0,17406,13804
2025-11-14,CRUDEOILM,2026-01-16,5310.0,5374.0,5288.0,5354.0,5266.0,2040,3105
2025-11-14,CRUDEOILM,2026-02-19,5357.0,5387.0,5328.0,5372.0,5319.0,35,39
2025-11-14,CRUDEOILM,2026-03-19,0.0,0.0,0.0,5192.0,5192.0,0,0
2025-11-14,CRUDEOILM,2026-04-20,0.0,0.0,0.0,5196.0,5196.0,0,0
2025-11-17,CRUDEOIL,2025-11-19,5293.0,5354.0,5260.0,5320.0,5342.0,17825,3447
2025-11-17,CRUDEOIL,2025-12-18,5310.0,5360.0,5269.0,5332.0,5347.0,11643,10966
2025-11-17,CRUDEOIL,2026-01-16,5320.0,5362.0,5279.0,5341.0,5356.0,494,1067
2025-11-17,CRUDEOIL,2026-02-19,5389.0,5389.0,5356.0,5375.0,5360.0,5,14
2025-11-17,CRUDEOIL,2026-03-19,0.0,0.0,0.0,5299.0,5299.0,0,0
2025-11-17,CRUDEOIL,2026-04-20,0.0,0.0,0.0,5294.0,5294.0,0,0
2025-11-17,CRUDEOILM,2025-11-19,5299.0,5355.0,5255.0,5321.0,5341.0,19807,8109
2025-11-17,CRUDEOILM,2025-12-18,5301.0,5360.0,5270.0,5334.0,5346.0,14993,15519
2025-11-17,CRUDEOILM,2026-01-16,5321.0,5369.0,5281.0,5341.0,5354.0,1549,3171
2025-11-17,CRUDEOILM,2026-02-19,5334.0,5390.0,5330.0,5370.0,5372.0,43,50
2025-11-17,CRUDEOILM,2026-03-19,0.0,0.0,0.0,5299.0,5299.0,0,0
2025-11-17,CRUDEOILM,2026-04-20,0.0,0.0,0.0,5294.0,5294.0,0,0
2025-11-18,CRUDEOIL,2025-11-19,5302.0,5390.0,5263.0,5360.0,5320.0,7359,3549
2025-11-18,CRUDEOIL,2025-12-18,5301.0,5399.0,5274.0,5376.0,5332.0,14988,11668
2025-11-18,CRUDEOIL,2026-01-16,5301.0,5391.0,5285.0,5372.0,5341.0,423,1107
2025-11-18,CRUDEOIL,2026-02-19,5324.0,5406.0,5324.0,5373.0,5375.0,6,15
2025-11-18,CRUDEOIL,2026-03-19,0.0,0.0,0.0,5284.0,5284.0,0,0
2025-11-18,CRUDEOIL,2026-04-20,0.0,0.0,0.0,5279.0,5279.0,0,0
2025-11-18,CRUDEOILM,2025-11-19,5287.0,5387.0,5244.0,5364.0,5321.0,11205,11263
2025-11-18,CRUDEOILM,2025-12-18,5307.0,5398.0,5276.0,5374.0,5334.0,21835,16286
2025-11-18,CRUDEOILM,2026-01-16,5320.0,5389.0,5290.0,5364.0,5341.0,1720,3690
2025-11-18,CRUDEOILM,2026-02-19,5351.0,5402.0,5326.0,5389.0,5370.0,72,64
2025-11-18,CRUDEOILM,2026-03-19,0.0,0.0,0.0,5284.0,5284.0,0,0
2025-11-18,CRUDEOILM,2026-04-20,0.0,0.0,0.0,5279.0,5279.0,0,0
2025-11-19,CRUDEOIL,2025-11-19,5331.0,5375.0,5196.0,5236.0,5360.0,4709,2052
2025-11-19,CRUDEOIL,2025-12-18,5367.0,5379.0,5213.0,5258.0,5376.0,26614,16057
2025-11-19,CRUDEOIL,2026-01-16,5381.0,5381.0,5220.0,5252.0,5372.0,1982,1683
2025-11-19,CRUDEOIL,2026-02-19,5365.0,5370.0,5240.0,5281.0,5373.0,77,59
2025-11-19,CRUDEOIL,2026-03-19,0.0,0.0,0.0,5323.0,5323.0,0,0
2025-11-19,CRUDEOIL,2026-04-20,0.0,0.0,0.0,5321.0,5321.0,0,0
2025-11-19,CRUDEOILM,2025-11-19,5359.0,5367.0,5199.0,5233.0,5364.0,7898,8240
2025-11-19,CRUDEOILM,2025-12-18,5363.0,5388.0,5218.0,5257.0,5374.0,40204,24531
2025-11-19,CRUDEOILM,2026-01-16,5352.0,5385.0,5226.0,5259.0,5364.0,4399,5139
2025-11-19,CRUDEOILM,2026-02-19,5396.0,5406.0,5249.0,5284.0,5389.0,232,179
2025-11-19,CRUDEOILM,2026-03-19,0.0,0.0,0.0,5323.0,5323.0,0,0
2025-11-19,CRUDEOILM,2026-04-20,0.0,0.0,0.0,5321.0,5321.0,0,0
2025-11-20,CRUDEOIL,2025-12-18,5257.0,5342.0,5217.0,5263.0,5258.0,21368,15129
2025-11-20,CRUDEOIL,2026-01-16,5275.0,5334.0,5219.0,5253.0,5252.0,1604,2149
2025-11-20,CRUDEOIL,2026-02-19,5302.0,5330.0,5230.0,5250.0,5281.0,78,108
2025-11-20,CRUDEOIL,2026-03-19,0.0,0.0,0.0,5193.0,5193.0,0,0
2025-11-20,CRUDEOIL,2026-04-20,0.0,0.0,0.0,5185.0,5185.0,0,0
2025-11-20,CRUDEOIL,2026-05-18,0.0,0.0,0.0,5283.0,5283.0,0,0
2025-11-20,CRUDEOILM,2025-12-18,5278.0,5342.0,5221.0,5263.0,5257.0,40090,22945
2025-11-20,CRUDEOILM,2026-01-16,5298.0,5335.0,5225.0,5257.0,5259.0,4677,5205
2025-11-20,CRUDEOILM,2026-02-19,5297.0,5350.0,5238.0,5259.0,5284.0,288,266
2025-11-20,CRUDEOILM,2026-03-19,0.0,0.0,0.0,5193.0,5193.0,0,0
2025-11-20,CRUDEOILM,2026-04-20,0.0,0.0,0.0,5185.0,5185.0,0,0
2025-11-20,CRUDEOILM,2026-05-18,0.0,0.0,0.0,5283.0,5283.0,0,0
2025-11-21,CRUDEOIL,2025-12-18,5220.0,5267.0,5146.0,5197.0,5263.0,28935,16165
2025-11-21,CRUDEOIL,2026-01-16,5183.0,5260.0,5145.0,5194.0,5253.0,2086,2325
2025-11-21,CRUDEOIL,2026-02-19,5192.0,5260.0,5161.0,5199.0,5250.0,220,204
2025-11-21,CRUDEOIL,2026-03-19,0.0,0.0,0.0,5188.0,5188.0,0,0
2025-11-21,CRUDEOIL,2026-04-20,0.0,0.0,0.0,5185.0,5185.0,0,0
2025-11-21,CRUDEOIL,2026-05-18,0.0,0.0,0.0,5179.0,5179.0,0,0
2025-11-21,CRUDEOILM,2025-12-18,5230.0,5268.0,5148.0,5197.0,5263.0,52622,26263
2025-11-21,CRUDEOILM,2026-01-16,5200.0,5262.0,5150.0,5196.0,5257.0,5440,6242
2025-11-21,CRUDEOILM,2026-02-19,5201.0,5306.0,5165.0,5198.0,5259.0,1112,597
2025-11-21,CRUDEOILM,2026-03-19,0.0,0.0,0.0,5188.0,5188.0,0,0
2025-11-21,CRUDEOILM,2026-04-20,0.0,0.0,0.0,5185.0,5185.0,0,0
2025-11-21,CRUDEOILM,2026-05-18,0.0,0.0,0.0,5179.0,5179.0,0,0
2025-11-24,CRUDEOIL,2025-12-18,5194.0,5241.0,5144.0,5235.0,5197.0,23572,15914
2025-11-24,CRUDEOIL,2026-01-16,5192.0,5237.0,5145.0,5232.0,5194.0,1602,2437
2025-11-24,CRUDEOIL,2026-02-19,5187.0,5230.0,5148.0,5228.0,5199.0,113,244
2025-11-24,CRUDEOIL,2026-03-19,0.0,0.0,0.0,5084.0,5084.0,0,0
2025-11-24,CRUDEOIL,2026-04-20,0.0,0.0,0.0,5081.0,5081.0,0,0
2025-11-24,CRUDEOIL,2026-05-18,0.0,0.0,0.0,5085.0,5085.0,0,0
2025-11-24,CRUDEOILM,2025-12-18,5196.0,5240.0,5146.0,5236.0,5197.0,29066,25188
2025-11-24,CRUDEOILM,2026-01-16,5191.0,5235.0,5150.0,5232.0,5196.0,4113,6182
2025-11-24,CRUDEOILM,2026-02-19,5183.0,5234.0,5151.0,5229.0,5198.0,452,705
2025-11-24,CRUDEOILM,2026-03-19,0.0,0.0,0.0,5084.0,5084.0,0,0
2025-11-24,CRUDEOILM,2026-04-20,0.0,0.0,0.0,5081.0,5081.0,0,0
2025-11-24,CRUDEOILM,2026-05-18,0.0,0.0,0.0,5085.0,5085.0,0,0
2025-11-25,CRUDEOIL,2025-12-18,5233.0,5259.0,5108.0,5166.0,5235.0,27128,17081
2025-11-25,CRUDEOIL,2026-01-16,5246.0,5253.0,5116.0,5167.0,5232.0,1982,2691
2025-11-25,CRUDEOIL,2026-02-19,5238.0,5254.0,5121.0,5147.0,5228.0,128,284
2025-11-25,CRUDEOIL,2026-03-19,0.0,0.0,0.0,5189.0,5189.0,0,0
2025-11-25,CRUDEOIL,2026-04-20,0.0,0.0,0.0,5180.0,5180.0,0,0
2025-11-25,CRUDEOIL,2026-05-18,0.0,0.0,0.0,5183.0,5183.0,0,0
2025-11-25,CRUDEOILM,2025-12-18,5239.0,5258.0,5114.0,5167.0,5236.0,42522,28039
2025-11-25,CRUDEOILM,2026-01-16,5224.0,5254.0,5120.0,5168.0,5232.0,5881,7184
2025-11-25,CRUDEOILM,2026-02-19,5238.0,5254.0,5121.0,5161.0,5229.0,591,971
2025-11-25,CRUDEOILM,2026-03-19,5213.0,5213.0,5172.0,5184.0,5189.0,4,4
2025-11-25,CRUDEOILM,2026-04-20,0.0,0.0,0.0,5180.0,5180.0,0,0
2025-11-25,CRUDEOILM,2026-05-18,0.0,0.0,0.0,5183.0,5183.0,0,0
2025-11-26,CRUDEOIL,2025-12-18,5199.0,5224.0,5164.0,5193.0,5166.0,20956,16028
2025-11-26,CRUDEOIL,2026-01-16,5192.0,5222.0,5167.0,5194.0,5167.0,1501,2499
2025-11-26,CRUDEOIL,2026-02-19,5202.0,5218.0,5172.0,5200.0,5147.0,98,245
2025-11-26,CRUDEOIL,2026-03-19,0.0,0.0,0.0,5135.0,5135.0,0,0
2025-11-26,CRUDEOIL,2026-04-20,0.0,0.0,0.0,5132.0,5132.0,0,0
2025-11-26,CRUDEOIL,2026-05-18,0.0,0.0,0.0,5136.0,5136.0,0,0
2025-11-26,CRUDEOILM,2025-12-18,5185.0,5224.0,5167.0,5194.0,5167.0,32509,25650
2025-11-26,CRUDEOILM,2026-01-16,5182.0,5225.0,5171.0,5195.0,5168.0,3779,6576
2025-11-26,CRUDEOILM,2026-02-19,5190.0,5220.0,5175.0,5199.0,5161.0,456,987
2025-11-26,CRUDEOILM,2026-03-19,5214.0,5214.0,5206.0,5210.0,5184.0,2,3
2025-11-26,CRUDEOILM,2026-04-20,0.0,0.0,0.0,5132.0,5132.0,0,0
2025-11-26,CRUDEOILM,2026-05-18,0.0,0.0,0.0,5136.0,5136.0,0,0
2025-11-27,CRUDEOIL,2025-12-18,5216.0,5296.0,5212.0,5290.0,5193.0,19284,14645
2025-11-27,CRUDEOIL,2026-01-16,5212.0,5288.0,5212.0,5284.0,5194.0,1296,2173
2025-11-27,CRUDEOIL,2026-02-19,5216.0,5282.0,5216.0,5272.0,5200.0,111,207
2025-11-27,CRUDEOIL,2026-03-19,0.0,0.0,0.0,5163.0,5163.0,0,0
2025-11-27,CRUDEOIL,2026-04-20,0.0,0.0,0.0,5160.0,5160.0,0,0
2025-11-27,CRUDEOIL,2026-05-18,0.0,0.0,0.0,5160.0,5160.0,0,0
2025-11-27,CRUDEOILM,2025-12-18,5216.0,5293.0,5211.0,5289.0,5194.0,31016,20116
2025-11-27,CRUDEOILM,2026-01-16,5219.0,5289.0,5214.0,5284.0,5195.0,3885,5518
2025-11-27,CRUDEOILM,2026-02-19,5219.0,5283.0,5215.0,5279.0,5199.0,455,823
2025-11-27,CRUDEOILM,2026-03-19,5237.0,5255.0,5237.0,5243.0,5210.0,6,6
2025-11-27,CRUDEOILM,2026-04-20,0.0,0.0,0.0,5160.0,5160.0,0,0
2025-11-27,CRUDEOILM,2026-05-18,0.0,0.0,0.0,5160.0,5160.0,0,0
2025-11-28,CRUDEOIL,2025-12-18,5281.0,5337.0,5267.0,5324.0,5290.0,16252,13870
2025-11-28,CRUDEOIL,2026-01-16,5281.0,5325.0,5269.0,5320.0,5284.0,870,2144
2025-11-28,CRUDEOIL,2026-02-19,5279.0,5326.0,5277.0,5319.0,5272.0,62,219
2025-11-28,CRUDEOIL,2026-03-19,0.0,0.0,0.0,5165.0,5165.0,0,0
2025-11-28,CRUDEOIL,2026-04-20,0.0,0.0,0.0,5162.0,5162.0,0,0
2025-11-28,CRUDEOIL,2026-05-18,0.0,0.0,0.0,5161.0,5161.0,0,0
2025-11-28,CRUDEOILM,2025-12-18,5280.0,5337.0,5268.0,5324.0,5289.0,24681,17568
2025-11-28,CRUDEOILM,2026-01-16,5288.0,5325.0,5267.0,5319.0,5284.0,3019,5125
2025-11-28,CRUDEOILM,2026-02-19,5290.0,5326.0,5272.0,5316.0,5279.0,407,876
2025-11-28,CRUDEOILM,2026-03-19,5245.0,5281.0,5243.0,5260.0,5243.0,5,8
2025-11-28,CRUDEOILM,2026-04-20,0.0,0.0,0.0,5162.0,5162.0,0,0
2025-11-28,CRUDEOILM,2026-05-18,0.0,0.0,0.0,5161.0,5161.0,0,0
2025-12-01,CRUDEOIL,2025-12-18,5366.0,5392.0,5281.0,5324.0,5324.0,23552,14079
2025-12-01,CRUDEOIL,2026-01-16,5328.0,5381.0,5280.0,5321.0,5320.0,1335,2341
2025-12-01,CRUDEOIL,2026-02-19,5348.0,5379.0,5291.0,5337.0,5319.0,92,266
2025-12-01,CRUDEOIL,2026-03-19,0.0,0.0,0.0,5280.0,5280.0,0,0
2025-12-01,CRUDEOIL,2026-04-20,0.0,0.0,0.0,5266.0,5266.0,0,0
2025-12-01,CRUDEOIL,2026-05-18,0.0,0.0,0.0,5264.0,5264.0,0,0
2025-12-01,CRUDEOILM,2025-12-18,5349.0,5391.0,5284.0,5323.0,5324.0,41394,16784
2025-12-01,CRUDEOILM,2026-01-16,5330.0,5380.0,5281.0,5324.0,5319.0,4994,5576
2025-12-01,CRUDEOILM,2026-02-19,5316.0,5386.0,5298.0,5337.0,5316.0,779,1007
2025-12-01,CRUDEOILM,2026-03-19,5287.0,5338.0,5287.0,5317.0,5260.0,8,8
2025-12-01,CRUDEOILM,2026-04-20,0.0,0.0,0.0,5266.0,5266.0,0,0
2025-12-01,CRUDEOILM,2026-05-18,0.0,0.0,0.0,5264.0,5264.0,0,0
2025-12-02,CRUDEOIL,2025-12-18,5339.0,5361.0,5258.0,5309.0,5324.0,22787,13602
2025-12-02,CRUDEOIL,2026-01-16,5335.0,5355.0,5255.0,5307.0,5321.0,1469,2431
2025-12-02,CRUDEOIL,2026-02-19,5335.0,5359.0,5275.0,5332.0,5337.0,70,269
2025-12-02,CRUDEOIL,2026-03-19,0.0,0.0,0.0,5283.0,5283.0,0,0
2025-12-02,CRUDEOIL,2026-04-20,0.0,0.0,0.0,5275.0,5275.0,0,0
2025-12-02,CRUDEOIL,2026-05-18,0.0,0.0,0.0,5275.0,5275.0,0,0
2025-12-02,CRUDEOILM,2025-12-18,5328.0,5361.0,5257.0,5312.0,5323.0,30483,16311
2025-12-02,CRUDEOILM,2026-01-16,5324.0,5356.0,5261.0,5308.0,5324.0,4835,5599
2025-12-02,CRUDEOILM,2026-02-19,5341.0,5363.0,5280.0,5321.0,5337.0,471,1073
2025-12-02,CRUDEOILM,2026-03-19,5335.0,5335.0,5332.0,5333.0,5317.0,4,9
2025-12-02,CRUDEOILM,2026-04-20,0.0,0.0,0.0,5275.0,5275.0,0,0
2025-12-02,CRUDEOILM,2026-05-18,0.0,0.0,0.0,5275.0,5275.0,0,0
2025-12-03,CRUDEOIL,2025-12-18,5293.0,5385.0,5284.0,5356.0,5309.0,20467,13294
2025-12-03,CRUDEOIL,2026-01-16,5278.0,5389.0,5273.0,5346.0,5307.0,1380,2446
2025-12-03,CRUDEOIL,2026-02-19,5301.0,5380.0,5292.0,5346.0,5332.0,103,277
2025-12-03,CRUDEOIL,2026-03-19,5319.0,5345.0,5319.0,5332.0,5259.0,2,1
2025-12-03,CRUDEOIL,2026-04-20,0.0,0.0,0.0,5249.0,5249.0,0,0
2025-12-03,CRUDEOIL,2026-05-18,0.0,0.0,0.0,5250.0,5250.0,0,0
2025-12-03,CRUDEOILM,2025-12-18,5291.0,5388.0,5283.0,5356.0,5312.0,29308,14970
2025-12-03,CRUDEOILM,2026-01-16,5293.0,5383.0,5286.0,5352.0,5308.0,4571,5203
2025-12-03,CRUDEOILM,2026-02-19,5310.0,5380.0,5305.0,5347.0,5321.0,527,1076
2025-12-03,CRUDEOILM,2026-03-19,5299.0,5350.0,5299.0,5325.0,5333.0,2,10
2025-12-03,CRUDEOILM,2026-04-20,0.0,0.0,0.0,5249.0,5249.0,0,0
2025-12-03,CRUDEOILM,2026-05-18,0.0,0.0,0.0,5250.0,5250.0,0,0
2025-12-04,CRUDEOIL,2025-12-18,5370.0,5398.0,5305.0,5383.0,5356.0,20854,13203
2025-12-04,CRUDEOIL,2026-01-16,5361.0,5388.0,5300.0,5372.0,5346.0,1616,2617
2025-12-04,CRUDEOIL,2026-02-19,5355.0,5376.0,5303.0,5367.0,5346.0,110,256
2025-12-04,CRUDEOIL,2026-03-19,5348.0,5370.0,5348.0,5359.0,5332.0,2,2
2025-12-04,CRUDEOIL,2026-04-20,0.0,0.0,0.0,5293.0,5293.0,0,0
2025-12-04,CRUDEOIL,2026-05-18,0.0,0.0,0.0,5293.0,5293.0,0,0
2025-12-04,CRUDEOILM,2025-12-18,5359.0,5397.0,5305.0,5381.0,5356.0,22801,14705
2025-12-04,CRUDEOILM,2026-01-16,5369.0,5387.0,5305.0,5373.0,5352.0,4661,5392
2025-12-04,CRUDEOILM,2026-02-19,5381.0,5382.0,5309.0,5374.0,5347.0,736,1178
2025-12-04,CRUDEOILM,2026-03-19,5360.0,5387.0,5360.0,5377.0,5325.0,8,18
2025-12-04,CRUDEOILM,2026-04-20,0.0,0.0,0.0,5293.0,5293.0,0,0
2025-12-04,CRUDEOILM,2026-05-18,0.0,0.0,0.0,5293.0,5293.0,0,0
2025-12-05,CRUDEOIL,2025-12-18,5363.0,5449.0,5347.0,5427.0,5383.0,21577,13607
2025-12-05,CRUDEOIL,2026-01-16,5360.0,5454.0,5335.0,5421.0,5372.0,1803,2700
2025-12-05,CRUDEOIL,2026-02-19,5350.0,5440.0,5342.0,5433.0,5367.0,230,332
2025-12-05,CRUDEOIL,2026-03-19,5380.0,5435.0,5380.0,5408.0,5359.0,2,3
2025-12-05,CRUDEOIL,2026-04-20,0.0,0.0,0.0,5330.0,5330.0,0,0
2025-12-05,CRUDEOIL,2026-05-18,0.0,0.0,0.0,5325.0,5325.0,0,0
2025-12-05,CRUDEOILM,2025-12-18,5358.0,5446.0,5349.0,5426.0,5381.0,25757,12347
2025-12-05,CRUDEOILM,2026-01-16,5360.0,5436.0,5340.0,5419.0,5373.0,4565,5430
2025-12-05,CRUDEOILM,2026-02-19,5350.0,5438.0,5341.0,5423.0,5374.0,904,1197
2025-12-05,CRUDEOILM,2026-03-19,5377.0,5418.0,5377.0,5406.0,5377.0,7,14
2025-12-05,CRUDEOILM,2026-04-20,0.0,0.0,0.0,5330.0,5330.0,0,0
2025-12-05,CRUDEOILM,2026-05-18,0.0,0.0,0.0,5325.0,5325.0,0,0
2025-12-08,CRUDEOIL,2025-12-18,5424.0,5449.0,5322.0,5334.0,5427.0,24494,12944
2025-12-08,CRUDEOIL,2026-01-16,5419.0,5446.0,5322.0,5330.0,5421.0,2415,3081
2025-12-08,CRUDEOIL,2026-02-19,5420.0,5449.0,5340.0,5343.0,5433.0,257,381
2025-12-08,CRUDEOIL,2026-03-19,5445.0,5445.0,5445.0,5445.0,5408.0,2,3
2025-12-08,CRUDEOIL,2026-04-20,0.0,0.0,0.0,5347.0,5347.0,0,0
2025-12-08,CRUDEOIL,2026-05-18,0.0,0.0,0.0,5343.0,5343.0,0,0
2025-12-08,CRUDEOILM,2025-12-18,5434.0,5448.0,5323.0,5334.0,5426.0,26287,12032
2025-12-08,CRUDEOILM,2026-01-16,5371.0,5485.0,5326.0,5335.0,5419.0,7651,7102
2025-12-08,CRUDEOILM,2026-02-19,5436.0,5450.0,5340.0,5349.0,5423.0,1016,1456
2025-12-08,CRUDEOILM,2026-03-19,5416.0,5500.0,5370.0,5414.0,5406.0,27,18
2025-12-08,CRUDEOILM,2026-04-20,0.0,0.0,0.0,5347.0,5347.0,0,0
2025-12-08,CRUDEOILM,2026-05-18,0.0,0.0,0.0,5343.0,5343.0,0,0
2025-12-09,CRUDEOIL,2025-12-18,5311.0,5332.0,5236.0,5246.0,5334.0,23579,11863
2025-12-09,CRUDEOIL,2026-01-16,5322.0,5335.0,5253.0,5261.0,5330.0,3530,4490
2025-12-09,CRUDEOIL,2026-02-19,5311.0,5340.0,5255.0,5267.0,5343.0,416,519
2025-12-09,CRUDEOIL,2026-03-19,5317.0,5317.0,5273.0,5300.0,5445.0,5,4
2025-12-09,CRUDEOIL,2026-04-20,0.0,0.0,0.0,5262.0,5262.0,0,0
2025-12-09,CRUDEOIL,2026-05-18,0.0,0.0,0.0,5257.0,5257.0,0,0
2025-12-09,CRUDEOILM,2025-12-18,5312.0,5333.0,5241.0,5249.0,5334.0,19024,12953
2025-12-09,CRUDEOILM,2026-01-16,5315.0,5340.0,5256.0,5265.0,5335.0,5440,8991
2025-12-09,CRUDEOILM,2026-02-19,5318.0,5339.0,5259.0,5267.0,5349.0,1358,2190
2025-12-09,CRUDEOILM,2026-03-19,5336.0,5339.0,5273.0,5280.0,5414.0,48,52
2025-12-09,CRUDEOILM,2026-04-20,0.0,0.0,0.0,5262.0,5262.0,0,0
2025-12-09,CRUDEOILM,2026-05-18,0.0,0.0,0.0,5257.0,5257.0,0,0
2025-12-10,CRUDEOIL,2025-12-18,5273.0,5290.0,5196.0,5242.0,5246.0,17228,11780
2025-12-10,CRUDEOIL,2026-01-16,5276.0,5298.0,5215.0,5255.0,5261.0,4043,5998
2025-12-10,CRUDEOIL,2026-02-19,5275.0,5310.0,5231.0,5266.0,5267.0,413,794
2025-12-10,CRUDEOIL,2026-03-19,0.0,0.0,0.0,5300.0,5300.0,0,4
2025-12-10,CRUDEOIL,2026-04-20,0.0,0.0,0.0,5209.0,5209.0,0,0
2025-12-10,CRUDEOIL,2026-05-18,0.0,0.0,0.0,5206.0,5206.0,0,0
2025-12-10,CRUDEOILM,2025-12-18,5269.0,5289.0,5200.0,5244.0,5249.0,20601,12884
2025-12-10,CRUDEOILM,2026-01-16,5284.0,5301.0,5220.0,5259.0,5265.0,6490,10429
2025-12-10,CRUDEOILM,2026-02-19,5282.0,5312.0,5241.0,5270.0,5267.0,763,2372
2025-12-10,CRUDEOILM,2026-03-19,5304.0,5352.0,5260.0,5270.0,5280.0,25,64
2025-12-10,CRUDEOILM,2026-04-20,0.0,0.0,0.0,5209.0,5209.0,0,0
2025-12-10,CRUDEOILM,2026-05-18,0.0,0.0,0.0,5206.0,5206.0,0,0
2025-12-11,CRUDEOIL,2025-12-18,5274.0,5283.0,5160.0,5179.0,5242.0,21969,11849
2025-12-11,CRUDEOIL,2026-01-16,5284.0,5296.0,5178.0,5199.0,5255.0,6156,8622
2025-12-11,CRUDEOIL,2026-02-19,5296.0,5310.0,5203.0,5229.0,5266.0,200,860
2025-12-11,CRUDEOIL,2026-03-19,5297.0,5297.0,5224.0,5256.0,5206.0,11,11
2025-12-11,CRUDEOIL,2026-04-20,0.0,0.0,0.0,5198.0,5198.0,0,0
2025-12-11,CRUDEOIL,2026-05-18,0.0,0.0,0.0,5200.0,5200.0,0,0
2025-12-11,CRUDEOILM,2025-12-18,5260.0,5283.0,5164.0,5180.0,5244.0,24274,13567
2025-12-11,CRUDEOILM,2026-01-16,5270.0,5297.0,5182.0,5203.0,5259.0,9802,13252
2025-12-11,CRUDEOILM,2026-02-19,5294.0,5310.0,5208.0,5230.0,5270.0,1107,2802
2025-12-11,CRUDEOILM,2026-03-19,5313.0,5335.0,5251.0,5264.0,5270.0,94,101
2025-12-11,CRUDEOILM,2026-04-20,0.0,0.0,0.0,5198.0,5198.0,0,0
2025-12-11,CRUDEOILM,2026-05-18,0.0,0.0,0.0,5200.0,5200.0,0,0
2025-12-12,CRUDEOIL,2025-12-18,5230.0,5260.0,5183.0,5228.0,5179.0,18678,7894
2025-12-12,CRUDEOIL,2026-01-16,5277.0,5277.0,5204.0,5238.0,5199.0,7037,10008
2025-12-12,CRUDEOIL,2026-02-19,5238.0,5290.0,5230.0,5246.0,5229.0,369,916
2025-12-12,CRUDEOIL,2026-03-19,5315.0,5315.0,5289.0,5302.0,5256.0,2,12
2025-12-12,CRUDEOIL,2026-04-20,0.0,0.0,0.0,5152.0,5152.0,0,0
2025-12-12,CRUDEOIL,2026-05-18,0.0,0.0,0.0,5153.0,5153.0,0,0
2025-12-12,CRUDEOILM,2025-12-18,5244.0,5274.0,5189.0,5228.0,5180.0,21322,10680
2025-12-12,CRUDEOILM,2026-01-16,5260.0,5280.0,5210.0,5242.0,5203.0,10418,13525
2025-12-12,CRUDEOILM,2026-02-19,5286.0,5290.0,5229.0,5251.0,5230.0,1030,2906
2025-12-12,CRUDEOILM,2026-03-19,5323.0,5337.0,5273.0,5284.0,5264.0,77,122
2025-12-12,CRUDEOILM,2026-04-20,0.0,0.0,0.0,5152.0,5152.0,0,0
2025-12-12,CRUDEOILM,2026-05-18,0.0,0.0,0.0,5153.0,5153.0,0,0
2025-12-15,CRUDEOIL,2025-12-18,5229.0,5247.0,5127.0,5142.0,5228.0,19724,8996
2025-12-15,CRUDEOIL,2026-01-16,5255.0,5260.0,5148.0,5160.0,5238.0,7960,12622
2025-12-15,CRUDEOIL,2026-02-19,5268.0,5277.0,5178.0,5190.0,5246.0,480,1053
2025-12-15,CRUDEOIL,2026-03-19,5305.0,5305.0,5215.0,5237.0,5302.0,6,18
2025-12-15,CRUDEOIL,2026-04-20,0.0,0.0,0.0,5163.0,5163.0,0,0
2025-12-15,CRUDEOIL,2026-05-18,0.0,0.0,0.0,5160.0,5160.0,0,0
2025-12-15,CRUDEOILM,2025-12-18,5248.0,5248.0,5129.0,5145.0,5228.0,17470,11202
2025-12-15,CRUDEOILM,2026-01-16,5255.0,5264.0,5155.0,5164.0,5242.0,12183,18899
2025-12-15,CRUDEOILM,2026-02-19,5282.0,5282.0,5184.0,5191.0,5251.0,1511,3666
2025-12-15,CRUDEOILM,2026-03-19,5294.0,5310.0,5224.0,5236.0,5284.0,85,146
2025-12-15,CRUDEOILM,2026-04-20,0.0,0.0,0.0,5163.0,5163.0,0,0
2025-12-15,CRUDEOILM,2026-05-18,0.0,0.0,0.0,5160.0,5160.0,0,0
2025-12-16,CRUDEOIL,2025-12-18,5149.0,5154.0,5006.0,5071.0,5142.0,27790,11486
2025-12-16,CRUDEOIL,2026-01-16,5157.0,5174.0,5038.0,5071.0,5160.0,13526,15901
2025-12-16,CRUDEOIL,2026-02-19,5172.0,5187.0,5065.0,5098.0,5190.0,1010,1412
2025-12-16,CRUDEOIL,2026-03-19,5222.0,5222.0,5125.0,5138.0,5237.0,14,32
2025-12-16,CRUDEOIL,2026-04-20,0.0,0.0,0.0,5100.0,5100.0,0,0
2025-12-16,CRUDEOIL,2026-05-18,0.0,0.0,0.0,5103.0,5103.0,0,0
2025-12-16,CRUDEOILM,2025-12-18,5146.0,5154.0,5007.0,5069.0,5145.0,18692,8924
2025-12-16,CRUDEOILM,2026-01-16,5163.0,5178.0,5045.0,5073.0,5164.0,17406,25733
2025-12-16,CRUDEOILM,2026-02-19,5184.0,5193.0,5070.0,5104.0,5191.0,2854,5410
2025-12-16,CRUDEOILM,2026-03-19,5230.0,5240.0,5135.0,5164.0,5236.0,131,241
2025-12-16,CRUDEOILM,2026-04-20,0.0,0.0,0.0,5100.0,5100.0,0,0
2025-12-16,CRUDEOILM,2026-05-18,0.0,0.0,0.0,5103.0,5103.0,0,0
2025-12-17,CRUDEOIL,2025-12-18,5095.0,5135.0,5030.0,5081.0,5071.0,15552,6059
2025-12-17,CRUDEOIL,2026-01-16,5110.0,5151.0,5046.0,5103.0,5071.0,15284,17859
2025-12-17,CRUDEOIL,2026-02-19,5140.0,5169.0,5078.0,5121.0,5098.0,1267,1351
2025-12-17,CRUDEOIL,2026-03-19,5175.0,5209.0,5175.0,5196.0,5138.0,4,32
2025-12-17,CRUDEOIL,2026-04-20,0.0,0.0,0.0,5022.0,5022.0,0,0
2025-12-17,CRUDEOIL,2026-05-18,0.0,0.0,0.0,5028.0,5028.0,0,0
2025-12-17,CRUDEOILM,2025-12-18,5083.0,5140.0,5033.0,5080.0,5069.0,14611,6525
2025-12-17,CRUDEOILM,2026-01-16,5108.0,5152.0,5049.0,5108.0,5073.0,20589,26545
2025-12-17,CRUDEOILM,2026-02-19,5132.0,5174.0,5080.0,5129.0,5104.0,1785,5491
2025-12-17,CRUDEOILM,2026-03-19,5198.0,5221.0,5150.0,5185.0,5164.0,126,279
2025-12-17,CRUDEOILM,2026-04-20,0.0,0.0,0.0,5022.0,5022.0,0,0
2025-12-17,CRUDEOILM,2026-05-18,0.0,0.0,0.0,5028.0,5028.0,0,0
2025-12-18,CRUDEOIL,2025-12-18,5092.0,5108.0,5031.0,5078.0,5081.0,6404,3468
2025-12-18,CRUDEOIL,2026-01-16,5130.0,5136.0,5073.0,5114.0,5103.0,17946,21437
2025-12-18,CRUDEOIL,2026-02-19,5141.0,5151.0,5096.0,5134.0,5121.0,690,1471
2025-12-18,CRUDEOIL,2026-03-19,5192.0,5199.0,5153.0,5181.0,5196.0,18,46
2025-12-18,CRUDEOIL,2026-04-20,0.0,0.0,0.0,5050.0,5050.0,0,0
2025-12-18,CRUDEOIL,2026-05-18,0.0,0.0,0.0,5054.0,5054.0,0,0
2025-12-18,CRUDEOILM,2025-12-18,5061.0,5108.0,5035.0,5075.0,5080.0,7057,4179
2025-12-18,CRUDEOILM,2026-01-16,5124.0,5137.0,5076.0,5116.0,5108.0,19026,28092
2025-12-18,CRUDEOILM,2026-02-19,5145.0,5151.0,5101.0,5127.0,5129.0,1657,5841
2025-12-18,CRUDEOILM,2026-03-19,5203.0,5214.0,5150.0,5193.0,5185.0,91,317
2025-12-18,CRUDEOILM,2026-04-20,0.0,0.0,0.0,5050.0,5050.0,0,0
2025-12-18,CRUDEOILM,2026-05-18,0.0,0.0,0.0,5054.0,5054.0,0,0
2025-12-19,CRUDEOIL,2026-01-16,5067.0,5113.0,5026.0,5105.0,5114.0,18915,22183
2025-12-19,CRUDEOIL,2026-02-19,5085.0,5128.0,5054.0,5119.0,5134.0,867,1592
2025-12-19,CRUDEOIL,2026-03-19,5156.0,5174.0,5133.0,5148.0,5181.0,19,53
2025-12-19,CRUDEOIL,2026-04-20,0.0,0.0,0.0,5051.0,5051.0,0,0
2025-12-19,CRUDEOIL,2026-05-18,0.0,0.0,0.0,5055.0,5055.0,0,0
2025-12-19,CRUDEOIL,2026-06-18,0.0,0.0,0.0,5101.0,5101.0,0,0
2025-12-19,CRUDEOILM,2026-01-16,5083.0,5113.0,5031.0,5105.0,5116.0,25087,29464
2025-12-19,CRUDEOILM,2026-02-19,5105.0,5130.0,5057.0,5122.0,5127.0,3097,6256
2025-12-19,CRUDEOILM,2026-03-19,5160.0,5183.0,5110.0,5170.0,5193.0,255,421
2025-12-19,CRUDEOILM,2026-04-20,0.0,0.0,0.0,5051.0,5051.0,0,0
2025-12-19,CRUDEOILM,2026-05-18,0.0,0.0,0.0,5055.0,5055.0,0,0
2025-12-19,CRUDEOILM,2026-06-18,0.0,0.0,0.0,5101.0,5101.0,0,0
2025-12-22,CRUDEOIL,2026-01-16,5124.0,5246.0,5114.0,5223.0,5105.0,19518,19995
2025-12-22,CRUDEOIL,2026-02-19,5131.0,5263.0,5131.0,5242.0,5119.0,1288,1578
2025-12-22,CRUDEOIL,2026-03-19,5199.0,5296.0,5194.0,5268.0,5148.0,56,53
2025-12-22,CRUDEOIL,2026-04-20,0.0,0.0,0.0,5083.0,5083.0,0,0
2025-12-22,CRUDEOIL,2026-05-18,0.0,0.0,0.0,5084.0,5084.0,0,0
2025-12-22,CRUDEOIL,2026-06-18,0.0,0.0,0.0,5087.0,5087.0,0,0
2025-12-22,CRUDEOILM,2026-01-16,5124.0,5246.0,5107.0,5225.0,5105.0,28002,22620
2025-12-22,CRUDEOILM,2026-02-19,5136.0,5266.0,5125.0,5244.0,5122.0,5162,5710
2025-12-22,CRUDEOILM,2026-03-19,5181.0,5299.0,5181.0,5292.0,5170.0,584,439
2025-12-22,CRUDEOILM,2026-04-20,0.0,0.0,0.0,5083.0,5083.0,0,0
2025-12-22,CRUDEOILM,2026-05-18,0.0,0.0,0.0,5084.0,5084.0,0,0
2025-12-22,CRUDEOILM,2026-06-18,0.0,0.0,0.0,5087.0,5087.0,0,0
2025-12-23,CRUDEOIL,2026-01-16,5230.0,5261.0,5211.0,5254.0,5223.0,15901,18708
2025-12-23,CRUDEOIL,2026-02-19,5245.0,5275.0,5230.0,5267.0,5242.0,728,1600
2025-12-23,CRUDEOIL,2026-03-19,5298.0,5303.0,5270.0,5290.0,5268.0,13,55
2025-12-23,CRUDEOIL,2026-04-20,0.0,0.0,0.0,5160.0,5160.0,0,0
2025-12-23,CRUDEOIL,2026-05-18,0.0,0.0,0.0,5156.0,5156.0,0,0
2025-12-23,CRUDEOIL,2026-06-18,0.0,0.0,0.0,5156.0,5156.0,0,0
2025-12-23,CRUDEOILM,2026-01-16,5223.0,5259.0,5212.0,5253.0,5225.0,21269,19981
2025-12-23,CRUDEOILM,2026-02-19,5254.0,5275.0,5234.0,5266.0,5244.0,2273,5805
2025-12-23,CRUDEOILM,2026-03-19,5300.0,5311.0,5270.0,5300.0,5292.0,210,439
2025-12-23,CRUDEOILM,2026-04-20,0.0,0.0,0.0,5160.0,5160.0,0,0
2025-12-23,CRUDEOILM,2026-05-18,0.0,0.0,0.0,5156.0,5156.0,0,0
2025-12-23,CRUDEOILM,2026-06-18,0.0,0.0,0.0,5156.0,5156.0,0,0
2025-12-24,CRUDEOIL,2026-01-16,5258.0,5303.0,5253.0,5272.0,5254.0,12326,18698
2025-12-24,CRUDEOIL,2026-02-19,5268.0,5313.0,5264.0,5286.0,5267.0,805,1640
2025-12-24,CRUDEOIL,2026-03-19,5315.0,5345.0,5292.0,5320.0,5290.0,42,66
2025-12-24,CRUDEOIL,2026-04-20,0.0,0.0,0.0,5203.0,5203.0,0,0
2025-12-24,CRUDEOIL,2026-05-18,0.0,0.0,0.0,5198.0,5198.0,0,0
2025-12-24,CRUDEOIL,2026-06-18,0.0,0.0,0.0,5198.0,5198.0,0,0
2025-12-24,CRUDEOILM,2026-01-16,5251.0,5300.0,5246.0,5272.0,5253.0,17381,17571
2025-12-24,CRUDEOILM,2026-02-19,5274.0,5313.0,5240.0,5290.0,5266.0,2346,4882
2025-12-24,CRUDEOILM,2026-03-19,5310.0,5340.0,5306.0,5329.0,5300.0,271,398
2025-12-24,CRUDEOILM,2026-04-20,0.0,0.0,0.0,5203.0,5203.0,0,0
2025-12-24,CRUDEOILM,2026-05-18,0.0,0.0,0.0,5198.0,5198.0,0,0
2025-12-24,CRUDEOILM,2026-06-18,0.0,0.0,0.0,5198.0,5198.0,0,0
2025-12-26,CRUDEOIL,2026-01-16,5281.0,5314.0,5174.0,5182.0,5272.0,18002,18688
2025-12-26,CRUDEOIL,2026-02-19,5293.0,5323.0,5180.0,5192.0,5286.0,1280,1914
2025-12-26,CRUDEOIL,2026-03-19,5311.0,5357.0,5235.0,5245.0,5320.0,92,91
2025-12-26,CRUDEOIL,2026-04-20,0.0,0.0,0.0,5199.0,5199.0,0,0
2025-12-26,CRUDEOIL,2026-05-18,0.0,0.0,0.0,5194.0,5194.0,0,0
2025-12-26,CRUDEOIL,2026-06-18,0.0,0.0,0.0,5197.0,5197.0,0,0
2025-12-26,CRUDEOILM,2026-01-16,5285.0,5316.0,5176.0,5184.0,5272.0,25447,19633
2025-12-26,CRUDEOILM,2026-02-19,5292.0,5322.0,5186.0,5196.0,5290.0,4367,6054
2025-12-26,CRUDEOILM,2026-03-19,5336.0,5349.0,5236.0,5241.0,5329.0,468,543
2025-12-26,CRUDEOILM,2026-04-20,5199.0,5300.0,5199.0,5250.0,5199.0,2,0
2025-12-26,CRUDEOILM,2026-05-18,0.0,0.0,0.0,5194.0,5194.0,0,0
2025-12-26,CRUDEOILM,2026-06-18,0.0,0.0,0.0,5197.0,5197.0,0,0
2025-12-29,CRUDEOIL,2026-01-16,5182.0,5270.0,5170.0,5240.0,5182.0,15992,17844
2025-12-29,CRUDEOIL,2026-02-19,5189.0,5275.0,5188.0,5248.0,5192.0,1270,1986
2025-12-29,CRUDEOIL,2026-03-19,5252.0,5292.0,5222.0,5273.0,5245.0,146,102
2025-12-29,CRUDEOIL,2026-04-20,0.0,0.0,0.0,5109.0,5109.0,0,0
2025-12-29,CRUDEOIL,2026-05-18,0.0,0.0,0.0,5106.0,5106.0,0,0
2025-12-29,CRUDEOIL,2026-06-18,0.0,0.0,0.0,5110.0,5110.0,0,0
2025-12-29,CRUDEOILM,2026-01-16,5178.0,5267.0,5172.0,5240.0,5184.0,22668,17486
2025-12-29,CRUDEOILM,2026-02-19,5191.0,5275.0,5189.0,5248.0,5196.0,3601,5515
2025-12-29,CRUDEOILM,2026-03-19,5259.0,5310.0,5230.0,5263.0,5241.0,734,580
2025-12-29,CRUDEOILM,2026-04-20,5450.0,5450.0,5200.0,5325.0,5250.0,4,0
2025-12-29,CRUDEOILM,2026-05-18,0.0,0.0,0.0,5106.0,5106.0,0,0
2025-12-29,CRUDEOILM,2026-06-18,0.0,0.0,0.0,5110.0,5110.0,0,0
2025-12-30,CRUDEOIL,2026-01-16,5254.0,5277.0,5226.0,5235.0,5240.0,10953,17807
2025-12-30,CRUDEOIL,2026-02-19,5254.0,5282.0,5237.0,5245.0,5248.0,563,2043
2025-12-30,CRUDEOIL,2026-03-19,5266.0,5292.0,5248.0,5258.0,5273.0,209,262
2025-12-30,CRUDEOIL,2026-04-20,0.0,0.0,0.0,5109.0,5109.0,0,0
2025-12-30,CRUDEOIL,2026-05-18,0.0,0.0,0.0,5106.0,5106.0,0,0
2025-12-30,CRUDEOIL,2026-06-18,0.0,0.0,0.0,5110.0,5110.0,0,0
2025-12-30,CRUDEOILM,2026-01-16,5236.0,5275.0,5230.0,5239.0,5240.0,16113,18112
2025-12-30,CRUDEOILM,2026-02-19,5265.0,5284.0,5241.0,5245.0,5248.0,1928,5359
2025-12-30,CRUDEOILM,2026-03-19,5270.0,5300.0,5253.0,5261.0,5263.0,344,742
2025-12-30,CRUDEOILM,2026-04-20,5500.0,5500.0,5150.0,5335.0,5325.0,4,0
2025-12-30,CRUDEOILM,2026-05-18,0.0,0.0,0.0,5106.0,5106.0,0,0
2025-12-30,CRUDEOILM,2026-06-18,0.0,0.0,0.0,5110.0,5110.0,0,0
2025-12-31,CRUDEOIL,2026-01-16,5229.0,5280.0,5203.0,5213.0,5235.0,15435,17376
2025-12-31,CRUDEOIL,2026-02-19,5237.0,5287.0,5212.0,5221.0,5245.0,907,2098
2025-12-31,CRUDEOIL,2026-03-19,5252.0,5299.0,5240.0,5243.0,5258.0,167,368
2025-12-31,CRUDEOIL,2026-04-20,0.0,0.0,0.0,5188.0,5188.0,0,0
2025-12-31,CRUDEOIL,2026-05-18,0.0,0.0,0.0,5183.0,5183.0,0,0
2025-12-31,CRUDEOIL,2026-06-18,0.0,0.0,0.0,5182.0,5182.0,0,0
2025-12-31,CRUDEOILM,2026-01-16,5231.0,5279.0,5206.0,5214.0,5239.0,24756,18182
2025-12-31,CRUDEOILM,2026-02-19,5235.0,5287.0,5220.0,5225.0,5245.0,2563,5604
2025-12-31,CRUDEOILM,2026-03-19,5253.0,5295.0,5232.0,5247.0,5261.0,290,797
2025-12-31,CRUDEOILM,2026-04-20,5520.0,5520.0,5175.0,5349.0,5335.0,4,0
2025-12-31,CRUDEOILM,2026-05-18,0.0,0.0,0.0,5183.0,5183.0,0,0
2025-12-31,CRUDEOILM,2026-06-18,0.0,0.0,0.0,5182.0,5182.0,0,0
2026-01-01,CRUDEOIL,2026-01-16,5203.0,5230.0,5202.0,5223.0,5213.0,2882,18244
2026-01-01,CRUDEOIL,2026-02-19,5208.0,5237.0,5208.0,5232.0,5221.0,125,2126
2026-01-01,CRUDEOIL,2026-03-19,5235.0,5245.0,5235.0,5241.0,5243.0,5,369
2026-01-01,CRUDEOIL,2026-04-20,0.0,0.0,0.0,5138.0,5138.0,0,0
2026-01-01,CRUDEOIL,2026-05-18,0.0,0.0,0.0,5131.0,5131.0,0,0
2026-01-01,CRUDEOIL,2026-06-18,0.0,0.0,0.0,5131.0,5131.0,0,0
2026-01-01,CRUDEOILM,2026-01-16,5202.0,5229.0,5191.0,5223.0,5214.0,2761,17986
2026-01-01,CRUDEOILM,2026-02-19,5203.0,5239.0,5203.0,5235.0,5225.0,764,5626
2026-01-01,CRUDEOILM,2026-03-19,5241.0,5251.0,5230.0,5250.0,5247.0,75,825
2026-01-01,CRUDEOILM,2026-04-20,5510.0,5510.0,5170.0,5287.0,5349.0,7,0
2026-01-01,CRUDEOILM,2026-05-18,0.0,0.0,0.0,5131.0,5131.0,0,0
2026-01-01,CRUDEOILM,2026-06-18,0.0,0.0,0.0,5131.0,5131.0,0,0
2026-01-02,CRUDEOIL,2026-01-16,5211.0,5242.0,5124.0,5155.0,5223.0,20023,19084
2026-01-02,CRUDEOIL,2026-02-19,5224.0,5249.0,5135.0,5165.0,5232.0,2150,2958
2026-01-02,CRUDEOIL,2026-03-19,5232.0,5264.0,5157.0,5192.0,5241.0,183,494
2026-01-02,CRUDEOIL,2026-04-20,0.0,0.0,0.0,5138.0,5138.0,0,0
2026-01-02,CRUDEOIL,2026-05-18,0.0,0.0,0.0,5131.0,5131.0,0,0
2026-01-02,CRUDEOIL,2026-06-18,0.0,0.0,0.0,5131.0,5131.0,0,0
2026-01-02,CRUDEOILM,2026-01-16,5216.0,5244.0,5127.0,5157.0,5223.0,25210,20544
2026-01-02,CRUDEOILM,2026-02-19,5234.0,5251.0,5140.0,5169.0,5235.0,5389,8077
2026-01-02,CRUDEOILM,2026-03-19,5239.0,5268.0,5157.0,5192.0,5250.0,816,1236
2026-01-02,CRUDEOILM,2026-04-20,5280.0,5289.0,5280.0,5283.0,5287.0,3,1
2026-01-02,CRUDEOILM,2026-05-18,0.0,0.0,0.0,5131.0,5131.0,0,0
2026-01-02,CRUDEOILM,2026-06-18,0.0,0.0,0.0,5131.0,5131.0,0,0
2026-01-05,CRUDEOIL,2026-01-16,5175.0,5290.0,5101.0,5270.0,5155.0,28394,17543
2026-01-05,CRUDEOIL,2026-02-19,5188.0,5288.0,5111.0,5277.0,5165.0,3437,2895
2026-01-05,CRUDEOIL,2026-03-19,5203.0,5306.0,5141.0,5295.0,5192.0,272,449
2026-01-05,CRUDEOIL,2026-04-20,0.0,0.0,0.0,5111.0,5111.0,0,0
2026-01-05,CRUDEOIL,2026-05-18,0.0,0.0,0.0,5106.0,5106.0,0,0
2026-01-05,CRUDEOIL,2026-06-18,0.0,0.0,0.0,5110.0,5110.0,0,0
2026-01-05,CRUDEOILM,2026-01-16,5175.0,5288.0,5103.0,5270.0,5157.0,37183,15766
2026-01-05,CRUDEOILM,2026-02-19,5188.0,5288.0,5117.0,5276.0,5169.0,8115,6606
2026-01-05,CRUDEOILM,2026-03-19,5196.0,5317.0,5137.0,5293.0,5192.0,1306,1130
2026-01-05,CRUDEOILM,2026-04-20,5301.0,5301.0,5080.0,5251.0,5283.0,21,9
2026-01-05,CRUDEOILM,2026-05-18,5300.0,5305.0,4950.0,5129.0,5106.0,4,0
2026-01-05,CRUDEOILM,2026-06-18,0.0,0.0,0.0,5110.0,5110.0,0,0
2026-01-06,CRUDEOIL,2026-01-16,5256.0,5317.0,5205.0,5210.0,5270.0,23434,16866
2026-01-06,CRUDEOIL,2026-02-19,5256.0,5316.0,5215.0,5219.0,5277.0,3556,3347
2026-01-06,CRUDEOIL,2026-03-19,5270.0,5335.0,5232.0,5240.0,5295.0,251,500
2026-01-06,CRUDEOIL,2026-04-20,0.0,0.0,0.0,5226.0,5226.0,0,0
2026-01-06,CRUDEOIL,2026-05-18,0.0,0.0,0.0,5217.0,5217.0,0,0
2026-01-06,CRUDEOIL,2026-06-18,0.0,0.0,0.0,5216.0,5216.0,0,0
2026-01-06,CRUDEOILM,2026-01-16,5246.0,5316.0,5205.0,5210.0,5270.0,29740,14568
2026-01-06,CRUDEOILM,2026-02-19,5252.0,5316.0,5218.0,5223.0,5276.0,7472,7041
2026-01-06,CRUDEOILM,2026-03-19,5268.0,5340.0,5235.0,5246.0,5293.0,1055,1127
2026-01-06,CRUDEOILM,2026-04-20,5302.0,5395.0,5302.0,5325.0,5251.0,37,17
2026-01-06,CRUDEOILM,2026-05-18,0.0,0.0,0.0,5129.0,5129.0,0,0
2026-01-06,CRUDEOILM,2026-06-18,0.0,0.0,0.0,5216.0,5216.0,0,0
2026-01-07,CRUDEOIL,2026-01-16,5200.0,5200.0,5035.0,5041.0,5210.0,36984,17014
2026-01-07,CRUDEOIL,2026-02-19,5200.0,5200.0,5052.0,5067.0,5219.0,8045,6334
2026-01-07,CRUDEOIL,2026-03-19,5210.0,5210.0,5081.0,5086.0,5240.0,482,737
2026-01-07,CRUDEOIL,2026-04-20,5136.0,5136.0,5136.0,5136.0,5164.0,1,1
2026-01-07,CRUDEOIL,2026-05-18,0.0,0.0,0.0,5156.0,5156.0,0,0
2026-01-07,CRUDEOIL,2026-06-18,0.0,0.0,0.0,5154.0,5154.0,0,0
2026-01-07,CRUDEOILM,2026-01-16,5190.0,5190.0,5038.0,5045.0,5210.0,37371,17835
2026-01-07,CRUDEOILM,2026-02-19,5211.0,5212.0,5060.0,5071.0,5223.0,16439,13780
2026-01-07,CRUDEOILM,2026-03-19,5177.0,5183.0,5085.0,5091.0,5246.0,2565,2526
2026-01-07,CRUDEOILM,2026-04-20,5195.0,5235.0,5127.0,5147.0,5325.0,56,46
2026-01-07,CRUDEOILM,2026-05-18,0.0,0.0,0.0,5156.0,5156.0,0,0
2026-01-07,CRUDEOILM,2026-06-18,0.0,0.0,0.0,5154.0,5154.0,0,0
2026-01-08,CRUDEOIL,2026-01-16,5068.0,5173.0,5055.0,5163.0,5041.0,20510,13566
2026-01-08,CRUDEOIL,2026-02-19,5099.0,5185.0,5079.0,5180.0,5067.0,6245,6325
2026-01-08,CRUDEOIL,2026-03-19,5108.0,5204.0,5101.0,5197.0,5086.0,298,595
2026-01-08,CRUDEOIL,2026-04-20,0.0,0.0,0.0,5136.0,5136.0,0,1
2026-01-08,CRUDEOIL,2026-05-18,0.0,0.0,0.0,5018.0,5018.0,0,0
2026-01-08,CRUDEOIL,2026-06-18,0.0,0.0,0.0,5022.0,5022.0,0,0
2026-01-08,CRUDEOILM,2026-01-16,5069.0,5170.0,5055.0,5163.0,5045.0,25966,13760
2026-01-08,CRUDEOILM,2026-02-19,5097.0,5187.0,5074.0,5179.0,5071.0,8039,10522
2026-01-08,CRUDEOILM,2026-03-19,5118.0,5200.0,5101.0,5194.0,5091.0,1319,2052
2026-01-08,CRUDEOILM,2026-04-20,5132.0,5245.0,5131.0,5158.0,5147.0,35,31
2026-01-08,CRUDEOILM,2026-05-18,0.0,0.0,0.0,5018.0,5018.0,0,0
2026-01-08,CRUDEOILM,2026-06-18,0.0,0.0,0.0,5022.0,5022.0,0,0
2026-01-09,CRUDEOIL,2026-01-16,5223.0,5400.0,5202.0,5352.0,5163.0,36097,13057
2026-01-09,CRUDEOIL,2026-02-19,5228.0,5408.0,5183.0,5366.0,5180.0,9265,6481
2026-01-09,CRUDEOIL,2026-03-19,5257.0,5425.0,5242.0,5376.0,5197.0,1106,825
2026-01-09,CRUDEOIL,2026-04-20,0.0,0.0,0.0,5138.0,5138.0,0,1
2026-01-09,CRUDEOIL,2026-05-18,0.0,0.0,0.0,5133.0,5133.0,0,0
2026-01-09,CRUDEOIL,2026-06-18,0.0,0.0,0.0,5132.0,5132.0,0,0
2026-01-09,CRUDEOILM,2026-01-16,5175.0,5399.0,5175.0,5352.0,5163.0,41181,9078
2026-01-09,CRUDEOILM,2026-02-19,5206.0,5407.0,5206.0,5364.0,5179.0,17424,6949
2026-01-09,CRUDEOILM,2026-03-19,5250.0,5420.0,5236.0,5373.0,5194.0,2786,1560
2026-01-09,CRUDEOILM,2026-04-20,5227.0,5420.0,5227.0,5410.0,5158.0,63,45
2026-01-09,CRUDEOILM,2026-05-18,0.0,0.0,0.0,5133.0,5133.0,0,0
2026-01-09,CRUDEOILM,2026-06-18,0.0,0.0,0.0,5132.0,5132.0,0,0
2026-01-12,CRUDEOIL,2026-01-16,5364.0,5364.0,5276.0,5335.0,5352.0,21475,12242
2026-01-12,CRUDEOIL,2026-02-19,5376.0,5376.0,5298.0,5347.0,5366.0,10029,8721
2026-01-12,CRUDEOIL,2026-03-19,5384.0,5401.0,5311.0,5362.0,5376.0,608,1031
2026-01-12,CRUDEOIL,2026-04-20,0.0,0.0,0.0,5314.0,5314.0,0,1
2026-01-12,CRUDEOIL,2026-05-18,0.0,0.0,0.0,5301.0,5301.0,0,0
2026-01-12,CRUDEOIL,2026-06-18,0.0,0.0,0.0,5294.0,5294.0,0,0
2026-01-12,CRUDEOILM,2026-01-16,5352.0,5377.0,5273.0,5335.0,5352.0,27964,7435
2026-01-12,CRUDEOILM,2026-02-19,5369.0,5379.0,5301.0,5351.0,5364.0,12007,8978
2026-01-12,CRUDEOILM,2026-03-19,5374.0,5413.0,5317.0,5363.0,5373.0,1658,1885
2026-01-12,CRUDEOILM,2026-04-20,5361.0,5399.0,5345.0,5373.0,5410.0,19,44
2026-01-12,CRUDEOILM,2026-05-18,0.0,0.0,0.0,5301.0,5301.0,0,0
2026-01-12,CRUDEOILM,2026-06-18,0.0,0.0,0.0,5294.0,5294.0,0,0
2026-01-13,CRUDEOIL,2026-01-16,5359.0,5558.0,5359.0,5515.0,5335.0,28790,11326
2026-01-13,CRUDEOIL,2026-02-19,5375.0,5560.0,5375.0,5529.0,5347.0,16013,10650
2026-01-13,CRUDEOIL,2026-03-19,5414.0,5562.0,5412.0,5534.0,5362.0,2777,1979
2026-01-13,CRUDEOIL,2026-04-20,5477.0,5487.0,5477.0,5482.0,5295.0,2,1
2026-01-13,CRUDEOIL,2026-05-18,0.0,0.0,0.0,5280.0,5280.0,0,0
2026-01-13,CRUDEOIL,2026-06-18,0.0,0.0,0.0,5273.0,5273.0,0,0
2026-01-13,CRUDEOILM,2026-01-16,5373.0,5557.0,5371.0,5522.0,5335.0,31701,5050
2026-01-13,CRUDEOILM,2026-02-19,5376.0,5560.0,5376.0,5526.0,5351.0,21624,9402
2026-01-13,CRUDEOILM,2026-03-19,5391.0,5564.0,5390.0,5539.0,5363.0,2974,2053
2026-01-13,CRUDEOILM,2026-04-20,5430.0,5601.0,5421.0,5565.0,5373.0,138,86
2026-01-13,CRUDEOILM,2026-05-18,0.0,0.0,0.0,5280.0,5280.0,0,0
2026-01-13,CRUDEOILM,2026-06-18,0.0,0.0,0.0,5273.0,5273.0,0,0
2026-01-14,CRUDEOIL,2026-01-16,5501.0,5613.0,5448.0,5564.0,5515.0,28046,15935
2026-01-14,CRUDEOIL,2026-02-19,5513.0,5621.0,5460.0,5584.0,5529.0,17644,12237
2026-01-14,CRUDEOIL,2026-03-19,5517.0,5625.0,5472.0,5597.0,5534.0,1576,2221
2026-01-14,CRUDEOIL,2026-04-20,0.0,0.0,0.0,5482.0,5482.0,0,1
2026-01-14,CRUDEOIL,2026-05-18,0.0,0.0,0.0,5442.0,5442.0,0,0
2026-01-14,CRUDEOIL,2026-06-18,0.0,0.0,0.0,5424.0,5424.0,0,0
2026-01-14,CRUDEOILM,2026-01-16,5478.0,5625.0,5448.0,5564.0,5522.0,32111,5697
2026-01-14,CRUDEOILM,2026-02-19,5565.0,5620.0,5461.0,5586.0,5526.0,23318,10130
2026-01-14,CRUDEOILM,2026-03-19,5533.0,5631.0,5474.0,5593.0,5539.0,2933,2328
2026-01-14,CRUDEOILM,2026-04-20,5535.0,5672.0,5520.0,5615.0,5565.0,128,129
2026-01-14,CRUDEOILM,2026-05-18,0.0,0.0,0.0,5442.0,5442.0,0,0
2026-01-14,CRUDEOILM,2026-06-18,0.0,0.0,0.0,5424.0,5424.0,0,0
2026-01-15,CRUDEOIL,2026-01-16,5408.0,5428.0,5320.0,5347.0,5564.0,9013,6398
2026-01-15,CRUDEOIL,2026-02-19,5420.0,5440.0,5338.0,5366.0,5584.0,15116,13432
2026-01-15,CRUDEOIL,2026-03-19,5441.0,5456.0,5370.0,5389.0,5597.0,802,2327
2026-01-15,CRUDEOIL,2026-04-20,5455.0,5455.0,5403.0,5420.0,5530.0,12,11
2026-01-15,CRUDEOIL,2026-05-18,0.0,0.0,0.0,5509.0,5509.0,0,0
2026-01-15,CRUDEOIL,2026-06-18,0.0,0.0,0.0,5489.0,5489.0,0,0
2026-01-15,CRUDEOILM,2026-01-16,5460.0,5460.0,5318.0,5344.0,5564.0,9547,5057
2026-01-15,CRUDEOILM,2026-02-19,5550.0,5550.0,5341.0,5368.0,5586.0,20721,13418
2026-01-15,CRUDEOILM,2026-03-19,5476.0,5476.0,5370.0,5389.0,5593.0,2352,2744
2026-01-15,CRUDEOILM,2026-04-20,5479.0,5498.0,5420.0,5431.0,5615.0,120,201
2026-01-15,CRUDEOILM,2026-05-18,0.0,0.0,0.0,5509.0,5509.0,0,0
2026-01-15,CRUDEOILM,2026-06-18,0.0,0.0,0.0,5489.0,5489.0,0,0
2026-01-16,CRUDEOIL,2026-01-16,5340.0,5456.0,5314.0,5423.0,5347.0,5330,3882
2026-01-16,CRUDEOIL,2026-02-19,5357.0,5476.0,5345.0,5449.0,5366.0,16248,13496
2026-01-16,CRUDEOIL,2026-03-19,5376.0,5495.0,5372.0,5470.0,5389.0,1287,2492
2026-01-16,CRUDEOIL,2026-04-20,5422.0,5465.0,5422.0,5431.0,5420.0,9,12
2026-01-16,CRUDEOIL,2026-05-18,0.0,0.0,0.0,5318.0,5318.0,0,0
2026-01-16,CRUDEOIL,2026-06-18,0.0,0.0,0.0,5308.0,5308.0,0,0
2026-01-16,CRUDEOILM,2026-01-16,5326.0,5453.0,5317.0,5420.0,5344.0,6332,3241
2026-01-16,CRUDEOILM,2026-02-19,5324.0,5475.0,5324.0,5448.0,5368.0,27496,11824
2026-01-16,CRUDEOILM,2026-03-19,5392.0,5496.0,5373.0,5473.0,5389.0,2230,2625
2026-01-16,CRUDEOILM,2026-04-20,5410.0,5529.0,5360.0,5490.0,5431.0,147,198
2026-01-16,CRUDEOILM,2026-05-18,0.0,0.0,0.0,5318.0,5318.0,0,0
2026-01-16,CRUDEOILM,2026-06-18,0.0,0.0,0.0,5308.0,5308.0,0,0
2026-01-19,CRUDEOIL,2026-02-19,5423.0,5435.0,5351.0,5422.0,5449.0,14398,14131
2026-01-19,CRUDEOIL,2026-03-19,5440.0,5454.0,5373.0,5440.0,5470.0,1120,2611
2026-01-19,CRUDEOIL,2026-04-20,5461.0,5481.0,5418.0,5439.0,5431.0,14,17
2026-01-19,CRUDEOIL,2026-05-18,0.0,0.0,0.0,5390.0,5390.0,0,0
2026-01-19,CRUDEOIL,2026-06-18,0.0,0.0,0.0,5378.0,5378.0,0,0
2026-01-19,CRUDEOIL,2026-07-20,0.0,0.0,0.0,5430.0,5430.0,0,0
2026-01-19,CRUDEOILM,2026-02-19,5434.0,5438.0,5350.0,5422.0,5448.0,30671,13323
2026-01-19,CRUDEOILM,2026-03-19,5449.0,5457.0,5378.0,5440.0,5473.0,2910,3053
2026-01-19,CRUDEOILM,2026-04-20,5481.0,5490.0,5412.0,5464.0,5490.0,204,227
2026-01-19,CRUDEOILM,2026-05-18,5601.0,5601.0,5601.0,5601.0,5390.0,1,1
2026-01-19,CRUDEOILM,2026-06-18,0.0,0.0,0.0,5378.0,5378.0,0,0
2026-01-19,CRUDEOILM,2026-07-20,0.0,0.0,0.0,5430.0,5430.0,0,0
2026-01-20,CRUDEOIL,2026-02-19,5421.0,5537.0,5368.0,5517.0,5422.0,19199,14413
2026-01-20,CRUDEOIL,2026-03-19,5438.0,5534.0,5382.0,5520.0,5440.0,1292,2633
2026-01-20,CRUDEOIL,2026-04-20,5469.0,5560.0,5410.0,5548.0,5439.0,73,55
2026-01-20,CRUDEOIL,2026-05-18,0.0,0.0,0.0,5369.0,5369.0,0,0
2026-01-20,CRUDEOIL,2026-06-18,0.0,0.0,0.0,5357.0,5357.0,0,0
2026-01-20,CRUDEOIL,2026-07-20,0.0,0.0,0.0,5346.0,5346.0,0,0
2026-01-20,CRUDEOILM,2026-02-19,5421.0,5533.0,5372.0,5517.0,5422.0,39647,12139
2026-01-20,CRUDEOILM,2026-03-19,5439.0,5548.0,5387.0,5526.0,5440.0,4344,3081
2026-01-20,CRUDEOILM,2026-04-20,5487.0,5550.0,5418.0,5540.0,5464.0,408,233
2026-01-20,CRUDEOILM,2026-05-18,5502.0,5502.0,5502.0,5502.0,5601.0,1,1
2026-01-20,CRUDEOILM,2026-06-18,0.0,0.0,0.0,5357.0,5357.0,0,0
2026-01-20,CRUDEOILM,2026-07-20,0.0,0.0,0.0,5346.0,5346.0,0,0
2026-01-21,CRUDEOIL,2026-02-19,5480.0,5607.0,5455.0,5569.0,5517.0,22787,14599
2026-01-21,CRUDEOIL,2026-03-19,5488.0,5602.0,5470.0,5583.0,5520.0,1922,2875
2026-01-21,CRUDEOIL,2026-04-20,5513.0,5620.0,5513.0,5595.0,5548.0,29,76
2026-01-21,CRUDEOIL,2026-05-18,0.0,0.0,0.0,5443.0,5443.0,0,0
2026-01-21,CRUDEOIL,2026-06-18,0.0,0.0,0.0,5426.0,5426.0,0,0
2026-01-21,CRUDEOIL,2026-07-20,0.0,0.0,0.0,5409.0,5409.0,0,0
2026-01-21,CRUDEOILM,2026-02-19,5481.0,5606.0,5457.0,5569.0,5517.0,39332,11276
2026-01-21,CRUDEOILM,2026-03-19,5503.0,5601.0,5470.0,5581.0,5526.0,4646,2820
2026-01-21,CRUDEOILM,2026-04-20,5520.0,5624.0,5500.0,5599.0,5540.0,454,280
2026-01-21,CRUDEOILM,2026-05-18,0.0,0.0,0.0,5502.0,5502.0,0,1
2026-01-21,CRUDEOILM,2026-06-18,0.0,0.0,0.0,5426.0,5426.0,0,0
2026-01-21,CRUDEOILM,2026-07-20,0.0,0.0,0.0,5409.0,5409.0,0,0
2026-01-22,CRUDEOIL,2026-02-19,5590.0,5600.0,5422.0,5440.0,5569.0,22988,14671
2026-01-22,CRUDEOIL,2026-03-19,5593.0,5602.0,5437.0,5451.0,5583.0,1681,3099
2026-01-22,CRUDEOIL,2026-04-20,5628.0,5628.0,5480.0,5497.0,5595.0,39,92
2026-01-22,CRUDEOIL,2026-05-18,0.0,0.0,0.0,5514.0,5514.0,0,0
2026-01-22,CRUDEOIL,2026-06-18,0.0,0.0,0.0,5502.0,5502.0,0,0
2026-01-22,CRUDEOIL,2026-07-20,0.0,0.0,0.0,5495.0,5495.0,0,0
2026-01-22,CRUDEOILM,2026-02-19,5593.0,5593.0,5425.0,5442.0,5569.0,37867,12716
2026-01-22,CRUDEOILM,2026-03-19,5652.0,5652.0,5441.0,5454.0,5581.0,3837,3363
2026-01-22,CRUDEOILM,2026-04-20,5584.0,5634.0,5472.0,5489.0,5599.0,470,359
2026-01-22,CRUDEOILM,2026-05-18,0.0,0.0,0.0,5514.0,5514.0,0,1
2026-01-22,CRUDEOILM,2026-06-18,0.0,0.0,0.0,5502.0,5502.0,0,0
2026-01-22,CRUDEOILM,2026-07-20,0.0,0.0,0.0,5495.0,5495.0,0,0
2026-01-23,CRUDEOIL,2026-02-19,5495.0,5650.0,5482.0,5630.0,5440.0,23090,14776
2026-01-23,CRUDEOIL,2026-03-19,5505.0,5647.0,5490.0,5630.0,5451.0,1718,3020
2026-01-23,CRUDEOIL,2026-04-20,5535.0,5691.0,5517.0,5633.0,5497.0,175,103
2026-01-23,CRUDEOIL,2026-05-18,0.0,0.0,0.0,5394.0,5394.0,0,0
2026-01-23,CRUDEOIL,2026-06-18,0.0,0.0,0.0,5387.0,5387.0,0,0
2026-01-23,CRUDEOIL,2026-07-20,0.0,0.0,0.0,5382.0,5382.0,0,0
2026-01-23,CRUDEOILM,2026-02-19,5445.0,5649.0,5442.0,5628.0,5442.0,41562,11069
2026-01-23,CRUDEOILM,2026-03-19,5504.0,5645.0,5491.0,5635.0,5454.0,4771,3411
2026-01-23,CRUDEOILM,2026-04-20,5537.0,5668.0,5508.0,5650.0,5489.0,685,350
2026-01-23,CRUDEOILM,2026-05-18,5609.0,5646.0,5609.0,5624.0,5394.0,3,2
2026-01-23,CRUDEOILM,2026-06-18,0.0,0.0,0.0,5387.0,5387.0,0,0
2026-01-23,CRUDEOILM,2026-07-20,0.0,0.0,0.0,5382.0,5382.0,0,0
2026-01-27,CRUDEOIL,2026-02-19,5570.0,5715.0,5475.0,5705.0,5630.0,29999,16293
2026-01-27,CRUDEOIL,2026-03-19,5573.0,5722.0,5538.0,5712.0,5630.0,3164,3676
2026-01-27,CRUDEOIL,2026-04-20,5588.0,5725.0,5582.0,5720.0,5633.0,104,164
2026-01-27,CRUDEOIL,2026-05-18,0.0,0.0,0.0,5549.0,5549.0,0,0
2026-01-27,CRUDEOIL,2026-06-18,0.0,0.0,0.0,5537.0,5537.0,0,0
2026-01-27,CRUDEOIL,2026-07-20,0.0,0.0,0.0,5528.0,5528.0,0,0
2026-01-27,CRUDEOILM,2026-02-19,5590.0,5715.0,5533.0,5704.0,5628.0,56339,12109
2026-01-27,CRUDEOILM,2026-03-19,5608.0,5718.0,5548.0,5708.0,5635.0,6255,3864
2026-01-27,CRUDEOILM,2026-04-20,5631.0,5735.0,5568.0,5714.0,5650.0,852,437
2026-01-27,CRUDEOILM,2026-05-18,5661.0,5661.0,5661.0,5661.0,5624.0,1,3
2026-01-27,CRUDEOILM,2026-06-18,0.0,0.0,0.0,5537.0,5537.0,0,0
2026-01-27,CRUDEOILM,2026-07-20,0.0,0.0,0.0,5528.0,5528.0,0,0
2026-01-28,CRUDEOIL,2026-02-19,5755.0,5861.0,5713.0,5802.0,5705.0,28904,17787
2026-01-28,CRUDEOIL,2026-03-19,5780.0,5855.0,5716.0,5810.0,5712.0,2800,4158
2026-01-28,CRUDEOIL,2026-04-20,5803.0,5869.0,5700.0,5822.0,5720.0,151,185
2026-01-28,CRUDEOIL,2026-05-18,0.0,0.0,0.0,5659.0,5659.0,0,0
2026-01-28,CRUDEOIL,2026-06-18,0.0,0.0,0.0,5640.0,5640.0,0,0
2026-01-28,CRUDEOIL,2026-07-20,0.0,0.0,0.0,5622.0,5622.0,0,0
2026-01-28,CRUDEOILM,2026-02-19,5716.0,5860.0,5713.0,5802.0,5704.0,51321,11347
2026-01-28,CRUDEOILM,2026-03-19,5760.0,5890.0,5540.0,5816.0,5708.0,7233,3930
2026-01-28,CRUDEOILM,2026-04-20,5798.0,5875.0,5722.0,5844.0,5714.0,1085,792
2026-01-28,CRUDEOILM,2026-05-18,5882.0,5987.0,5821.0,5878.0,5661.0,16,12
2026-01-28,CRUDEOILM,2026-06-18,0.0,0.0,0.0,5640.0,5640.0,0,0
2026-01-28,CRUDEOILM,2026-07-20,0.0,0.0,0.0,5622.0,5622.0,0,0
2026-01-29,CRUDEOIL,2026-02-19,5894.0,6135.0,5887.0,6032.0,5802.0,42223,18277
2026-01-29,CRUDEOIL,2026-03-19,5913.0,6122.0,5894.0,6021.0,5810.0,6274,4419
2026-01-29,CRUDEOIL,2026-04-20,5908.0,6116.0,5892.0,6014.0,5822.0,765,552
2026-01-29,CRUDEOIL,2026-05-18,0.0,0.0,0.0,5709.0,5709.0,0,0
2026-01-29,CRUDEOIL,2026-06-18,0.0,0.0,0.0,5683.0,5683.0,0,0
2026-01-29,CRUDEOIL,2026-07-20,0.0,0.0,0.0,5663.0,5663.0,0,0
2026-01-29,CRUDEOILM,2026-02-19,5861.0,6132.0,5861.0,6031.0,5802.0,70812,9832
2026-01-29,CRUDEOILM,2026-03-19,5878.0,6159.0,5877.0,6021.0,5816.0,12298,4146
2026-01-29,CRUDEOILM,2026-04-20,5899.0,6121.0,5890.0,6022.0,5844.0,3144,1301
2026-01-29,CRUDEOILM,2026-05-18,5878.0,6113.0,5878.0,6055.0,5878.0,51,43
2026-01-29,CRUDEOILM,2026-06-18,0.0,0.0,0.0,5683.0,5683.0,0,0
2026-01-29,CRUDEOILM,2026-07-20,0.0,0.0,0.0,5663.0,5663.0,0,0
2026-01-30,CRUDEOIL,2026-02-19,5938.0,6087.0,5896.0,5930.0,6032.0,37628,16676
2026-01-30,CRUDEOIL,2026-03-19,5931.0,6071.0,5892.0,5916.0,6021.0,4055,4214
2026-01-30,CRUDEOIL,2026-04-20,5911.0,6055.0,5895.0,5919.0,6014.0,268,558
2026-01-30,CRUDEOIL,2026-05-18,0.0,0.0,0.0,5694.0,5694.0,0,0
2026-01-30,CRUDEOIL,2026-06-18,0.0,0.0,0.0,5673.0,5673.0,0,0
2026-01-30,CRUDEOIL,2026-07-20,0.0,0.0,0.0,5657.0,5657.0,0,0
2026-01-30,CRUDEOILM,2026-02-19,5939.0,6088.0,5896.0,5930.0,6031.0,70675,8553
2026-01-30,CRUDEOILM,2026-03-19,5930.0,6072.0,5893.0,5920.0,6021.0,10141,3668
2026-01-30,CRUDEOILM,2026-04-20,5906.0,6060.0,5895.0,5918.0,6022.0,1916,1327
2026-01-30,CRUDEOILM,2026-05-18,5951.0,6120.0,5850.0,5860.0,6055.0,15,36
2026-01-30,CRUDEOILM,2026-06-18,0.0,0.0,0.0,5673.0,5673.0,0,0
2026-01-30,CRUDEOILM,2026-07-20,0.0,0.0,0.0,5657.0,5657.0,0,0
2026-02-02,CRUDEOIL,2026-02-19,5961.0,5961.0,5585.0,5625.0,5980.0,32390,11801
2026-02-02,CRUDEOIL,2026-03-19,5743.0,5768.0,5596.0,5607.0,5953.0,3352,3983
2026-02-02,CRUDEOIL,2026-04-20,5750.0,5750.0,5599.0,5613.0,5908.0,331,489
2026-02-02,CRUDEOIL,2026-05-18,0.0,0.0,0.0,5847.0,5847.0,0,0
2026-02-02,CRUDEOIL,2026-06-18,0.0,0.0,0.0,5813.0,5813.0,0,0
2026-02-02,CRUDEOIL,2026-07-20,0.0,0.0,0.0,5782.0,5782.0,0,0
2026-02-02,CRUDEOILM,2026-02-19,5799.0,5799.0,5610.0,5632.0,5980.0,55023,9424
2026-02-02,CRUDEOILM,2026-03-19,5759.0,5765.0,5595.0,5608.0,5952.0,7938,4412
2026-02-02,CRUDEOILM,2026-04-20,5818.0,5818.0,5600.0,5613.0,5921.0,1696,1162
2026-02-02,CRUDEOILM,2026-05-18,5722.0,5773.0,5600.0,5646.0,5902.0,29,33
2026-02-02,CRUDEOILM,2026-06-18,0.0,0.0,0.0,5813.0,5813.0,0,0
2026-02-02,CRUDEOILM,2026-07-20,0.0,0.0,0.0,5782.0,5782.0,0,0
2026-02-03,CRUDEOIL,2026-02-19,5607.0,5766.0,5515.0,5709.0,5625.0,25479,11258
2026-02-03,CRUDEOIL,2026-03-19,5593.0,5751.0,5504.0,5696.0,5607.0,3812,3883
2026-02-03,CRUDEOIL,2026-04-20,5581.0,5711.0,5470.0,5708.0,5613.0,221,500
2026-02-03,CRUDEOIL,2026-05-18,0.0,0.0,0.0,5604.0,5604.0,0,0
2026-02-03,CRUDEOIL,2026-06-18,0.0,0.0,0.0,5573.0,5573.0,0,0
2026-02-03,CRUDEOIL,2026-07-20,0.0,0.0,0.0,5544.0,5544.0,0,0
2026-02-03,CRUDEOILM,2026-02-19,5602.0,5766.0,5518.0,5710.0,5632.0,52419,8151
2026-02-03,CRUDEOILM,2026-03-19,5600.0,5750.0,5508.0,5700.0,5608.0,7952,4486
2026-02-03,CRUDEOILM,2026-04-20,5583.0,5740.0,5495.0,5696.0,5613.0,1309,1387
2026-02-03,CRUDEOILM,2026-05-18,5747.0,5747.0,5525.0,5636.0,5646.0,2,33
2026-02-03,CRUDEOILM,2026-06-18,0.0,0.0,0.0,5573.0,5573.0,0,0
2026-02-03,CRUDEOILM,2026-07-20,0.0,0.0,0.0,5544.0,5544.0,0,0
2026-02-04,CRUDEOIL,2026-02-19,5764.0,5932.0,5695.0,5891.0,5709.0,32082,12000
2026-02-04,CRUDEOIL,2026-03-19,5750.0,5913.0,5686.0,5876.0,5696.0,3159,3932
2026-02-04,CRUDEOIL,2026-04-20,5759.0,5910.0,5693.0,5876.0,5708.0,342,663
2026-02-04,CRUDEOIL,2026-05-18,0.0,0.0,0.0,5626.0,5626.0,0,0
2026-02-04,CRUDEOIL,2026-06-18,0.0,0.0,0.0,5596.0,5596.0,0,0
2026-02-04,CRUDEOIL,2026-07-20,0.0,0.0,0.0,5569.0,5569.0,0,0
2026-02-04,CRUDEOILM,2026-02-19,5754.0,5933.0,5696.0,5892.0,5710.0,62004,7151
2026-02-04,CRUDEOILM,2026-03-19,5749.0,5916.0,5690.0,5875.0,5700.0,8592,4307
2026-02-04,CRUDEOILM,2026-04-20,5749.0,5910.0,5700.0,5865.0,5696.0,1124,1419
2026-02-04,CRUDEOILM,2026-05-18,5787.0,5837.0,5787.0,5811.0,5636.0,12,26
2026-02-04,CRUDEOILM,2026-06-18,0.0,0.0,0.0,5596.0,5596.0,0,0
2026-02-04,CRUDEOILM,2026-07-20,0.0,0.0,0.0,5569.0,5569.0,0,0
2026-02-05,CRUDEOIL,2026-02-19,5798.0,5854.0,5668.0,5746.0,5891.0,22664,11869
2026-02-05,CRUDEOIL,2026-03-19,5798.0,5840.0,5668.0,5737.0,5876.0,2384,4172
2026-02-05,CRUDEOIL,2026-04-20,5770.0,5827.0,5683.0,5761.0,5876.0,74,673
2026-02-05,CRUDEOIL,2026-05-18,0.0,0.0,0.0,5816.0,5816.0,0,0
2026-02-05,CRUDEOIL,2026-06-18,0.0,0.0,0.0,5780.0,5780.0,0,0
2026-02-05,CRUDEOIL,2026-07-20,0.0,0.0,0.0,5742.0,5742.0,0,0
2026-02-05,CRUDEOILM,2026-02-19,5861.0,5861.0,5671.0,5747.0,5892.0,49979,8725
2026-02-05,CRUDEOILM,2026-03-19,5793.0,5845.0,5671.0,5740.0,5875.0,7338,5220
2026-02-05,CRUDEOILM,2026-04-20,5764.0,5845.0,5682.0,5741.0,5865.0,970,1438
2026-02-05,CRUDEOILM,2026-05-18,0.0,0.0,0.0,5811.0,5811.0,0,26
2026-02-05,CRUDEOILM,2026-06-18,0.0,0.0,0.0,5780.0,5780.0,0,0
2026-02-05,CRUDEOILM,2026-07-20,0.0,0.0,0.0,5742.0,5742.0,0,0
2026-02-06,CRUDEOIL,2026-02-19,5738.0,5867.0,5648.0,5824.0,5746.0,33579,11603
2026-02-06,CRUDEOIL,2026-03-19,5761.0,5855.0,5655.0,5829.0,5737.0,3989,4385
2026-02-06,CRUDEOIL,2026-04-20,5732.0,5855.0,5684.0,5822.0,5761.0,237,646
2026-02-06,CRUDEOIL,2026-05-18,0.0,0.0,0.0,5675.0,5675.0,0,0
2026-02-06,CRUDEOIL,2026-06-18,0.0,0.0,0.0,5647.0,5647.0,0,0
2026-02-06,CRUDEOIL,2026-07-20,0.0,0.0,0.0,5614.0,5614.0,0,0
2026-02-06,CRUDEOILM,2026-02-19,5737.0,5865.0,5652.0,5826.0,5747.0,67784,6978
2026-02-06,CRUDEOILM,2026-03-19,5740.0,5859.0,5658.0,5823.0,5740.0,12019,4990
2026-02-06,CRUDEOILM,2026-04-20,5756.0,5868.0,5671.0,5827.0,5741.0,1451,1515
2026-02-06,CRUDEOILM,2026-05-18,5867.0,5879.0,5667.0,5800.0,5675.0,6,26
2026-02-06,CRUDEOILM,2026-06-18,0.0,0.0,0.0,5647.0,5647.0,0,0
2026-02-06,CRUDEOILM,2026-07-20,0.0,0.0,0.0,5614.0,5614.0,0,0
2026-02-09,CRUDEOIL,2026-02-19,5750.0,5893.0,5682.0,5870.0,5824.0,25884,12057
2026-02-09,CRUDEOIL,2026-03-19,5811.0,5895.0,5690.0,5875.0,5829.0,4127,4687
2026-02-09,CRUDEOIL,2026-04-20,5738.0,5893.0,5708.0,5884.0,5822.0,199,629
2026-02-09,CRUDEOIL,2026-05-18,0.0,0.0,0.0,5750.0,5750.0,0,0
2026-02-09,CRUDEOIL,2026-06-18,0.0,0.0,0.0,5723.0,5723.0,0,0
2026-02-09,CRUDEOIL,2026-07-20,0.0,0.0,0.0,5702.0,5702.0,0,0
2026-02-09,CRUDEOILM,2026-02-19,5785.0,5891.0,5662.0,5869.0,5826.0,53399,6702
2026-02-09,CRUDEOILM,2026-03-19,5722.0,5894.0,5694.0,5877.0,5823.0,11627,5070
2026-02-09,CRUDEOILM,2026-04-20,5770.0,5890.0,5710.0,5874.0,5827.0,1725,1592
2026-02-09,CRUDEOILM,2026-05-18,5850.0,5880.0,5850.0,5870.0,5800.0,3,25
2026-02-09,CRUDEOILM,2026-06-18,0.0,0.0,0.0,5723.0,5723.0,0,0
2026-02-09,CRUDEOILM,2026-07-20,0.0,0.0,0.0,5702.0,5702.0,0,0
2026-02-10,CRUDEOIL,2026-02-19,5832.0,5865.0,5786.0,5800.0,5870.0,31622,12702
2026-02-10,CRUDEOIL,2026-03-19,5835.0,5867.0,5794.0,5808.0,5875.0,3526,5121
2026-02-10,CRUDEOIL,2026-04-20,5842.0,5883.0,5816.0,5833.0,5884.0,96,657
2026-02-10,CRUDEOIL,2026-05-18,0.0,0.0,0.0,5803.0,5803.0,0,0
2026-02-10,CRUDEOIL,2026-06-18,0.0,0.0,0.0,5781.0,5781.0,0,0
2026-02-10,CRUDEOIL,2026-07-20,0.0,0.0,0.0,5755.0,5755.0,0,0
2026-02-10,CRUDEOILM,2026-02-19,5850.0,5865.0,5790.0,5802.0,5869.0,43422,8366
2026-02-10,CRUDEOILM,2026-03-19,5828.0,5867.0,5795.0,5812.0,5877.0,8373,6312
2026-02-10,CRUDEOILM,2026-04-20,5846.0,5887.0,5781.0,5839.0,5874.0,1715,1544
2026-02-10,CRUDEOILM,2026-05-18,5868.0,5870.0,5868.0,5870.0,5870.0,6,25
2026-02-10,CRUDEOILM,2026-06-18,0.0,0.0,0.0,5781.0,5781.0,0,0
2026-02-10,CRUDEOILM,2026-07-20,0.0,0.0,0.0,5755.0,5755.0,0,0
2026-02-11,CRUDEOIL,2026-02-19,5844.0,5976.0,5828.0,5896.0,5800.0,30478,12620
2026-02-11,CRUDEOIL,2026-03-19,5845.0,5986.0,5830.0,5907.0,5808.0,6757,6211
2026-02-11,CRUDEOIL,2026-04-20,5855.0,5988.0,5846.0,5934.0,5833.0,192,666
2026-02-11,CRUDEOIL,2026-05-18,5999.0,5999.0,5608.0,5886.0,5771.0,4,2
2026-02-11,CRUDEOIL,2026-06-18,0.0,0.0,0.0,5752.0,5752.0,0,0
2026-02-11,CRUDEOIL,2026-07-20,0.0,0.0,0.0,5725.0,5725.0,0,0
2026-02-11,CRUDEOILM,2026-02-19,5845.0,5976.0,5828.0,5898.0,5802.0,46291,6275
2026-02-11,CRUDEOILM,2026-03-19,5849.0,5985.0,5833.0,5911.0,5812.0,12296,5856
2026-02-11,CRUDEOILM,2026-04-20,5857.0,5990.0,5850.0,5931.0,5839.0,1426,1452
2026-02-11,CRUDEOILM,2026-05-18,5959.0,6008.0,5936.0,5983.0,5870.0,16,32
2026-02-11,CRUDEOILM,2026-06-18,0.0,0.0,0.0,5752.0,5752.0,0,0
2026-02-11,CRUDEOILM,2026-07-20,0.0,0.0,0.0,5725.0,5725.0,0,0
2026-02-12,CRUDEOIL,2026-02-19,5883.0,5904.0,5675.0,5686.0,5896.0,25495,9990
2026-02-12,CRUDEOIL,2026-03-19,5891.0,5912.0,5691.0,5701.0,5907.0,7939,8168
2026-02-12,CRUDEOIL,2026-04-20,5915.0,5926.0,5715.0,5719.0,5934.0,660,1011
2026-02-12,CRUDEOIL,2026-05-18,5876.0,5876.0,5876.0,5876.0,5886.0,1,2
2026-02-12,CRUDEOIL,2026-06-18,0.0,0.0,0.0,5835.0,5835.0,0,0
2026-02-12,CRUDEOIL,2026-07-20,0.0,0.0,0.0,5813.0,5813.0,0,0
2026-02-12,CRUDEOILM,2026-02-19,5881.0,5906.0,5675.0,5689.0,5898.0,41647,8819
2026-02-12,CRUDEOILM,2026-03-19,5893.0,5912.0,5695.0,5703.0,5911.0,14832,8954
2026-02-12,CRUDEOILM,2026-04-20,5916.0,5934.0,5721.0,5729.0,5931.0,2059,1730
2026-02-12,CRUDEOILM,2026-05-18,5971.0,5971.0,5744.0,5803.0,5983.0,12,42
2026-02-12,CRUDEOILM,2026-06-18,0.0,0.0,0.0,5835.0,5835.0,0,0
2026-02-12,CRUDEOILM,2026-07-20,0.0,0.0,0.0,5813.0,5813.0,0,0
2026-02-13,CRUDEOIL,2026-02-19,5661.0,5742.0,5640.0,5723.0,5686.0,19359,8553
2026-02-13,CRUDEOIL,2026-03-19,5699.0,5752.0,5656.0,5732.0,5701.0,8493,8119
2026-02-13,CRUDEOIL,2026-04-20,5711.0,5793.0,5681.0,5762.0,5719.0,1118,1740
2026-02-13,CRUDEOIL,2026-05-18,0.0,0.0,0.0,5876.0,5876.0,0,2
2026-02-13,CRUDEOIL,2026-06-18,0.0,0.0,0.0,5628.0,5628.0,0,0
2026-02-13,CRUDEOIL,2026-07-20,0.0,0.0,0.0,5607.0,5607.0,0,0
2026-02-13,CRUDEOILM,2026-02-19,5704.0,5743.0,5636.0,5722.0,5689.0,36662,6592
2026-02-13,CRUDEOILM,2026-03-19,5701.0,5755.0,5658.0,5734.0,5703.0,10704,9507
2026-02-13,CRUDEOILM,2026-04-20,5735.0,5785.0,5685.0,5760.0,5729.0,2012,2203
2026-02-13,CRUDEOILM,2026-05-18,5745.0,5777.0,5745.0,5761.0,5803.0,2,44
2026-02-13,CRUDEOILM,2026-06-18,0.0,0.0,0.0,5628.0,5628.0,0,0
2026-02-13,CRUDEOILM,2026-07-20,0.0,0.0,0.0,5607.0,5607.0,0,0
2026-02-16,CRUDEOIL,2026-02-19,5705.0,5797.0,5669.0,5791.0,5723.0,13343,6871
2026-02-16,CRUDEOIL,2026-03-19,5713.0,5807.0,5683.0,5799.0,5732.0,7865,9287
2026-02-16,CRUDEOIL,2026-04-20,5734.0,5831.0,5705.0,5822.0,5762.0,714,1800
2026-02-16,CRUDEOIL,2026-05-18,0.0,0.0,0.0,5690.0,5690.0,0,2
2026-02-16,CRUDEOIL,2026-06-18,0.0,0.0,0.0,5671.0,5671.0,0,0
2026-02-16,CRUDEOIL,2026-07-20,0.0,0.0,0.0,5646.0,5646.0,0,0
2026-02-16,CRUDEOILM,2026-02-19,5710.0,5795.0,5671.0,5790.0,5722.0,22306,4869
2026-02-16,CRUDEOILM,2026-03-19,5770.0,5805.0,5686.0,5799.0,5734.0,11049,9317
2026-02-16,CRUDEOILM,2026-04-20,5764.0,5825.0,5707.0,5816.0,5760.0,1735,1917
2026-02-16,CRUDEOILM,2026-05-18,5766.0,5841.0,5766.0,5805.0,5761.0,9,43
2026-02-16,CRUDEOILM,2026-06-18,0.0,0.0,0.0,5671.0,5671.0,0,0
2026-02-16,CRUDEOILM,2026-07-20,0.0,0.0,0.0,5646.0,5646.0,0,0
2026-02-17,CRUDEOIL,2026-02-19,5772.0,5819.0,5613.0,5642.0,5791.0,34878,6849
2026-02-17,CRUDEOIL,2026-03-19,5771.0,5828.0,5628.0,5662.0,5799.0,16411,12333
2026-02-17,CRUDEOIL,2026-04-20,5788.0,5849.0,5658.0,5688.0,5822.0,481,1825
2026-02-17,CRUDEOIL,2026-05-18,0.0,0.0,0.0,5689.0,5689.0,0,2
2026-02-17,CRUDEOIL,2026-06-18,0.0,0.0,0.0,5670.0,5670.0,0,0
2026-02-17,CRUDEOIL,2026-07-20,0.0,0.0,0.0,5644.0,5644.0,0,0
2026-02-17,CRUDEOILM,2026-02-19,5742.0,5820.0,5612.0,5644.0,5790.0,47208,6683
2026-02-17,CRUDEOILM,2026-03-19,5783.0,5828.0,5629.0,5664.0,5799.0,28211,13067
2026-02-17,CRUDEOILM,2026-04-20,5788.0,5846.0,5660.0,5685.0,5816.0,2257,2245
2026-02-17,CRUDEOILM,2026-05-18,5856.0,5856.0,5707.0,5770.0,5805.0,9,45
2026-02-17,CRUDEOILM,2026-06-18,0.0,0.0,0.0,5670.0,5670.0,0,0
2026-02-17,CRUDEOILM,2026-07-20,0.0,0.0,0.0,5644.0,5644.0,0,0
2026-02-18,CRUDEOIL,2026-02-19,5658.0,5912.0,5650.0,5903.0,5642.0,10176,5067
2026-02-18,CRUDEOIL,2026-03-19,5665.0,5922.0,5665.0,5913.0,5662.0,22341,13201
2026-02-18,CRUDEOIL,2026-04-20,5705.0,5940.0,5698.0,5934.0,5688.0,1008,1776
2026-02-18,CRUDEOIL,2026-05-18,5784.0,5784.0,5784.0,5784.0,5643.0,1,2
2026-02-18,CRUDEOIL,2026-06-18,0.0,0.0,0.0,5624.0,5624.0,0,0
2026-02-18,CRUDEOIL,2026-07-20,0.0,0.0,0.0,5603.0,5603.0,0,0
2026-02-18,CRUDEOILM,2026-02-19,5674.0,5917.0,5644.0,5907.0,5644.0,21335,17341
2026-02-18,CRUDEOILM,2026-03-19,5683.0,5924.0,5655.0,5914.0,5664.0,40782,9761
2026-02-18,CRUDEOILM,2026-04-20,5722.0,5941.0,5690.0,5930.0,5685.0,3406,1987
2026-02-18,CRUDEOILM,2026-05-18,5740.0,5956.0,5731.0,5943.0,5770.0,45,50
2026-02-18,CRUDEOILM,2026-06-18,0.0,0.0,0.0,5624.0,5624.0,0,0
2026-02-18,CRUDEOILM,2026-07-20,0.0,0.0,0.0,5603.0,5603.0,0,0
2026-02-19,CRUDEOIL,2026-02-19,5959.0,6066.0,5908.0,6029.0,5903.0,12799,2277
2026-02-19,CRUDEOIL,2026-03-19,5949.0,6097.0,5940.0,6058.0,5913.0,30838,14967
2026-02-19,CRUDEOIL,2026-04-20,5971.0,6109.0,5960.0,6077.0,5934.0,1474,1577
2026-02-19,CRUDEOIL,2026-05-18,6009.0,6116.0,6000.0,6109.0,5784.0,25,14
2026-02-19,CRUDEOIL,2026-06-18,0.0,0.0,0.0,5847.0,5847.0,0,0
2026-02-19,CRUDEOIL,2026-07-20,0.0,0.0,0.0,5814.0,5814.0,0,0
2026-02-19,CRUDEOILM,2026-02-19,5920.0,6069.0,5920.0,6025.0,5907.0,13947,14173
2026-02-19,CRUDEOILM,2026-03-19,5949.0,6099.0,5918.0,6060.0,5914.0,54370,10947
2026-02-19,CRUDEOILM,2026-04-20,5974.0,6110.0,5959.0,6078.0,5930.0,4476,2365
2026-02-19,CRUDEOILM,2026-05-18,5995.0,6153.0,5973.0,6109.0,5943.0,303,151
2026-02-19,CRUDEOILM,2026-06-18,0.0,0.0,0.0,5847.0,5847.0,0,0
2026-02-19,CRUDEOILM,2026-07-20,0.0,0.0,0.0,5814.0,5814.0,0,0
2026-02-20,CRUDEOIL,2026-03-19,6078.0,6116.0,5992.0,6057.0,6058.0,23510,14582
2026-02-20,CRUDEOIL,2026-04-20,6085.0,6131.0,6005.0,6069.0,6077.0,1465,1682
2026-02-20,CRUDEOIL,2026-05-18,6110.0,6157.0,6030.0,6068.0,6109.0,38,16
2026-02-20,CRUDEOIL,2026-06-18,0.0,0.0,0.0,5963.0,5963.0,0,0
2026-02-20,CRUDEOIL,2026-07-20,0.0,0.0,0.0,5924.0,5924.0,0,0
2026-02-20,CRUDEOIL,2026-08-19,0.0,0.0,0.0,5886.0,5886.0,0,0
2026-02-20,CRUDEOILM,2026-03-19,6070.0,6117.0,5992.0,6054.0,6060.0,54221,9886
2026-02-20,CRUDEOILM,2026-04-20,6086.0,6134.0,6007.0,6065.0,6078.0,5064,2523
2026-02-20,CRUDEOILM,2026-05-18,6115.0,6178.0,6005.0,6066.0,6109.0,517,241
2026-02-20,CRUDEOILM,2026-06-18,0.0,0.0,0.0,5963.0,5963.0,0,0
2026-02-20,CRUDEOILM,2026-07-20,0.0,0.0,0.0,5924.0,5924.0,0,0
2026-02-20,CRUDEOILM,2026-08-19,0.0,0.0,0.0,5886.0,5886.0,0,0
2026-02-23,CRUDEOIL,2026-03-19,6093.0,6134.0,5960.0,6045.0,6057.0,22080,15322
2026-02-23,CRUDEOIL,2026-04-20,5983.0,6139.0,5972.0,6053.0,6069.0,1520,1871
2026-02-23,CRUDEOIL,2026-05-18,6015.0,6140.0,5988.0,6093.0,6068.0,34,24
2026-02-23,CRUDEOIL,2026-06-18,0.0,0.0,0.0,5985.0,5985.0,0,0
2026-02-23,CRUDEOIL,2026-07-20,0.0,0.0,0.0,5942.0,5942.0,0,0
2026-02-23,CRUDEOIL,2026-08-19,0.0,0.0,0.0,5902.0,5902.0,0,0
2026-02-23,CRUDEOILM,2026-03-19,6035.0,6133.0,5960.0,6046.0,6054.0,55020,11221
2026-02-23,CRUDEOILM,2026-04-20,6008.0,6136.0,5972.0,6057.0,6065.0,5145,2701
2026-02-23,CRUDEOILM,2026-05-18,6012.0,6150.0,5990.0,6070.0,6066.0,444,301
2026-02-23,CRUDEOILM,2026-06-18,0.0,0.0,0.0,5985.0,5985.0,0,0
2026-02-23,CRUDEOILM,2026-07-20,0.0,0.0,0.0,5942.0,5942.0,0,0
2026-02-23,CRUDEOILM,2026-08-19,0.0,0.0,0.0,5902.0,5902.0,0,0
2026-02-24,CRUDEOIL,2026-03-19,6100.0,6120.0,5980.0,6008.0,6045.0,23989,16426
2026-02-24,CRUDEOIL,2026-04-20,6104.0,6129.0,5994.0,6020.0,6053.0,2197,1908
2026-02-24,CRUDEOIL,2026-05-18,6130.0,6191.0,6027.0,6040.0,6093.0,127,59
2026-02-24,CRUDEOIL,2026-06-18,0.0,0.0,0.0,5964.0,5964.0,0,0
2026-02-24,CRUDEOIL,2026-07-20,0.0,0.0,0.0,5929.0,5929.0,0,0
2026-02-24,CRUDEOIL,2026-08-19,0.0,0.0,0.0,5889.0,5889.0,0,0
2026-02-24,CRUDEOILM,2026-03-19,6093.0,6121.0,5985.0,6010.0,6046.0,58074,15665
2026-02-24,CRUDEOILM,2026-04-20,6098.0,6128.0,5994.0,6021.0,6057.0,5224,3075
2026-02-24,CRUDEOILM,2026-05-18,6119.0,6157.0,6013.0,6038.0,6070.0,346,341
2026-02-24,CRUDEOILM,2026-06-18,0.0,0.0,0.0,5964.0,5964.0,0,0
2026-02-24,CRUDEOILM,2026-07-20,0.0,0.0,0.0,5929.0,5929.0,0,0
2026-02-24,CRUDEOILM,2026-08-19,0.0,0.0,0.0,5889.0,5889.0,0,0
2026-02-25,CRUDEOIL,2026-03-19,6044.0,6073.0,5937.0,5989.0,6008.0,22446,16162
2026-02-25,CRUDEOIL,2026-04-20,6034.0,6083.0,5954.0,6000.0,6020.0,1357,1987
2026-02-25,CRUDEOIL,2026-05-18,6040.0,6065.0,5976.0,6002.0,6040.0,33,68
2026-02-25,CRUDEOIL,2026-06-18,0.0,0.0,0.0,5956.0,5956.0,0,0
2026-02-25,CRUDEOIL,2026-07-20,0.0,0.0,0.0,5928.0,5928.0,0,0
2026-02-25,CRUDEOIL,2026-08-19,0.0,0.0,0.0,5903.0,5903.0,0,0
2026-02-25,CRUDEOILM,2026-03-19,6050.0,6080.0,5942.0,5987.0,6010.0,44095,16827
2026-02-25,CRUDEOILM,2026-04-20,6058.0,6080.0,5958.0,6004.0,6021.0,4160,3552
2026-02-25,CRUDEOILM,2026-05-18,6068.0,6084.0,5976.0,6012.0,6038.0,250,391
2026-02-25,CRUDEOILM,2026-06-18,0.0,0.0,0.0,5956.0,5956.0,0,0
2026-02-25,CRUDEOILM,2026-07-20,0.0,0.0,0.0,5928.0,5928.0,0,0
2026-02-25,CRUDEOILM,2026-08-19,0.0,0.0,0.0,5903.0,5903.0,0,0
2026-02-26,CRUDEOIL,2026-03-19,5978.0,6083.0,5801.0,6053.0,5989.0,40418,14972
2026-02-26,CRUDEOIL,2026-04-20,5987.0,6093.0,5825.0,6069.0,6000.0,2758,1798
2026-02-26,CRUDEOIL,2026-05-18,6010.0,6104.0,5842.0,6079.0,6002.0,85,74
2026-02-26,CRUDEOIL,2026-06-18,0.0,0.0,0.0,5955.0,5955.0,0,0
2026-02-26,CRUDEOIL,2026-07-20,0.0,0.0,0.0,5927.0,5927.0,0,0
2026-02-26,CRUDEOIL,2026-08-19,0.0,0.0,0.0,5893.0,5893.0,0,0
2026-02-26,CRUDEOILM,2026-03-19,5979.0,6085.0,5803.0,6053.0,5987.0,76803,14279
2026-02-26,CRUDEOILM,2026-04-20,5995.0,6094.0,5827.0,6061.0,6004.0,8235,3216
2026-02-26,CRUDEOILM,2026-05-18,5996.0,6108.0,5851.0,6077.0,6012.0,491,417
2026-02-26,CRUDEOILM,2026-06-18,0.0,0.0,0.0,5955.0,5955.0,0,0
2026-02-26,CRUDEOILM,2026-07-20,0.0,0.0,0.0,5927.0,5927.0,0,0
2026-02-26,CRUDEOILM,2026-08-19,0.0,0.0,0.0,5893.0,5893.0,0,0
2026-02-27,CRUDEOIL,2026-03-19,5950.0,6189.0,5942.0,6092.0,6053.0,41463,15430
2026-02-27,CRUDEOIL,2026-04-20,5981.0,6201.0,5951.0,6106.0,6069.0,3119,1954
2026-02-27,CRUDEOIL,2026-05-18,6018.0,6201.0,5952.0,6128.0,6079.0,126,104
2026-02-27,CRUDEOIL,2026-06-18,0.0,0.0,0.0,5975.0,5975.0,0,0
2026-02-27,CRUDEOIL,2026-07-20,0.0,0.0,0.0,5944.0,5944.0,0,0
2026-02-27,CRUDEOIL,2026-08-19,0.0,0.0,0.0,5904.0,5904.0,0,0
2026-02-27,CRUDEOILM,2026-03-19,5985.0,6189.0,5941.0,6096.0,6053.0,84028,13468
2026-02-27,CRUDEOILM,2026-04-20,5985.0,6198.0,5944.0,6109.0,6061.0,10640,3664
2026-02-27,CRUDEOILM,2026-05-18,6030.0,6195.0,5980.0,6132.0,6077.0,913,505
2026-02-27,CRUDEOILM,2026-06-18,0.0,0.0,0.0,5975.0,5975.0,0,0
2026-02-27,CRUDEOILM,2026-07-20,0.0,0.0,0.0,5944.0,5944.0,0,0
2026-02-27,CRUDEOILM,2026-08-19,0.0,0.0,0.0,5904.0,5904.0,0,0
2026-03-02,CRUDEOIL,2026-03-19,6210.0,6733.0,6210.0,6497.0,6092.0,95576,17247
2026-03-02,CRUDEOIL,2026-04-20,6350.0,6781.0,6350.0,6508.0,6106.0,17813,4461
2026-03-02,CRUDEOIL,2026-05-18,6373.0,6679.0,6373.0,6498.0,6128.0,3015,1154
2026-03-02,CRUDEOIL,2026-06-18,0.0,0.0,0.0,6040.0,6040.0,0,0
2026-03-02,CRUDEOIL,2026-07-20,0.0,0.0,0.0,6002.0,6002.0,0,0
2026-03-02,CRUDEOIL,2026-08-19,0.0,0.0,0.0,5956.0,5956.0,0,0
2026-03-02,CRUDEOILM,2026-03-19,6145.0,6757.0,6145.0,6497.0,6096.0,202840,22604
2026-03-02,CRUDEOILM,2026-04-20,6199.0,6786.0,6199.0,6514.0,6109.0,40647,9351
2026-03-02,CRUDEOILM,2026-05-18,6222.0,6683.0,6222.0,6505.0,6132.0,6041,1872
2026-03-02,CRUDEOILM,2026-06-18,0.0,0.0,0.0,6040.0,6040.0,0,0
2026-03-02,CRUDEOILM,2026-07-20,6002.0,6002.0,6002.0,6002.0,6002.0,1,1
2026-03-02,CRUDEOILM,2026-08-19,0.0,0.0,0.0,5956.0,5956.0,0,0
2026-03-03,CRUDEOIL,2026-03-19,6650.0,7215.0,6650.0,6970.0,6497.0,80693,16919
2026-03-03,CRUDEOIL,2026-04-20,6700.0,7093.0,6700.0,6925.0,6508.0,17532,3732
2026-03-03,CRUDEOIL,2026-05-18,6679.0,7048.0,6679.0,6814.0,6498.0,3271,1500
2026-03-03,CRUDEOIL,2026-06-18,0.0,0.0,0.0,6365.0,6365.0,0,0
2026-03-03,CRUDEOIL,2026-07-20,0.0,0.0,0.0,6285.0,6285.0,0,0
2026-03-03,CRUDEOIL,2026-08-19,0.0,0.0,0.0,6199.0,6199.0,0,0
2026-03-03,CRUDEOILM,2026-03-19,6575.0,7226.0,6575.0,6974.0,6497.0,177675,36296
2026-03-03,CRUDEOILM,2026-04-20,6630.0,7100.0,6630.0,6931.0,6514.0,34670,10255
2026-03-03,CRUDEOILM,2026-05-18,6610.0,7080.0,6610.0,6822.0,6505.0,6083,2525
2026-03-03,CRUDEOILM,2026-06-18,0.0,0.0,0.0,6365.0,6365.0,0,0
2026-03-03,CRUDEOILM,2026-07-20,0.0,0.0,0.0,6002.0,6002.0,0,1
2026-03-03,CRUDEOILM,2026-08-19,0.0,0.0,0.0,6199.0,6199.0,0,0
2026-03-04,CRUDEOIL,2026-03-19,6943.0,7147.0,6778.0,6937.0,6970.0,88583,15240
2026-03-04,CRUDEOIL,2026-04-20,6891.0,7078.0,6712.0,6870.0,6925.0,16083,4361
2026-03-04,CRUDEOIL,2026-05-18,6800.0,6938.0,6605.0,6754.0,6814.0,1880,1542
2026-03-04,CRUDEOIL,2026-06-18,6638.0,6638.0,6638.0,6638.0,6638.0,1,1
2026-03-04,CRUDEOIL,2026-07-20,0.0,0.0,0.0,6499.0,6499.0,0,0
2026-03-04,CRUDEOIL,2026-08-19,0.0,0.0,0.0,6368.0,6368.0,0,0
2026-03-04,CRUDEOILM,2026-03-19,6909.0,7148.0,6777.0,6937.0,6974.0,235707,25778
2026-03-04,CRUDEOILM,2026-04-20,6950.0,7081.0,6715.0,6871.0,6931.0,34306,11234
2026-03-04,CRUDEOILM,2026-05-18,6824.0,6966.0,6571.0,6762.0,6822.0,5143,2827
2026-03-04,CRUDEOILM,2026-06-18,6872.0,6872.0,6798.0,6827.0,6638.0,3,2
2026-03-04,CRUDEOILM,2026-07-20,0.0,0.0,0.0,6499.0,6499.0,0,1
2026-03-04,CRUDEOILM,2026-08-19,0.0,0.0,0.0,6368.0,6368.0,0,0
2026-03-05,CRUDEOIL,2026-03-19,7060.0,7353.0,6878.0,7316.0,6937.0,92754,15789
2026-03-05,CRUDEOIL,2026-04-20,7013.0,7260.0,6805.0,7217.0,6870.0,17525,3976
2026-03-05,CRUDEOIL,2026-05-18,6896.0,7020.0,6684.0,6985.0,6754.0,2204,1491
2026-03-05,CRUDEOIL,2026-06-18,6760.0,6875.0,6754.0,6814.0,6638.0,6,0
2026-03-05,CRUDEOIL,2026-07-20,0.0,0.0,0.0,6507.0,6507.0,0,0
2026-03-05,CRUDEOIL,2026-08-19,0.0,0.0,0.0,6388.0,6388.0,0,0
2026-03-05,CRUDEOILM,2026-03-19,6999.0,7353.0,6872.0,7314.0,6937.0,229291,25314
2026-03-05,CRUDEOILM,2026-04-20,6989.0,7270.0,6810.0,7221.0,6871.0,42008,12721
2026-03-05,CRUDEOILM,2026-05-18,6949.0,7032.0,6689.0,6994.0,6762.0,5676,2875
2026-03-05,CRUDEOILM,2026-06-18,6917.0,7098.0,6785.0,6897.0,6827.0,14,8
2026-03-05,CRUDEOILM,2026-07-20,6767.0,6767.0,6767.0,6767.0,6507.0,1,1
2026-03-05,CRUDEOILM,2026-08-19,0.0,0.0,0.0,6388.0,6388.0,0,0
2026-03-06,CRUDEOIL,2026-03-19,7316.0,8518.0,7308.0,8363.0,7316.0,185010,17890
2026-03-06,CRUDEOIL,2026-04-20,7183.0,8160.0,7153.0,8019.0,7217.0,39989,5044
2026-03-06,CRUDEOIL,2026-05-18,6969.0,7623.0,6905.0,7562.0,6985.0,3338,1224
2026-03-06,CRUDEOIL,2026-06-18,6926.0,7370.0,6851.0,7328.0,6814.0,94,49
2026-03-06,CRUDEOIL,2026-07-20,0.0,0.0,0.0,6706.0,6706.0,0,0
2026-03-06,CRUDEOIL,2026-08-19,0.0,0.0,0.0,6555.0,6555.0,0,0
2026-03-06,CRUDEOILM,2026-03-19,7353.0,8518.0,7239.0,8363.0,7314.0,483659,21875
2026-03-06,CRUDEOILM,2026-04-20,7161.0,8304.0,7150.0,8030.0,7221.0,99577,14156
2026-03-06,CRUDEOILM,2026-05-18,6951.0,7671.0,6875.0,7562.0,6994.0,15264,3329
2026-03-06,CRUDEOILM,2026-06-18,7030.0,7465.0,7030.0,7349.0,6897.0,405,163
2026-03-06,CRUDEOILM,2026-07-20,0.0,0.0,0.0,6767.0,6767.0,0,1
2026-03-06,CRUDEOILM,2026-08-19,0.0,0.0,0.0,6555.0,6555.0,0,0
2026-03-09,CRUDEOIL,2026-03-19,8499.0,10549.0,8499.0,8788.0,8363.0,204534,17352
2026-03-09,CRUDEOIL,2026-04-20,8339.0,10177.0,8339.0,8548.0,8019.0,53679,6560
2026-03-09,CRUDEOIL,2026-05-18,7864.0,9376.0,7864.0,8085.0,7562.0,10859,1799
2026-03-09,CRUDEOIL,2026-06-18,7621.0,8349.0,7610.0,7707.0,7328.0,92,46
2026-03-09,CRUDEOIL,2026-07-20,0.0,0.0,0.0,7064.0,7064.0,0,0
2026-03-09,CRUDEOIL,2026-08-19,0.0,0.0,0.0,6799.0,6799.0,0,0
2026-03-09,CRUDEOILM,2026-03-19,8339.0,10620.0,8339.0,8789.0,8363.0,620378,23766
2026-03-09,CRUDEOILM,2026-04-20,8145.0,10131.0,8145.0,8555.0,8030.0,203273,18009
2026-03-09,CRUDEOILM,2026-05-18,7864.0,9376.0,7864.0,8103.0,7562.0,24659,4764
2026-03-09,CRUDEOILM,2026-06-18,7642.0,8671.0,7642.0,7912.0,7349.0,877,310
2026-03-09,CRUDEOILM,2026-07-20,7346.0,8759.0,7346.0,8275.0,7064.0,13,7
2026-03-09,CRUDEOILM,2026-08-19,0.0,0.0,0.0,6799.0,6799.0,0,0
2026-03-10,CRUDEOIL,2026-03-19,8437.0,8459.0,7207.0,7421.0,8788.0,158072,17375
2026-03-10,CRUDEOIL,2026-04-20,8207.0,8252.0,7221.0,7353.0,8548.0,40314,7233
2026-03-10,CRUDEOIL,2026-05-18,8085.0,8085.0,6873.0,7149.0,8085.0,4717,1612
2026-03-10,CRUDEOIL,2026-06-18,7514.0,7580.0,6975.0,7025.0,7707.0,69,42
2026-03-10,CRUDEOIL,2026-07-20,0.0,0.0,0.0,7548.0,7548.0,0,0
2026-03-10,CRUDEOIL,2026-08-19,0.0,0.0,0.0,7231.0,7231.0,0,0
2026-03-10,CRUDEOILM,2026-03-19,8438.0,8469.0,7207.0,7424.0,8789.0,471539,23722
2026-03-10,CRUDEOILM,2026-04-20,8409.0,8409.0,7016.0,7357.0,8555.0,141074,20338
2026-03-10,CRUDEOILM,2026-05-18,7779.0,7844.0,6888.0,7144.0,8103.0,21145,4574
2026-03-10,CRUDEOILM,2026-06-18,7596.0,7698.0,6726.0,7043.0,7912.0,1048,436
2026-03-10,CRUDEOILM,2026-07-20,0.0,0.0,0.0,8275.0,8275.0,0,7
2026-03-10,CRUDEOILM,2026-08-19,0.0,0.0,0.0,7231.0,7231.0,0,0
2026-03-11,CRUDEOIL,2026-03-19,7717.0,8224.0,7575.0,8107.0,7421.0,138333,17057
2026-03-11,CRUDEOIL,2026-04-20,7647.0,8135.0,7536.0,8035.0,7353.0,43524,7767
2026-03-11,CRUDEOIL,2026-05-18,7434.0,7849.0,7300.0,7783.0,7149.0,3114,1837
2026-03-11,CRUDEOIL,2026-06-18,7222.0,7650.0,7192.0,7558.0,7025.0,31,37
2026-03-11,CRUDEOIL,2026-07-20,0.0,0.0,0.0,6832.0,6832.0,0,0
2026-03-11,CRUDEOIL,2026-08-19,0.0,0.0,0.0,6644.0,6644.0,0,0
2026-03-11,CRUDEOILM,2026-03-19,7651.0,8228.0,7594.0,8105.0,7424.0,435859,21975
2026-03-11,CRUDEOILM,2026-04-20,7400.0,8137.0,7400.0,8039.0,7357.0,136250,21664
2026-03-11,CRUDEOILM,2026-05-18,7428.0,7842.0,7338.0,7783.0,7144.0,16618,4753
2026-03-11,CRUDEOILM,2026-06-18,7265.0,7676.0,7201.0,7641.0,7043.0,647,492
2026-03-11,CRUDEOILM,2026-07-20,7104.0,7443.0,6560.0,7149.0,6832.0,13,7
2026-03-11,CRUDEOILM,2026-08-19,6909.0,6909.0,6909.0,6909.0,6644.0,1,1
2026-03-12,CRUDEOIL,2026-03-19,8431.0,9026.0,8314.0,8804.0,8107.0,131542,17371
2026-03-12,CRUDEOIL,2026-04-20,8356.0,8900.0,8257.0,8735.0,8035.0,53227,10642
2026-03-12,CRUDEOIL,2026-05-18,8094.0,8483.0,7990.0,8415.0,7783.0,3579,1848
2026-03-12,CRUDEOIL,2026-06-18,7860.0,8238.0,7823.0,8172.0,7558.0,40,56
2026-03-12,CRUDEOIL,2026-07-20,0.0,0.0,0.0,7406.0,7406.0,0,0
2026-03-12,CRUDEOIL,2026-08-19,0.0,0.0,0.0,7171.0,7171.0,0,0
2026-03-12,CRUDEOILM,2026-03-19,8256.0,9027.0,8256.0,8806.0,8105.0,360044,20976
2026-03-12,CRUDEOILM,2026-04-20,8200.0,8900.0,8200.0,8735.0,8039.0,159590,22684
2026-03-12,CRUDEOILM,2026-05-18,8000.0,8483.0,7981.0,8413.0,7783.0,21940,5207
2026-03-12,CRUDEOILM,2026-06-18,7946.0,8324.0,7642.0,8197.0,7641.0,1034,526
2026-03-12,CRUDEOILM,2026-07-20,0.0,0.0,0.0,7149.0,7149.0,0,7
2026-03-12,CRUDEOILM,2026-08-19,0.0,0.0,0.0,6909.0,6909.0,0,1
2026-03-13,CRUDEOIL,2026-03-19,8900.0,9100.0,8539.0,9052.0,8804.0,84048,14311
2026-03-13,CRUDEOIL,2026-04-20,8830.0,9033.0,8502.0,8943.0,8735.0,39004,10556
2026-03-13,CRUDEOIL,2026-05-18,8483.0,8699.0,8210.0,8565.0,8415.0,3721,2007
2026-03-13,CRUDEOIL,2026-06-18,8349.0,8476.0,8047.0,8310.0,8172.0,90,63
2026-03-13,CRUDEOIL,2026-07-20,0.0,0.0,0.0,7931.0,7931.0,0,0
2026-03-13,CRUDEOIL,2026-08-19,0.0,0.0,0.0,7658.0,7658.0,0,0
2026-03-13,CRUDEOILM,2026-03-19,8900.0,9100.0,8535.0,9047.0,8806.0,217484,16523
2026-03-13,CRUDEOILM,2026-04-20,8813.0,9037.0,8502.0,8950.0,8735.0,129270,22344
2026-03-13,CRUDEOILM,2026-05-18,8482.0,8703.0,8205.0,8562.0,8413.0,21251,5530
2026-03-13,CRUDEOILM,2026-06-18,8269.0,8488.0,8091.0,8357.0,8197.0,547,473
2026-03-13,CRUDEOILM,2026-07-20,8000.0,8308.0,7985.0,8156.0,7931.0,28,11
2026-03-13,CRUDEOILM,2026-08-19,0.0,0.0,0.0,7658.0,7658.0,0,1
2026-03-16,CRUDEOIL,2026-03-19,9100.0,9341.0,8587.0,8720.0,9052.0,62144,11327
2026-03-16,CRUDEOIL,2026-04-20,9047.0,9255.0,8510.0,8673.0,8943.0,57896,10913
2026-03-16,CRUDEOIL,2026-05-18,8689.0,8860.0,8242.0,8342.0,8565.0,4517,1884
2026-03-16,CRUDEOIL,2026-06-18,8539.0,8642.0,8125.0,8214.0,8310.0,88,81
2026-03-16,CRUDEOIL,2026-07-20,8270.0,8270.0,8270.0,8270.0,8072.0,1,1
2026-03-16,CRUDEOIL,2026-08-19,0.0,0.0,0.0,7772.0,7772.0,0,0
2026-03-16,CRUDEOILM,2026-03-19,9099.0,9340.0,8583.0,8721.0,9047.0,177893,13449
2026-03-16,CRUDEOILM,2026-04-20,9035.0,9258.0,8527.0,8677.0,8950.0,141601,26663
2026-03-16,CRUDEOILM,2026-05-18,8720.0,8869.0,8250.0,8342.0,8562.0,20104,5871
2026-03-16,CRUDEOILM,2026-06-18,8436.0,8669.0,8050.0,8185.0,8357.0,1092,502
2026-03-16,CRUDEOILM,2026-07-20,8441.0,8441.0,7935.0,8106.0,8156.0,12,11
2026-03-16,CRUDEOILM,2026-08-19,8082.0,8215.0,8082.0,8171.0,7772.0,3,2
2026-03-17,CRUDEOIL,2026-03-19,8845.0,9106.0,8676.0,8871.0,8720.0,63841,13193
2026-03-17,CRUDEOIL,2026-04-20,8836.0,9099.0,8677.0,8844.0,8673.0,51986,14885
2026-03-17,CRUDEOIL,2026-05-18,8555.0,8749.0,8398.0,8521.0,8342.0,3428,2106
2026-03-17,CRUDEOIL,2026-06-18,8308.0,8470.0,8216.0,8309.0,8214.0,34,88
2026-03-17,CRUDEOIL,2026-07-20,0.0,0.0,0.0,8270.0,8270.0,0,1
2026-03-17,CRUDEOIL,2026-08-19,0.0,0.0,0.0,7625.0,7625.0,0,0
2026-03-17,CRUDEOILM,2026-03-19,8887.0,9105.0,8676.0,8854.0,8721.0,134209,10664
2026-03-17,CRUDEOILM,2026-04-20,8829.0,9100.0,8690.0,8842.0,8677.0,136688,28444
2026-03-17,CRUDEOILM,2026-05-18,8490.0,8749.0,8392.0,8525.0,8342.0,14744,5484
2026-03-17,CRUDEOILM,2026-06-18,8318.0,8505.0,8198.0,8281.0,8185.0,459,496
2026-03-17,CRUDEOILM,2026-07-20,8358.0,8399.0,7928.0,8243.0,8106.0,14,9
2026-03-17,CRUDEOILM,2026-08-19,7858.0,7858.0,7858.0,7858.0,8171.0,1,3
2026-03-18,CRUDEOIL,2026-03-19,8771.0,9225.0,8501.0,8998.0,8871.0,59820,8411
2026-03-18,CRUDEOIL,2026-04-20,8854.0,9241.0,8501.0,8993.0,8844.0,81306,16955
2026-03-18,CRUDEOIL,2026-05-18,8450.0,8900.0,8265.0,8710.0,8521.0,7598,2262
2026-03-18,CRUDEOIL,2026-06-18,8224.0,8648.0,8055.0,8435.0,8309.0,277,211
2026-03-18,CRUDEOIL,2026-07-20,0.0,0.0,0.0,8101.0,8101.0,0,1
2026-03-18,CRUDEOIL,2026-08-19,0.0,0.0,0.0,7793.0,7793.0,0,0
2026-03-18,CRUDEOILM,2026-03-19,8754.0,9224.0,8503.0,9010.0,8854.0,134163,11147
2026-03-18,CRUDEOILM,2026-04-20,8744.0,9240.0,8506.0,8998.0,8842.0,222180,35163
2026-03-18,CRUDEOILM,2026-05-18,8475.0,8900.0,8264.0,8707.0,8525.0,23158,5741
2026-03-18,CRUDEOILM,2026-06-18,8199.0,8650.0,8066.0,8490.0,8281.0,1112,499
2026-03-18,CRUDEOILM,2026-07-20,8019.0,8558.0,7989.0,8437.0,8243.0,18,16
2026-03-18,CRUDEOILM,2026-08-19,8138.0,8329.0,7824.0,8116.0,7858.0,18,8
2026-03-19,CRUDEOIL,2026-03-19,9357.0,9425.0,8802.0,8936.0,8998.0,23240,2254
2026-03-19,CRUDEOIL,2026-04-20,9020.0,9421.0,8871.0,8998.0,8993.0,106736,19025
2026-03-19,CRUDEOIL,2026-05-18,8783.0,9160.0,8651.0,8765.0,8710.0,8716,2189
2026-03-19,CRUDEOIL,2026-06-18,8498.0,8868.0,8400.0,8503.0,8435.0,315,247
2026-03-19,CRUDEOIL,2026-07-20,8271.0,8499.0,8271.0,8385.0,8173.0,2,2
2026-03-19,CRUDEOIL,2026-08-19,0.0,0.0,0.0,7891.0,7891.0,0,0
2026-03-19,CRUDEOILM,2026-03-19,8911.0,9427.0,8801.0,8938.0,9010.0,55627,7201
2026-03-19,CRUDEOILM,2026-04-20,9031.0,9423.0,8875.0,8999.0,8998.0,292834,37922
2026-03-19,CRUDEOILM,2026-05-18,8746.0,9161.0,8650.0,8774.0,8707.0,24209,5893
2026-03-19,CRUDEOILM,2026-06-18,8531.0,8873.0,8400.0,8519.0,8490.0,1828,592
2026-03-19,CRUDEOILM,2026-07-20,8512.0,8650.0,8408.0,8548.0,8437.0,37,14
2026-03-19,CRUDEOILM,2026-08-19,8440.0,8440.0,8440.0,8440.0,8116.0,1,7
2026-03-20,CRUDEOIL,2026-04-20,8851.0,9289.0,8752.0,9258.0,8998.0,77503,16574
2026-03-20,CRUDEOIL,2026-05-18,8591.0,8997.0,8534.0,8971.0,8765.0,7497,2096
2026-03-20,CRUDEOIL,2026-06-18,8319.0,8686.0,8256.0,8665.0,8503.0,386,373
2026-03-20,CRUDEOIL,2026-07-20,0.0,0.0,0.0,8385.0,8385.0,0,2
2026-03-20,CRUDEOIL,2026-08-19,0.0,0.0,0.0,8003.0,8003.0,0,0
2026-03-20,CRUDEOIL,2026-09-21,0.0,0.0,0.0,7656.0,7656.0,0,0
2026-03-20,CRUDEOILM,2026-04-20,8802.0,9290.0,8734.0,9259.0,8999.0,244336,42030
2026-03-20,CRUDEOILM,2026-05-18,8600.0,9004.0,8523.0,8978.0,8774.0,33521,5912
2026-03-20,CRUDEOILM,2026-06-18,8301.0,8696.0,8299.0,8664.0,8519.0,2961,1000
2026-03-20,CRUDEOILM,2026-07-20,8230.0,8599.0,8207.0,8579.0,8548.0,44,32
2026-03-20,CRUDEOILM,2026-08-19,8250.0,8555.0,8106.0,8373.0,8440.0,9,7
2026-03-20,CRUDEOILM,2026-09-21,0.0,0.0,0.0,7656.0,7656.0,0,0
2026-03-23,CRUDEOIL,2026-04-20,9283.0,9620.0,8072.0,8345.0,9258.0,157821,14034
2026-03-23,CRUDEOIL,2026-05-18,9052.0,9407.0,7865.0,8126.0,8971.0,17084,2245
2026-03-23,CRUDEOIL,2026-06-18,8729.0,9000.0,7626.0,7910.0,8665.0,1143,432
2026-03-23,CRUDEOIL,2026-07-20,8684.0,8684.0,8629.0,8657.0,8451.0,2,2
2026-03-23,CRUDEOIL,2026-08-19,0.0,0.0,0.0,8109.0,8109.0,0,0
2026-03-23,CRUDEOIL,2026-09-21,0.0,0.0,0.0,7828.0,7828.0,0,0
2026-03-23,CRUDEOILM,2026-04-20,9300.0,9618.0,8073.0,8350.0,9259.0,435197,48792
2026-03-23,CRUDEOILM,2026-05-18,9037.0,9337.0,7861.0,8133.0,8978.0,63032,6191
2026-03-23,CRUDEOILM,2026-06-18,8755.0,8999.0,7625.0,7902.0,8664.0,7443,1357
2026-03-23,CRUDEOILM,2026-07-20,8661.0,8885.0,7798.0,7857.0,8579.0,61,43
2026-03-23,CRUDEOILM,2026-08-19,8707.0,8707.0,7871.0,8295.0,8373.0,7,7
2026-03-23,CRUDEOILM,2026-09-21,0.0,0.0,0.0,7828.0,7828.0,0,0
2026-03-24,CRUDEOIL,2026-04-20,8600.0,8840.0,8403.0,8736.0,8345.0,70718,14322
2026-03-24,CRUDEOIL,2026-05-18,8382.0,8613.0,8212.0,8514.0,8126.0,7384,2263
2026-03-24,CRUDEOIL,2026-06-18,8176.0,8370.0,7995.0,8264.0,7910.0,497,417
2026-03-24,CRUDEOIL,2026-07-20,0.0,0.0,0.0,8657.0,8657.0,0,2
2026-03-24,CRUDEOIL,2026-08-19,0.0,0.0,0.0,7513.0,7513.0,0,0
2026-03-24,CRUDEOIL,2026-09-21,0.0,0.0,0.0,7284.0,7284.0,0,0
2026-03-24,CRUDEOILM,2026-04-20,8588.0,8851.0,8406.0,8737.0,8350.0,235721,49423
2026-03-24,CRUDEOILM,2026-05-18,8196.0,8620.0,8196.0,8526.0,8133.0,34420,6441
2026-03-24,CRUDEOILM,2026-06-18,8171.0,8371.0,8000.0,8292.0,7902.0,4126,1287
2026-03-24,CRUDEOILM,2026-07-20,8090.0,8239.0,7930.0,8201.0,7857.0,110,56
2026-03-24,CRUDEOILM,2026-08-19,7964.0,8173.0,7807.0,8009.0,8295.0,12,12
2026-03-24,CRUDEOILM,2026-09-21,0.0,0.0,0.0,7284.0,7284.0,0,0
2026-03-25,CRUDEOIL,2026-04-20,8530.0,8573.0,8175.0,8499.0,8736.0,78158,14499
2026-03-25,CRUDEOIL,2026-05-18,8182.0,8354.0,8012.0,8280.0,8514.0,9803,2533
2026-03-25,CRUDEOIL,2026-06-18,7949.0,8126.0,7850.0,8052.0,8264.0,633,533
2026-03-25,CRUDEOIL,2026-07-20,7771.0,7771.0,7771.0,7771.0,8070.0,1,3
2026-03-25,CRUDEOIL,2026-08-19,0.0,0.0,0.0,7805.0,7805.0,0,0
2026-03-25,CRUDEOIL,2026-09-21,0.0,0.0,0.0,7586.0,7586.0,0,0
2026-03-25,CRUDEOILM,2026-04-20,8388.0,8575.0,8176.0,8500.0,8737.0,257516,53395
2026-03-25,CRUDEOILM,2026-05-18,8185.0,8350.0,8015.0,8282.0,8526.0,35869,6421
2026-03-25,CRUDEOILM,2026-06-18,8026.0,8171.0,7829.0,8069.0,8292.0,4670,1313
2026-03-25,CRUDEOILM,2026-07-20,7920.0,8031.0,7777.0,7935.0,8201.0,76,72
2026-03-25,CRUDEOILM,2026-08-19,7979.0,7979.0,7786.0,7871.0,8009.0,3,12
2026-03-25,CRUDEOILM,2026-09-21,0.0,0.0,0.0,7586.0,7586.0,0,0
2026-03-26,CRUDEOIL,2026-04-20,8838.0,9068.0,8741.0,8999.0,8499.0,46714,15068
2026-03-26,CRUDEOIL,2026-05-18,8611.0,8769.0,8495.0,8724.0,8280.0,5234,2784
2026-03-26,CRUDEOIL,2026-06-18,8374.0,8494.0,8265.0,8451.0,8052.0,309,613
2026-03-26,CRUDEOIL,2026-07-20,0.0,0.0,0.0,7771.0,7771.0,0,3
2026-03-26,CRUDEOIL,2026-08-19,0.0,0.0,0.0,7713.0,7713.0,0,0
2026-03-26,CRUDEOIL,2026-09-21,0.0,0.0,0.0,7512.0,7512.0,0,0
2026-03-26,CRUDEOILM,2026-04-20,8671.0,9058.0,8671.0,8999.0,8500.0,151626,57691
2026-03-26,CRUDEOILM,2026-05-18,8450.0,8750.0,8450.0,8721.0,8282.0,18957,7450
2026-03-26,CRUDEOILM,2026-06-18,8386.0,8553.0,8260.0,8458.0,8069.0,2703,1622
2026-03-26,CRUDEOILM,2026-07-20,8252.0,8399.0,8190.0,8329.0,7935.0,57,64
2026-03-26,CRUDEOILM,2026-08-19,8185.0,8201.0,8185.0,8193.0,7871.0,2,11
2026-03-26,CRUDEOILM,2026-09-21,0.0,0.0,0.0,7512.0,7512.0,0,0
2026-03-27,CRUDEOIL,2026-04-20,8867.0,9415.0,8820.0,9395.0,8999.0,68017,15603
2026-03-27,CRUDEOIL,2026-05-18,8592.0,9020.0,8561.0,9001.0,8724.0,7931,3283
2026-03-27,CRUDEOIL,2026-06-18,8328.0,8688.0,8328.0,8661.0,8451.0,647,675
2026-03-27,CRUDEOIL,2026-07-20,8500.0,8500.0,8500.0,8500.0,8295.0,1,3
2026-03-27,CRUDEOIL,2026-08-19,0.0,0.0,0.0,8020.0,8020.0,0,0
2026-03-27,CRUDEOIL,2026-09-21,0.0,0.0,0.0,7787.0,7787.0,0,0
2026-03-27,CRUDEOILM,2026-04-20,8919.0,9414.0,8790.0,9396.0,8999.0,221729,62415
2026-03-27,CRUDEOILM,2026-05-18,8635.0,9027.0,8546.0,9006.0,8721.0,28016,9028
2026-03-27,CRUDEOILM,2026-06-18,8396.0,8690.0,8329.0,8655.0,8458.0,3946,1794
2026-03-27,CRUDEOILM,2026-07-20,8200.0,8607.0,8170.0,8558.0,8329.0,127,109
2026-03-27,CRUDEOILM,2026-08-19,8365.0,8500.0,8102.0,8422.0,8193.0,7,12
2026-03-27,CRUDEOILM,2026-09-21,0.0,0.0,0.0,7787.0,7787.0,0,0
2026-03-30,CRUDEOIL,2026-04-20,9395.0,9850.0,9395.0,9805.0,9395.0,84463,16345
2026-03-30,CRUDEOIL,2026-05-18,9044.0,9280.0,8969.0,9241.0,9001.0,10778,3797
2026-03-30,CRUDEOIL,2026-06-18,8865.0,8865.0,8600.0,8772.0,8661.0,980,801
2026-03-30,CRUDEOIL,2026-07-20,8610.0,8744.0,8539.0,8696.0,8500.0,19,11
2026-03-30,CRUDEOIL,2026-08-19,0.0,0.0,0.0,8155.0,8155.0,0,0
2026-03-30,CRUDEOIL,2026-09-21,0.0,0.0,0.0,7860.0,7860.0,0,0
2026-03-30,CRUDEOILM,2026-04-20,9505.0,9849.0,9428.0,9807.0,9396.0,262428,68944
2026-03-30,CRUDEOILM,2026-05-18,9061.0,9276.0,8980.0,9236.0,9006.0,42555,9586
2026-03-30,CRUDEOILM,2026-06-18,8778.0,8840.0,8601.0,8769.0,8655.0,4891,2196
2026-03-30,CRUDEOILM,2026-07-20,8555.0,8696.0,8530.0,8643.0,8558.0,160,152
2026-03-30,CRUDEOILM,2026-08-19,8650.0,8756.0,8508.0,8678.0,8422.0,19,25
2026-03-30,CRUDEOILM,2026-09-21,0.0,0.0,0.0,7860.0,7860.0,0,0
2026-03-31,CRUDEOIL,2026-04-20,9789.0,9894.0,9377.0,9567.0,9805.0,76372,15249
2026-03-31,CRUDEOIL,2026-05-18,9198.0,9250.0,8802.0,8981.0,9241.0,10260,4532
2026-03-31,CRUDEOIL,2026-06-18,8821.0,8821.0,8304.0,8454.0,8772.0,675,969
2026-03-31,CRUDEOIL,2026-07-20,8570.0,8570.0,8349.0,8506.0,8696.0,8,16
2026-03-31,CRUDEOIL,2026-08-19,0.0,0.0,0.0,8196.0,8196.0,0,0
2026-03-31,CRUDEOIL,2026-09-21,0.0,0.0,0.0,7874.0,7874.0,0,0
2026-03-31,CRUDEOILM,2026-04-20,9858.0,9890.0,9301.0,9563.0,9807.0,287894,53954
2026-03-31,CRUDEOILM,2026-05-18,9250.0,9250.0,8803.0,8982.0,9236.0,34842,8745
2026-03-31,CRUDEOILM,2026-06-18,8768.0,8817.0,8325.0,8462.0,8769.0,4037,2676
2026-03-31,CRUDEOILM,2026-07-20,8640.0,8655.0,8186.0,8286.0,8643.0,87,196
2026-03-31,CRUDEOILM,2026-08-19,8508.0,8508.0,8508.0,8508.0,8678.0,1,26
2026-03-31,CRUDEOILM,2026-09-21,0.0,0.0,0.0,7874.0,7874.0,0,0
2026-04-01,CRUDEOIL,2026-04-20,9675.0,9844.0,9029.0,9253.0,9567.0,101831,11885
2026-04-01,CRUDEOIL,2026-05-18,9000.0,9030.0,8431.0,8539.0,8981.0,16112,6309
2026-04-01,CRUDEOIL,2026-06-18,8420.0,8441.0,7947.0,7985.0,8454.0,840,1103
2026-04-01,CRUDEOIL,2026-07-20,8260.0,8260.0,8188.0,8230.0,8506.0,10,23
2026-04-01,CRUDEOIL,2026-08-19,0.0,0.0,0.0,7898.0,7898.0,0,0
2026-04-01,CRUDEOIL,2026-09-21,0.0,0.0,0.0,7555.0,7555.0,0,0
2026-04-01,CRUDEOILM,2026-04-20,9672.0,9715.0,9035.0,9256.0,9563.0,307881,45276
2026-04-01,CRUDEOILM,2026-05-18,8982.0,9032.0,8429.0,8538.0,8982.0,43158,9168
2026-04-01,CRUDEOILM,2026-06-18,8406.0,8459.0,7940.0,7986.0,8462.0,5743,3093
2026-04-01,CRUDEOILM,2026-07-20,8300.0,8301.0,7760.0,7801.0,8286.0,161,225
2026-04-01,CRUDEOILM,2026-08-19,8184.0,8184.0,7998.0,8123.0,8508.0,25,17
2026-04-01,CRUDEOILM,2026-09-21,0.0,0.0,0.0,7555.0,7555.0,0,0
2026-04-02,CRUDEOIL,2026-04-20,9623.0,10640.0,9623.0,10408.0,9253.0,139124,15669
2026-04-02,CRUDEOIL,2026-05-18,8880.0,9307.0,8796.0,9193.0,8539.0,15991,5989
2026-04-02,CRUDEOIL,2026-06-18,8304.0,8607.0,8111.0,8472.0,7985.0,1436,977
2026-04-02,CRUDEOIL,2026-07-20,8289.0,8299.0,7905.0,8014.0,8230.0,29,28
2026-04-02,CRUDEOIL,2026-08-19,0.0,0.0,0.0,7482.0,7482.0,0,0
2026-04-02,CRUDEOIL,2026-09-21,0.0,0.0,0.0,7188.0,7188.0,0,0
2026-04-02,CRUDEOILM,2026-04-20,9626.0,10644.0,9626.0,10403.0,9256.0,468743,51544
2026-04-02,CRUDEOILM,2026-05-18,8879.0,9306.0,8800.0,9193.0,8538.0,58825,11261
2026-04-02,CRUDEOILM,2026-06-18,8305.0,8627.0,8106.0,8467.0,7986.0,7723,2779
2026-04-02,CRUDEOILM,2026-07-20,8113.0,8328.0,7969.0,8156.0,7801.0,230,256
2026-04-02,CRUDEOILM,2026-08-19,8210.0,8298.0,8000.0,8172.0,8123.0,7,21
2026-04-02,CRUDEOILM,2026-09-21,0.0,0.0,0.0,7188.0,7188.0,0,0
2026-04-06,CRUDEOIL,2026-04-20,10350.0,10640.0,10162.0,10588.0,10408.0,77804,15320
2026-04-06,CRUDEOIL,2026-05-18,9330.0,9371.0,9051.0,9315.0,9193.0,11018,6707
2026-04-06,CRUDEOIL,2026-06-18,8591.0,8600.0,8315.0,8552.0,8472.0,980,976
2026-04-06,CRUDEOIL,2026-07-20,8299.0,8299.0,8083.0,8161.0,8014.0,11,30
2026-04-06,CRUDEOIL,2026-08-19,0.0,0.0,0.0,7619.0,7619.0,0,0
2026-04-06,CRUDEOIL,2026-09-21,0.0,0.0,0.0,7175.0,7175.0,0,0
2026-04-06,CRUDEOILM,2026-04-20,10449.0,10818.0,10160.0,10585.0,10403.0,263791,50380
2026-04-06,CRUDEOILM,2026-05-18,9288.0,9368.0,9053.0,9320.0,9193.0,43428,11785
2026-04-06,CRUDEOILM,2026-06-18,8701.0,8701.0,8317.0,8563.0,8467.0,6128,3184
2026-04-06,CRUDEOILM,2026-07-20,8324.0,8377.0,8010.0,8262.0,8156.0,242,306
2026-04-06,CRUDEOILM,2026-08-19,0.0,0.0,0.0,8172.0,8172.0,0,21
2026-04-06,CRUDEOILM,2026-09-21,0.0,0.0,0.0,7175.0,7175.0,0,0
2026-04-07,CRUDEOIL,2026-04-20,10722.0,10990.0,10386.0,10669.0,10588.0,110967,12584
2026-04-07,CRUDEOIL,2026-05-18,9395.0,9560.0,9169.0,9425.0,9315.0,12521,7104
2026-04-07,CRUDEOIL,2026-06-18,8590.0,8762.0,8500.0,8680.0,8552.0,1176,996
2026-04-07,CRUDEOIL,2026-07-20,8175.0,8460.0,8175.0,8337.0,8161.0,27,49
2026-04-07,CRUDEOIL,2026-08-19,0.0,0.0,0.0,7793.0,7793.0,0,0
2026-04-07,CRUDEOIL,2026-09-21,0.0,0.0,0.0,7371.0,7371.0,0,0
2026-04-07,CRUDEOILM,2026-04-20,10723.0,10986.0,10386.0,10667.0,10585.0,356673,44896
2026-04-07,CRUDEOILM,2026-05-18,9400.0,9565.0,9170.0,9430.0,9320.0,50874,11985
2026-04-07,CRUDEOILM,2026-06-18,8600.0,8762.0,8501.0,8690.0,8563.0,7360,3192
2026-04-07,CRUDEOILM,2026-07-20,8350.0,8445.0,8229.0,8399.0,8262.0,260,315
2026-04-07,CRUDEOILM,2026-08-19,8104.0,8300.0,8104.0,8236.0,7793.0,8,22
2026-04-07,CRUDEOILM,2026-09-21,0.0,0.0,0.0,7371.0,7371.0,0,0
2026-04-08,CRUDEOIL,2026-04-20,10243.0,10243.0,8535.0,8861.0,10669.0,109352,8362
2026-04-08,CRUDEOIL,2026-05-18,9287.0,9287.0,7852.0,8250.0,9425.0,24182,5546
2026-04-08,CRUDEOIL,2026-06-18,8401.0,8401.0,7523.0,7872.0,8680.0,1989,932
2026-04-08,CRUDEOIL,2026-07-20,0.0,0.0,0.0,8337.0,8337.0,0,49
2026-04-08,CRUDEOIL,2026-08-19,0.0,0.0,0.0,7906.0,7906.0,0,0
2026-04-08,CRUDEOIL,2026-09-21,0.0,0.0,0.0,7517.0,7517.0,0,0
2026-04-08,CRUDEOILM,2026-04-20,10332.0,10332.0,8536.0,8860.0,10667.0,367451,29079
2026-04-08,CRUDEOILM,2026-05-18,9220.0,9220.0,7850.0,8252.0,9430.0,71669,11253
2026-04-08,CRUDEOILM,2026-06-18,8600.0,8600.0,7523.0,7879.0,8690.0,11015,3353
2026-04-08,CRUDEOILM,2026-07-20,8064.0,8064.0,7400.0,7700.0,8399.0,687,385
2026-04-08,CRUDEOILM,2026-08-19,0.0,0.0,0.0,8236.0,8236.0,0,22
2026-04-08,CRUDEOILM,2026-09-21,0.0,0.0,0.0,7517.0,7517.0,0,0
2026-04-09,CRUDEOIL,2026-04-20,9030.0,9575.0,8866.0,8933.0,8861.0,100134,8361
2026-04-09,CRUDEOIL,2026-05-18,8448.0,8741.0,8275.0,8325.0,8250.0,23486,6981
2026-04-09,CRUDEOIL,2026-06-18,8057.0,8250.0,7875.0,7917.0,7872.0,1899,1009
2026-04-09,CRUDEOIL,2026-07-20,7725.0,7950.0,7725.0,7842.0,7745.0,14,47
2026-04-09,CRUDEOIL,2026-08-19,0.0,0.0,0.0,7419.0,7419.0,0,0
2026-04-09,CRUDEOIL,2026-09-21,0.0,0.0,0.0,7188.0,7188.0,0,0
2026-04-09,CRUDEOILM,2026-04-20,8977.0,9570.0,8866.0,8934.0,8860.0,320907,28571
2026-04-09,CRUDEOILM,2026-05-18,8398.0,8743.0,8275.0,8323.0,8252.0,66202,12629
2026-04-09,CRUDEOILM,2026-06-18,8048.0,8265.0,7873.0,7910.0,7879.0,8568,3874
2026-04-09,CRUDEOILM,2026-07-20,7787.0,8008.0,7701.0,7733.0,7700.0,437,446
2026-04-09,CRUDEOILM,2026-08-19,7700.0,7700.0,7700.0,7700.0,7419.0,3,25
2026-04-09,CRUDEOILM,2026-09-21,0.0,0.0,0.0,7188.0,7188.0,0,0
2026-04-10,CRUDEOIL,2026-04-20,9200.0,9344.0,9031.0,9153.0,8933.0,65698,7686
2026-04-10,CRUDEOIL,2026-05-18,8516.0,8618.0,8370.0,8500.0,8325.0,12696,6839
2026-04-10,CRUDEOIL,2026-06-18,8064.0,8152.0,7947.0,8059.0,7917.0,1012,855
2026-04-10,CRUDEOIL,2026-07-20,7880.0,7921.0,7880.0,7893.0,7842.0,5,48
2026-04-10,CRUDEOIL,2026-08-19,0.0,0.0,0.0,7473.0,7473.0,0,0
2026-04-10,CRUDEOIL,2026-09-21,0.0,0.0,0.0,7235.0,7235.0,0,0
2026-04-10,CRUDEOILM,2026-04-20,9155.0,9344.0,9030.0,9150.0,8934.0,206633,29358
2026-04-10,CRUDEOILM,2026-05-18,8574.0,8620.0,8372.0,8500.0,8323.0,42162,11888
2026-04-10,CRUDEOILM,2026-06-18,7973.0,8150.0,7951.0,8064.0,7910.0,5103,3635
2026-04-10,CRUDEOILM,2026-07-20,7827.0,7955.0,7773.0,7893.0,7733.0,198,425
2026-04-10,CRUDEOILM,2026-08-19,0.0,0.0,0.0,7700.0,7700.0,0,25
2026-04-10,CRUDEOILM,2026-09-21,0.0,0.0,0.0,7235.0,7235.0,0,0
2026-04-13,CRUDEOIL,2026-04-20,9454.0,9850.0,9221.0,9253.0,9153.0,64620,8295
2026-04-13,CRUDEOIL,2026-05-18,8624.0,9075.0,8624.0,8747.0,8500.0,20835,9260
2026-04-13,CRUDEOIL,2026-06-18,8177.0,8526.0,8177.0,8357.0,8059.0,2266,831
2026-04-13,CRUDEOIL,2026-07-20,8203.0,8268.0,8067.0,8173.0,7893.0,33,63
2026-04-13,CRUDEOIL,2026-08-19,0.0,0.0,0.0,7574.0,7574.0,0,0
2026-04-13,CRUDEOIL,2026-09-21,0.0,0.0,0.0,7352.0,7352.0,0,0
2026-04-13,CRUDEOILM,2026-04-20,9354.0,9849.0,9225.0,9257.0,9150.0,220141,27627
2026-04-13,CRUDEOILM,2026-05-18,8839.0,9219.0,8721.0,8749.0,8500.0,62964,16487
2026-04-13,CRUDEOILM,2026-06-18,8200.0,8523.0,8200.0,8358.0,8064.0,9383,3964
2026-04-13,CRUDEOILM,2026-07-20,8190.0,8273.0,8020.0,8117.0,7893.0,577,460
2026-04-13,CRUDEOILM,2026-08-19,0.0,0.0,0.0,7574.0,7574.0,0,25
2026-04-13,CRUDEOILM,2026-09-21,0.0,0.0,0.0,7352.0,7352.0,0,0
2026-04-14,CRUDEOIL,2026-04-20,9121.0,9134.0,8530.0,8571.0,9253.0,48481,8057
2026-04-14,CRUDEOIL,2026-05-18,8679.0,8723.0,8288.0,8337.0,8747.0,18085,9675
2026-04-14,CRUDEOIL,2026-06-18,8299.0,8338.0,7974.0,8055.0,8357.0,1170,915
2026-04-14,CRUDEOIL,2026-07-20,8082.0,8082.0,7861.0,7968.0,8173.0,10,66
2026-04-14,CRUDEOIL,2026-08-19,0.0,0.0,0.0,7885.0,7885.0,0,0
2026-04-14,CRUDEOIL,2026-09-21,0.0,0.0,0.0,7648.0,7648.0,0,0
2026-04-14,CRUDEOILM,2026-04-20,9014.0,9158.0,8533.0,8574.0,9257.0,145524,26006
2026-04-14,CRUDEOILM,2026-05-18,8702.0,8740.0,8275.0,8340.0,8749.0,48528,18128
2026-04-14,CRUDEOILM,2026-06-18,8381.0,8381.0,7985.0,8061.0,8358.0,6550,4316
2026-04-14,CRUDEOILM,2026-07-20,8100.0,8130.0,7861.0,7941.0,8117.0,329,530
2026-04-14,CRUDEOILM,2026-08-19,0.0,0.0,0.0,7885.0,7885.0,0,25
2026-04-14,CRUDEOILM,2026-09-21,0.0,0.0,0.0,7648.0,7648.0,0,0
2026-04-15,CRUDEOIL,2026-04-20,8518.0,8726.0,8433.0,8608.0,8571.0,50373,6576
2026-04-15,CRUDEOIL,2026-05-18,8337.0,8517.0,8243.0,8352.0,8337.0,25716,10027
2026-04-15,CRUDEOIL,2026-06-18,8078.0,8248.0,8006.0,8115.0,8055.0,1550,974
2026-04-15,CRUDEOIL,2026-07-20,7890.0,8100.0,7890.0,8059.0,7968.0,27,63
2026-04-15,CRUDEOIL,2026-08-19,0.0,0.0,0.0,7670.0,7670.0,0,0
2026-04-15,CRUDEOIL,2026-09-21,0.0,0.0,0.0,7462.0,7462.0,0,0
2026-04-15,CRUDEOILM,2026-04-20,8490.0,8724.0,8433.0,8605.0,8574.0,180811,23387
2026-04-15,CRUDEOILM,2026-05-18,8251.0,8518.0,8250.0,8354.0,8340.0,70111,19169
2026-04-15,CRUDEOILM,2026-06-18,8066.0,8250.0,8010.0,8116.0,8061.0,8609,4253
2026-04-15,CRUDEOILM,2026-07-20,7925.0,8116.0,7880.0,7996.0,7941.0,617,454
2026-04-15,CRUDEOILM,2026-08-19,7910.0,7928.0,7729.0,7816.0,7670.0,13,20
2026-04-15,CRUDEOILM,2026-09-21,0.0,0.0,0.0,7462.0,7462.0,0,0
2026-04-16,CRUDEOIL,2026-04-20,8560.0,8879.0,8498.0,8856.0,8608.0,47738,8759
2026-04-16,CRUDEOIL,2026-05-18,8279.0,8595.0,8259.0,8576.0,8352.0,27383,9405
2026-04-16,CRUDEOIL,2026-06-18,8043.0,8255.0,8025.0,8235.0,8115.0,1507,999
2026-04-16,CRUDEOIL,2026-07-20,7975.0,8099.0,7957.0,8001.0,8059.0,114,129
2026-04-16,CRUDEOIL,2026-08-19,0.0,0.0,0.0,7736.0,7736.0,0,0
2026-04-16,CRUDEOIL,2026-09-21,0.0,0.0,0.0,7525.0,7525.0,0,0
2026-04-16,CRUDEOILM,2026-04-20,8559.0,8877.0,8495.0,8854.0,8605.0,132821,25114
2026-04-16,CRUDEOILM,2026-05-18,8271.0,8591.0,8261.0,8574.0,8354.0,73177,20386
2026-04-16,CRUDEOILM,2026-06-18,8029.0,8253.0,8028.0,8232.0,8116.0,7758,4490
2026-04-16,CRUDEOILM,2026-07-20,8057.0,8090.0,7881.0,8018.0,7996.0,418,472
2026-04-16,CRUDEOILM,2026-08-19,7955.0,8025.0,7785.0,7937.0,7816.0,15,20
2026-04-16,CRUDEOILM,2026-09-21,0.0,0.0,0.0,7525.0,7525.0,0,0
2026-04-17,CRUDEOIL,2026-04-20,8632.0,8727.0,7528.0,7767.0,8856.0,43480,3088
2026-04-17,CRUDEOIL,2026-05-18,8402.0,8442.0,7345.0,7666.0,8576.0,71930,10578
2026-04-17,CRUDEOIL,2026-06-18,8110.0,8120.0,7247.0,7507.0,8235.0,5549,1294
2026-04-17,CRUDEOIL,2026-07-20,7901.0,7902.0,7077.0,7262.0,8001.0,76,122
2026-04-17,CRUDEOIL,2026-08-19,0.0,0.0,0.0,7815.0,7815.0,0,0
2026-04-17,CRUDEOIL,2026-09-21,0.0,0.0,0.0,7563.0,7563.0,0,0
2026-04-17,CRUDEOILM,2026-04-20,8666.0,8729.0,7526.0,7768.0,8854.0,125468,18787
2026-04-17,CRUDEOILM,2026-05-18,8456.0,8456.0,7344.0,7662.0,8574.0,213371,27066
2026-04-17,CRUDEOILM,2026-06-18,8096.0,8132.0,7245.0,7491.0,8232.0,19574,5514
2026-04-17,CRUDEOILM,2026-07-20,7911.0,7953.0,7100.0,7295.0,8018.0,1184,662
2026-04-17,CRUDEOILM,2026-08-19,7794.0,7817.0,7461.0,7600.0,7937.0,16,28
2026-04-17,CRUDEOILM,2026-09-21,0.0,0.0,0.0,7563.0,7563.0,0,0
2026-04-20,CRUDEOIL,2026-04-20,8077.0,8388.0,8077.0,8308.0,7767.0,10247,1646
2026-04-20,CRUDEOIL,2026-05-18,7972.0,8273.0,7972.0,8184.0,7666.0,67063,11030
2026-04-20,CRUDEOIL,2026-06-18,7807.0,8005.0,7769.0,7925.0,7507.0,5536,1798
2026-04-20,CRUDEOIL,2026-07-20,7552.0,7760.0,7552.0,7664.0,7262.0,71,137
2026-04-20,CRUDEOIL,2026-08-19,0.0,0.0,0.0,7192.0,7192.0,0,0
2026-04-20,CRUDEOIL,2026-09-21,0.0,0.0,0.0,7029.0,7029.0,0,0
2026-04-20,CRUDEOILM,2026-04-20,8078.0,8385.0,8078.0,8310.0,7768.0,36450,13208
2026-04-20,CRUDEOILM,2026-05-18,7800.0,8270.0,7800.0,8182.0,7662.0,185349,29749
2026-04-20,CRUDEOILM,2026-06-18,7790.0,8006.0,7766.0,7923.0,7491.0,15742,5695
2026-04-20,CRUDEOILM,2026-07-20,7586.0,7775.0,7586.0,7691.0,7295.0,1037,700
2026-04-20,CRUDEOILM,2026-08-19,7735.0,7738.0,7600.0,7691.0,7600.0,3,30
2026-04-20,CRUDEOILM,2026-09-21,0.0,0.0,0.0,7029.0,7029.0,0,0
2026-04-21,CRUDEOIL,2026-05-18,8104.0,8600.0,8022.0,8437.0,8184.0,65701,12050
2026-04-21,CRUDEOIL,2026-06-18,7853.0,8272.0,7788.0,8116.0,7925.0,6879,1784
2026-04-21,CRUDEOIL,2026-07-20,7635.0,7994.0,7571.0,7889.0,7664.0,232,137
2026-04-21,CRUDEOIL,2026-08-19,0.0,0.0,0.0,7550.0,7550.0,0,0
2026-04-21,CRUDEOIL,2026-09-21,0.0,0.0,0.0,7337.0,7337.0,0,0
2026-04-21,CRUDEOIL,2026-10-19,0.0,0.0,0.0,7118.0,7118.0,0,0
2026-04-21,CRUDEOILM,2026-05-18,8271.0,8598.0,8022.0,8440.0,8182.0,239505,33075
2026-04-21,CRUDEOILM,2026-06-18,7823.0,8299.0,7790.0,8130.0,7923.0,19484,7141
2026-04-21,CRUDEOILM,2026-07-20,7635.0,8003.0,7560.0,7891.0,7691.0,1774,861
2026-04-21,CRUDEOILM,2026-08-19,7707.0,7937.0,7524.0,7718.0,7691.0,18,33
2026-04-21,CRUDEOILM,2026-09-21,0.0,0.0,0.0,7337.0,7337.0,0,0
2026-04-21,CRUDEOILM,2026-10-19,0.0,0.0,0.0,7118.0,7118.0,0,0
2026-04-22,CRUDEOIL,2026-05-18,8391.0,8810.0,8240.0,8723.0,8437.0,71550,12265
2026-04-22,CRUDEOIL,2026-06-18,8093.0,8419.0,7977.0,8350.0,8116.0,6831,2002
2026-04-22,CRUDEOIL,2026-07-20,7850.0,8080.0,7750.0,8061.0,7889.0,339,168
2026-04-22,CRUDEOIL,2026-08-19,8005.0,8006.0,8005.0,8006.0,7699.0,3,3
2026-04-22,CRUDEOIL,2026-09-21,0.0,0.0,0.0,7460.0,7460.0,0,0
2026-04-22,CRUDEOIL,2026-10-19,0.0,0.0,0.0,7265.0,7265.0,0,0
2026-04-22,CRUDEOILM,2026-05-18,8399.0,8810.0,8240.0,8724.0,8440.0,269210,37091
2026-04-22,CRUDEOILM,2026-06-18,8104.0,8417.0,7979.0,8349.0,8130.0,26160,8022
2026-04-22,CRUDEOILM,2026-07-20,7837.0,8092.0,7737.0,8047.0,7891.0,2663,948
2026-04-22,CRUDEOILM,2026-08-19,7800.0,7990.0,7800.0,7870.0,7718.0,27,37
2026-04-22,CRUDEOILM,2026-09-21,0.0,0.0,0.0,7460.0,7460.0,0,0
2026-04-22,CRUDEOILM,2026-10-19,0.0,0.0,0.0,7265.0,7265.0,0,0
2026-04-23,CRUDEOIL,2026-05-18,8799.0,9246.0,8700.0,9175.0,8723.0,85789,12099
2026-04-23,CRUDEOIL,2026-06-18,8534.0,8849.0,8315.0,8738.0,8350.0,10737,2959
2026-04-23,CRUDEOIL,2026-07-20,8166.0,8527.0,8025.0,8398.0,8061.0,645,302
2026-04-23,CRUDEOIL,2026-08-19,8163.0,8163.0,8163.0,8163.0,8006.0,3,1
2026-04-23,CRUDEOIL,2026-09-21,0.0,0.0,0.0,7666.0,7666.0,0,0
2026-04-23,CRUDEOIL,2026-10-19,0.0,0.0,0.0,7454.0,7454.0,0,0
2026-04-23,CRUDEOILM,2026-05-18,8773.0,9247.0,8702.0,9179.0,8724.0,281593,36839
2026-04-23,CRUDEOILM,2026-06-18,8570.0,8849.0,8317.0,8747.0,8349.0,31688,8619
2026-04-23,CRUDEOILM,2026-07-20,8264.0,8510.0,8010.0,8400.0,8047.0,3569,1120
2026-04-23,CRUDEOILM,2026-08-19,8170.0,8325.0,8047.0,8215.0,7870.0,17,48
2026-04-23,CRUDEOILM,2026-09-21,0.0,0.0,0.0,7666.0,7666.0,0,0
2026-04-23,CRUDEOILM,2026-10-19,0.0,0.0,0.0,7454.0,7454.0,0,0
2026-04-24,CRUDEOIL,2026-05-18,9112.0,9249.0,8750.0,8817.0,9175.0,83898,11003
2026-04-24,CRUDEOIL,2026-06-18,8696.0,8805.0,8378.0,8432.0,8738.0,7613,3074
2026-04-24,CRUDEOIL,2026-07-20,8314.0,8439.0,8113.0,8138.0,8398.0,482,318
2026-04-24,CRUDEOIL,2026-08-19,0.0,0.0,0.0,8163.0,8163.0,0,1
2026-04-24,CRUDEOIL,2026-09-21,0.0,0.0,0.0,7810.0,7810.0,0,0
2026-04-24,CRUDEOIL,2026-10-19,0.0,0.0,0.0,7574.0,7574.0,0,0
2026-04-24,CRUDEOILM,2026-05-18,9192.0,9247.0,8750.0,8816.0,9179.0,268974,34557
2026-04-24,CRUDEOILM,2026-06-18,8847.0,8847.0,8382.0,8432.0,8747.0,24204,8282
2026-04-24,CRUDEOILM,2026-07-20,8328.0,8447.0,8100.0,8144.0,8400.0,3974,1309
2026-04-24,CRUDEOILM,2026-08-19,8141.0,8224.0,7965.0,8079.0,8215.0,19,48
2026-04-24,CRUDEOILM,2026-09-21,0.0,0.0,0.0,7810.0,7810.0,0,0
2026-04-24,CRUDEOILM,2026-10-19,0.0,0.0,0.0,7574.0,7574.0,0,0
2026-04-27,CRUDEOIL,2026-05-18,8980.0,9207.0,8916.0,9106.0,8817.0,57762,12304
2026-04-27,CRUDEOIL,2026-06-18,8584.0,8789.0,8535.0,8715.0,8432.0,5805,3268
2026-04-27,CRUDEOIL,2026-07-20,8230.0,8432.0,8230.0,8375.0,8138.0,291,321
2026-04-27,CRUDEOIL,2026-08-19,0.0,0.0,0.0,8042.0,8042.0,0,1
2026-04-27,CRUDEOIL,2026-09-21,0.0,0.0,0.0,7772.0,7772.0,0,0
2026-04-27,CRUDEOIL,2026-10-19,0.0,0.0,0.0,7557.0,7557.0,0,0
2026-04-27,CRUDEOILM,2026-05-18,8898.0,9205.0,8898.0,9104.0,8816.0,194702,37833
2026-04-27,CRUDEOILM,2026-06-18,8627.0,8789.0,8535.0,8711.0,8432.0,18881,9038
2026-04-27,CRUDEOILM,2026-07-20,8249.0,8446.0,8223.0,8366.0,8144.0,3125,1423
2026-04-27,CRUDEOILM,2026-08-19,8150.0,8290.0,8119.0,8257.0,8079.0,32,64
2026-04-27,CRUDEOILM,2026-09-21,0.0,0.0,0.0,7772.0,7772.0,0,0
2026-04-27,CRUDEOILM,2026-10-19,0.0,0.0,0.0,7557.0,7557.0,0,0
2026-04-28,CRUDEOIL,2026-05-18,9183.0,9648.0,9160.0,9485.0,9106.0,74127,15909
2026-04-28,CRUDEOIL,2026-06-18,8766.0,9162.0,8765.0,9026.0,8715.0,7057,3379
2026-04-28,CRUDEOIL,2026-07-20,8469.0,8800.0,8440.0,8632.0,8375.0,751,453
2026-04-28,CRUDEOIL,2026-08-19,0.0,0.0,0.0,8250.0,8250.0,0,1
2026-04-28,CRUDEOIL,2026-09-21,0.0,0.0,0.0,7945.0,7945.0,0,0
2026-04-28,CRUDEOIL,2026-10-19,0.0,0.0,0.0,7703.0,7703.0,0,0
2026-04-28,CRUDEOILM,2026-05-18,9182.0,9646.0,9155.0,9484.0,9104.0,233341,48542
2026-04-28,CRUDEOILM,2026-06-18,8787.0,9164.0,8784.0,9019.0,8711.0,29064,9514
2026-04-28,CRUDEOILM,2026-07-20,8435.0,8783.0,8365.0,8627.0,8366.0,4621,1682
2026-04-28,CRUDEOILM,2026-08-19,8284.0,8620.0,8199.0,8463.0,8257.0,189,141
2026-04-28,CRUDEOILM,2026-09-21,0.0,0.0,0.0,7945.0,7945.0,0,0
2026-04-28,CRUDEOILM,2026-10-19,0.0,0.0,0.0,7703.0,7703.0,0,0
2026-04-29,CRUDEOIL,2026-05-18,9407.0,10219.0,9401.0,10126.0,9485.0,79337,18936
2026-04-29,CRUDEOIL,2026-06-18,8997.0,9635.0,8963.0,9565.0,9026.0,7628,3717
2026-04-29,CRUDEOIL,2026-07-20,8590.0,9100.0,8590.0,9038.0,8632.0,1229,664
2026-04-29,CRUDEOIL,2026-08-19,8626.0,8783.0,8626.0,8705.0,8477.0,2,2
2026-04-29,CRUDEOIL,2026-09-21,0.0,0.0,0.0,8096.0,8096.0,0,0
2026-04-29,CRUDEOIL,2026-10-19,0.0,0.0,0.0,7794.0,7794.0,0,0
2026-04-29,CRUDEOILM,2026-05-18,9402.0,10219.0,9390.0,10125.0,9484.0,245750,59546
2026-04-29,CRUDEOILM,2026-06-18,8962.0,9635.0,8949.0,9563.0,9019.0,31821,11744
2026-04-29,CRUDEOILM,2026-07-20,8511.0,9110.0,8510.0,9043.0,8627.0,7184,2024
2026-04-29,CRUDEOILM,2026-08-19,8516.0,8801.0,8441.0,8735.0,8463.0,348,161
2026-04-29,CRUDEOILM,2026-09-21,0.0,0.0,0.0,8096.0,8096.0,0,0
2026-04-29,CRUDEOILM,2026-10-19,0.0,0.0,0.0,7794.0,7794.0,0,0
2026-04-30,CRUDEOIL,2026-05-18,10300.0,10571.0,9820.0,9867.0,10126.0,103480,16368
2026-04-30,CRUDEOIL,2026-06-18,9787.0,9969.0,9300.0,9369.0,9565.0,11124,3793
2026-04-30,CRUDEOIL,2026-07-20,9191.0,9395.0,8828.0,8921.0,9038.0,1428,776
2026-04-30,CRUDEOIL,2026-08-19,8957.0,9039.0,8655.0,8855.0,8705.0,4,3
2026-04-30,CRUDEOIL,2026-09-21,0.0,0.0,0.0,8410.0,8410.0,0,0
2026-04-30,CRUDEOIL,2026-10-19,0.0,0.0,0.0,8012.0,8012.0,0,0
2026-04-30,CRUDEOILM,2026-05-18,10211.0,10574.0,9825.0,9866.0,10125.0,322528,51206
2026-04-30,CRUDEOILM,2026-06-18,9677.0,9979.0,9300.0,9377.0,9563.0,46291,12096
2026-04-30,CRUDEOILM,2026-07-20,9192.0,9398.0,8812.0,8927.0,9043.0,7988,2179
2026-04-30,CRUDEOILM,2026-08-19,8987.0,8987.0,8463.0,8618.0,8735.0,386,156
2026-04-30,CRUDEOILM,2026-09-21,0.0,0.0,0.0,8410.0,8410.0,0,0
2026-04-30,CRUDEOILM,2026-10-19,0.0,0.0,0.0,8012.0,8012.0,0,0
2026-05-01,CRUDEOIL,2026-05-18,9961.0,10068.0,9429.0,9665.0,9867.0,57949,15344
2026-05-01,CRUDEOIL,2026-06-18,9480.0,9530.0,9028.0,9214.0,9369.0,5405,3835
2026-05-01,CRUDEOIL,2026-07-20,8960.0,9038.0,8650.0,8810.0,8921.0,575,845
2026-05-01,CRUDEOIL,2026-08-19,8510.0,8541.0,8510.0,8526.0,8855.0,2,5
2026-05-01,CRUDEOIL,2026-09-21,0.0,0.0,0.0,8384.0,8384.0,0,0
2026-05-01,CRUDEOIL,2026-10-19,0.0,0.0,0.0,8047.0,8047.0,0,0
2026-05-01,CRUDEOILM,2026-05-18,9949.0,9965.0,9430.0,9665.0,9866.0,174225,47459
2026-05-01,CRUDEOILM,2026-06-18,9457.0,9497.0,9030.0,9215.0,9377.0,20205,11981
2026-05-01,CRUDEOILM,2026-07-20,8938.0,9065.0,8650.0,8818.0,8927.0,3966,2518
2026-05-01,CRUDEOILM,2026-08-19,8601.0,8726.0,8400.0,8546.0,8618.0,91,150
2026-05-01,CRUDEOILM,2026-09-21,8697.0,8697.0,8697.0,8697.0,8384.0,1,1
2026-05-01,CRUDEOILM,2026-10-19,0.0,0.0,0.0,8047.0,8047.0,0,0
2026-05-04,CRUDEOIL,2026-05-18,9685.0,10244.0,9516.0,10057.0,9665.0,113960,16594
2026-05-04,CRUDEOIL,2026-06-18,9247.0,9766.0,9098.0,9687.0,9214.0,14775,4387
2026-05-04,CRUDEOIL,2026-07-20,8890.0,9330.0,8740.0,9269.0,8810.0,1507,844
2026-05-04,CRUDEOIL,2026-08-19,8577.0,8867.0,8577.0,8746.0,8526.0,7,2
2026-05-04,CRUDEOIL,2026-09-21,0.0,0.0,0.0,8285.0,8285.0,0,0
2026-05-04,CRUDEOIL,2026-10-19,0.0,0.0,0.0,7967.0,7967.0,0,0
2026-05-04,CRUDEOILM,2026-05-18,9665.0,10244.0,9517.0,10061.0,9665.0,362415,52231
2026-05-04,CRUDEOILM,2026-06-18,9147.0,9765.0,9101.0,9687.0,9215.0,55235,13781
2026-05-04,CRUDEOILM,2026-07-20,8735.0,9327.0,8733.0,9269.0,8818.0,9871,2713
2026-05-04,CRUDEOILM,2026-08-19,8607.0,8972.0,8500.0,8930.0,8546.0,192,140
2026-05-04,CRUDEOILM,2026-09-21,0.0,0.0,0.0,8697.0,8697.0,0,1
2026-05-04,CRUDEOILM,2026-10-19,0.0,0.0,0.0,7967.0,7967.0,0,0
2026-05-05,CRUDEOIL,2026-05-18,9960.0,10066.0,9642.0,9698.0,10057.0,66278,14371
2026-05-05,CRUDEOIL,2026-06-18,9601.0,9700.0,9340.0,9396.0,9687.0,7667,4387
2026-05-05,CRUDEOIL,2026-07-20,9268.0,9290.0,9000.0,9061.0,9269.0,815,948
2026-05-05,CRUDEOIL,2026-08-19,0.0,0.0,0.0,8746.0,8746.0,0,2
2026-05-05,CRUDEOIL,2026-09-21,0.0,0.0,0.0,8692.0,8692.0,0,0
2026-05-05,CRUDEOIL,2026-10-19,0.0,0.0,0.0,8357.0,8357.0,0,0
2026-05-05,CRUDEOILM,2026-05-18,9978.0,10070.0,9642.0,9699.0,10061.0,201081,45184
2026-05-05,CRUDEOILM,2026-06-18,9601.0,9704.0,9340.0,9395.0,9687.0,39611,13823
2026-05-05,CRUDEOILM,2026-07-20,9213.0,9300.0,9002.0,9066.0,9269.0,5556,2635
2026-05-05,CRUDEOILM,2026-08-19,8918.0,8940.0,8700.0,8785.0,8930.0,89,143
2026-05-05,CRUDEOILM,2026-09-21,0.0,0.0,0.0,8692.0,8692.0,0,1
2026-05-05,CRUDEOILM,2026-10-19,0.0,0.0,0.0,8357.0,8357.0,0,0
2026-05-06,CRUDEOIL,2026-05-18,9610.0,9644.0,8380.0,9017.0,9698.0,164692,11437
2026-05-06,CRUDEOIL,2026-06-18,9300.0,9311.0,8210.0,8724.0,9396.0,22909,4197
2026-05-06,CRUDEOIL,2026-07-20,8892.0,8975.0,7974.0,8420.0,9061.0,2731,1019
2026-05-06,CRUDEOIL,2026-08-19,8582.0,8582.0,8582.0,8582.0,8939.0,1,3
2026-05-06,CRUDEOIL,2026-09-21,0.0,0.0,0.0,8566.0,8566.0,0,0
2026-05-06,CRUDEOIL,2026-10-19,0.0,0.0,0.0,8243.0,8243.0,0,0
2026-05-06,CRUDEOILM,2026-05-18,9686.0,9686.0,8371.0,9022.0,9699.0,428862,36179
2026-05-06,CRUDEOILM,2026-06-18,9370.0,9370.0,8199.0,8725.0,9395.0,104355,11376
2026-05-06,CRUDEOILM,2026-07-20,8934.0,8978.0,7979.0,8423.0,9066.0,15067,3152
2026-05-06,CRUDEOILM,2026-08-19,8667.0,8711.0,7798.0,8266.0,8785.0,427,191
2026-05-06,CRUDEOILM,2026-09-21,8224.0,8323.0,8053.0,8200.0,8566.0,3,2
2026-05-06,CRUDEOILM,2026-10-19,0.0,0.0,0.0,8243.0,8243.0,0,0
2026-05-07,CRUDEOIL,2026-05-18,9087.0,9193.0,8476.0,9065.0,9017.0,122448,10357
2026-05-07,CRUDEOIL,2026-06-18,8767.0,8873.0,8226.0,8769.0,8724.0,18083,4553
2026-05-07,CRUDEOIL,2026-07-20,8466.0,8549.0,7971.0,8450.0,8420.0,1776,1059
2026-05-07,CRUDEOIL,2026-08-19,8239.0,8239.0,8239.0,8239.0,8582.0,1,3
2026-05-07,CRUDEOIL,2026-09-21,0.0,0.0,0.0,8030.0,8030.0,0,0
2026-05-07,CRUDEOIL,2026-10-19,0.0,0.0,0.0,7758.0,7758.0,0,0
2026-05-07,CRUDEOILM,2026-05-18,9069.0,9195.0,8481.0,9064.0,9022.0,341996,33986
2026-05-07,CRUDEOILM,2026-06-18,8768.0,8900.0,8225.0,8762.0,8725.0,81347,13004
2026-05-07,CRUDEOILM,2026-07-20,8459.0,8535.0,7973.0,8446.0,8423.0,11487,3489
2026-05-07,CRUDEOILM,2026-08-19,8315.0,8395.0,7920.0,8304.0,8266.0,310,196
2026-05-07,CRUDEOILM,2026-09-21,0.0,0.0,0.0,8200.0,8200.0,0,2
2026-05-07,CRUDEOILM,2026-10-19,0.0,0.0,0.0,7758.0,7758.0,0,0
2026-05-08,CRUDEOIL,2026-05-18,9044.0,9137.0,8866.0,9024.0,9065.0,60052,10446
2026-05-08,CRUDEOIL,2026-06-18,8754.0,8800.0,8580.0,8734.0,8769.0,9877,4816
2026-05-08,CRUDEOIL,2026-07-20,8421.0,8465.0,8260.0,8417.0,8450.0,814,1110
2026-05-08,CRUDEOIL,2026-08-19,8300.0,8300.0,8184.0,8242.0,8239.0,3,6
2026-05-08,CRUDEOIL,2026-09-21,0.0,0.0,0.0,7986.0,7986.0,0,0
2026-05-08,CRUDEOIL,2026-10-19,0.0,0.0,0.0,7713.0,7713.0,0,0
2026-05-08,CRUDEOILM,2026-05-18,9079.0,9137.0,8867.0,9026.0,9064.0,211440,34469
2026-05-08,CRUDEOILM,2026-06-18,8759.0,8804.0,8555.0,8733.0,8762.0,36050,14011
2026-05-08,CRUDEOILM,2026-07-20,8435.0,8466.0,8269.0,8419.0,8446.0,5956,3640
2026-05-08,CRUDEOILM,2026-08-19,8251.0,8351.0,8164.0,8266.0,8304.0,200,247
2026-05-08,CRUDEOILM,2026-09-21,8140.0,8140.0,8136.0,8139.0,7986.0,3,3
2026-05-08,CRUDEOILM,2026-10-19,0.0,0.0,0.0,7713.0,7713.0,0,0
2026-05-11,CRUDEOIL,2026-05-18,9384.0,9562.0,9158.0,9376.0,9024.0,71822,10829
2026-05-11,CRUDEOIL,2026-06-18,9083.0,9235.0,8900.0,9114.0,8734.0,12911,5643
2026-05-11,CRUDEOIL,2026-07-20,8753.0,8900.0,8608.0,8803.0,8417.0,1160,1094
2026-05-11,CRUDEOIL,2026-08-19,8571.0,8675.0,8491.0,8569.0,8242.0,17,5
2026-05-11,CRUDEOIL,2026-09-21,0.0,0.0,0.0,8038.0,8038.0,0,0
2026-05-11,CRUDEOIL,2026-10-19,0.0,0.0,0.0,7795.0,7795.0,0,0
2026-05-11,CRUDEOILM,2026-05-18,9170.0,9567.0,9155.0,9377.0,9026.0,247579,36691
2026-05-11,CRUDEOILM,2026-06-18,8850.0,9252.0,8850.0,9115.0,8733.0,52213,15513
2026-05-11,CRUDEOILM,2026-07-20,8465.0,8924.0,8465.0,8810.0,8419.0,7630,3551
2026-05-11,CRUDEOILM,2026-08-19,8515.0,8685.0,8450.0,8636.0,8266.0,544,263
2026-05-11,CRUDEOILM,2026-09-21,0.0,0.0,0.0,8139.0,8139.0,0,3
2026-05-11,CRUDEOILM,2026-10-19,0.0,0.0,0.0,7795.0,7795.0,0,0
2026-05-12,CRUDEOIL,2026-05-18,9457.0,9792.0,9419.0,9723.0,9376.0,45998,11681
2026-05-12,CRUDEOIL,2026-06-18,9190.0,9518.0,9142.0,9441.0,9114.0,12301,6159
2026-05-12,CRUDEOIL,2026-07-20,8863.0,9164.0,8823.0,9090.0,8803.0,1177,991
2026-05-12,CRUDEOIL,2026-08-19,8693.0,8910.0,8693.0,8855.0,8569.0,13,6
2026-05-12,CRUDEOIL,2026-09-21,0.0,0.0,0.0,8377.0,8377.0,0,0
2026-05-12,CRUDEOIL,2026-10-19,0.0,0.0,0.0,8127.0,8127.0,0,0
2026-05-12,CRUDEOILM,2026-05-18,9476.0,9792.0,9419.0,9723.0,9377.0,149839,39023
2026-05-12,CRUDEOILM,2026-06-18,9184.0,9520.0,9141.0,9443.0,9115.0,49972,18634
2026-05-12,CRUDEOILM,2026-07-20,8984.0,9161.0,8814.0,9092.0,8810.0,8809,3550
2026-05-12,CRUDEOILM,2026-08-19,8695.0,8924.0,8635.0,8908.0,8636.0,547,319
2026-05-12,CRUDEOILM,2026-09-21,8377.0,8712.0,8377.0,8638.0,8377.0,6,3
2026-05-12,CRUDEOILM,2026-10-19,0.0,0.0,0.0,8127.0,8127.0,0,0
2026-05-13,CRUDEOIL,2026-05-18,9673.0,9955.0,9614.0,9711.0,9723.0,34689,9273
2026-05-13,CRUDEOIL,2026-06-18,9356.0,9525.0,9268.0,9355.0,9441.0,14682,6998
2026-05-13,CRUDEOIL,2026-07-20,9059.0,9135.0,8906.0,8984.0,9090.0,1002,1019
2026-05-13,CRUDEOIL,2026-08-19,8951.0,8951.0,8705.0,8784.0,8855.0,23,18
2026-05-13,CRUDEOIL,2026-09-21,0.0,0.0,0.0,8642.0,8642.0,0,0
2026-05-13,CRUDEOIL,2026-10-19,0.0,0.0,0.0,8361.0,8361.0,0,0
2026-05-13,CRUDEOILM,2026-05-18,9699.0,9944.0,9612.0,9711.0,9723.0,133952,32806
2026-05-13,CRUDEOILM,2026-06-18,9351.0,9525.0,9281.0,9357.0,9443.0,46614,19816
2026-05-13,CRUDEOILM,2026-07-20,8979.0,9139.0,8910.0,8987.0,9092.0,6215,3652
2026-05-13,CRUDEOILM,2026-08-19,8850.0,8947.0,8697.0,8721.0,8908.0,558,374
2026-05-13,CRUDEOILM,2026-09-21,0.0,0.0,0.0,8638.0,8638.0,0,3
2026-05-13,CRUDEOILM,2026-10-19,0.0,0.0,0.0,8361.0,8361.0,0,0
2026-05-14,CRUDEOIL,2026-05-18,9706.0,9804.0,9516.0,9724.0,9711.0,52614,9605
2026-05-14,CRUDEOIL,2026-06-18,9329.0,9441.0,9110.0,9350.0,9355.0,22176,8153
2026-05-14,CRUDEOIL,2026-07-20,8921.0,9065.0,8760.0,8959.0,8984.0,1189,1090
2026-05-14,CRUDEOIL,2026-08-19,8700.0,8730.0,8524.0,8644.0,8784.0,11,21
2026-05-14,CRUDEOIL,2026-09-21,0.0,0.0,0.0,8528.0,8528.0,0,0
2026-05-14,CRUDEOIL,2026-10-19,0.0,0.0,0.0,8234.0,8234.0,0,0
2026-05-14,CRUDEOILM,2026-05-18,9689.0,9805.0,9511.0,9725.0,9711.0,157881,32299
2026-05-14,CRUDEOILM,2026-06-18,9351.0,9443.0,9138.0,9348.0,9357.0,69551,23006
2026-05-14,CRUDEOILM,2026-07-20,8981.0,9069.0,8772.0,8959.0,8987.0,7689,4118
2026-05-14,CRUDEOILM,2026-08-19,8722.0,8796.0,8512.0,8690.0,8721.0,578,411
2026-05-14,CRUDEOILM,2026-09-21,0.0,0.0,0.0,8528.0,8528.0,0,3
2026-05-14,CRUDEOILM,2026-10-19,0.0,0.0,0.0,8234.0,8234.0,0,0
2026-05-15,CRUDEOIL,2026-05-18,9811.0,10149.0,9807.0,10080.0,9724.0,24623,8912
2026-05-15,CRUDEOIL,2026-06-18,9458.0,9743.0,9440.0,9685.0,9350.0,32293,9994
2026-05-15,CRUDEOIL,2026-07-20,9047.0,9300.0,9047.0,9254.0,8959.0,2207,1298
2026-05-15,CRUDEOIL,2026-08-19,8780.0,8944.0,8728.0,8891.0,8644.0,51,41
2026-05-15,CRUDEOIL,2026-09-21,0.0,0.0,0.0,8518.0,8518.0,0,0
2026-05-15,CRUDEOIL,2026-10-19,0.0,0.0,0.0,8215.0,8215.0,0,0
2026-05-15,CRUDEOILM,2026-05-18,9818.0,10147.0,9803.0,10081.0,9725.0,74331,26961
2026-05-15,CRUDEOILM,2026-06-18,9450.0,9743.0,9438.0,9686.0,9348.0,96848,30474
2026-05-15,CRUDEOILM,2026-07-20,9063.0,9298.0,9043.0,9253.0,8959.0,11745,4553
2026-05-15,CRUDEOILM,2026-08-19,8867.0,8972.0,8702.0,8916.0,8690.0,820,440
2026-05-15,CRUDEOILM,2026-09-21,8803.0,8888.0,8728.0,8808.0,8518.0,9,8
2026-05-15,CRUDEOILM,2026-10-19,0.0,0.0,0.0,8215.0,8215.0,0,0
2026-05-18,CRUDEOIL,2026-05-18,10302.0,10444.0,9889.0,10322.0,10080.0,19258,6142
2026-05-18,CRUDEOIL,2026-06-18,9911.0,9998.0,9506.0,9924.0,9685.0,67122,15318
2026-05-18,CRUDEOIL,2026-07-20,9502.0,9600.0,9129.0,9505.0,9254.0,3525,1401
2026-05-18,CRUDEOIL,2026-08-19,9131.0,9246.0,8801.0,9146.0,8891.0,354,135
2026-05-18,CRUDEOIL,2026-09-21,0.0,0.0,0.0,8784.0,8784.0,0,0
2026-05-18,CRUDEOIL,2026-10-19,0.0,0.0,0.0,8450.0,8450.0,0,0
2026-05-18,CRUDEOILM,2026-05-18,10301.0,10440.0,9892.0,10328.0,10081.0,66497,16310
2026-05-18,CRUDEOILM,2026-06-18,9907.0,9995.0,9505.0,9922.0,9686.0,198327,42043
2026-05-18,CRUDEOILM,2026-07-20,9310.0,9573.0,9120.0,9505.0,9253.0,17913,6243
2026-05-18,CRUDEOILM,2026-08-19,9037.0,9270.0,8801.0,9142.0,8916.0,2088,861
2026-05-18,CRUDEOILM,2026-09-21,9074.0,9089.0,8839.0,9006.0,8808.0,10,10
2026-05-18,CRUDEOILM,2026-10-19,0.0,0.0,0.0,8450.0,8450.0,0,0
2026-05-19,CRUDEOIL,2026-06-18,9919.0,10150.0,9901.0,10027.0,9924.0,43439,16405
2026-05-19,CRUDEOIL,2026-07-20,9499.0,9714.0,9467.0,9601.0,9505.0,2750,1448
2026-05-19,CRUDEOIL,2026-08-19,9107.0,9324.0,9080.0,9230.0,9146.0,347,204
2026-05-19,CRUDEOIL,2026-09-21,0.0,0.0,0.0,9014.0,9014.0,0,0
2026-05-19,CRUDEOIL,2026-10-19,0.0,0.0,0.0,8653.0,8653.0,0,0
2026-05-19,CRUDEOIL,2026-11-19,0.0,0.0,0.0,8194.0,8194.0,0,0
2026-05-19,CRUDEOILM,2026-06-18,9800.0,10150.0,9800.0,10029.0,9922.0,162021,47437
2026-05-19,CRUDEOILM,2026-07-20,9494.0,9718.0,9461.0,9604.0,9505.0,13684,7022
2026-05-19,CRUDEOILM,2026-08-19,9134.0,9323.0,9075.0,9222.0,9142.0,3030,1220
2026-05-19,CRUDEOILM,2026-09-21,9054.0,9228.0,8959.0,9171.0,9006.0,17,17
2026-05-19,CRUDEOILM,2026-10-19,0.0,0.0,0.0,8653.0,8653.0,0,0
2026-05-19,CRUDEOILM,2026-11-19,0.0,0.0,0.0,8194.0,8194.0,0,0
2026-05-20,CRUDEOIL,2026-06-18,10083.0,10104.0,9387.0,9463.0,10027.0,101705,13541
2026-05-20,CRUDEOIL,2026-07-20,9658.0,9673.0,9026.0,9128.0,9601.0,4699,1398
2026-05-20,CRUDEOIL,2026-08-19,9291.0,9296.0,8700.0,8804.0,9230.0,475,337
2026-05-20,CRUDEOIL,2026-09-21,8675.0,8849.0,8494.0,8632.0,9036.0,11,3
2026-05-20,CRUDEOIL,2026-10-19,0.0,0.0,0.0,8647.0,8647.0,0,0
2026-05-20,CRUDEOIL,2026-11-19,0.0,0.0,0.0,8338.0,8338.0,0,0
2026-05-20,CRUDEOILM,2026-06-18,10090.0,10107.0,9390.0,9457.0,10029.0,283990,36548
2026-05-20,CRUDEOILM,2026-07-20,9681.0,9681.0,9028.0,9120.0,9604.0,28807,6753
2026-05-20,CRUDEOILM,2026-08-19,9271.0,9291.0,8708.0,8807.0,9222.0,3742,1583
2026-05-20,CRUDEOILM,2026-09-21,9106.0,9106.0,9048.0,9076.0,9171.0,3,18
2026-05-20,CRUDEOILM,2026-10-19,0.0,0.0,0.0,8647.0,8647.0,0,0
2026-05-20,CRUDEOILM,2026-11-19,0.0,0.0,0.0,8338.0,8338.0,0,0
2026-05-21,CRUDEOIL,2026-06-18,9599.0,9911.0,9211.0,9342.0,9463.0,112935,14227
2026-05-21,CRUDEOIL,2026-07-20,9216.0,9545.0,8940.0,9042.0,9128.0,6600,1630
2026-05-21,CRUDEOIL,2026-08-19,8900.0,9191.0,8672.0,8766.0,8804.0,638,403
2026-05-21,CRUDEOIL,2026-09-21,0.0,0.0,0.0,8632.0,8632.0,0,3
2026-05-21,CRUDEOIL,2026-10-19,0.0,0.0,0.0,8374.0,8374.0,0,0
2026-05-21,CRUDEOIL,2026-11-19,0.0,0.0,0.0,8106.0,8106.0,0,0
2026-05-21,CRUDEOILM,2026-06-18,9599.0,9908.0,9212.0,9339.0,9457.0,315401,33550
2026-05-21,CRUDEOILM,2026-07-20,9222.0,9547.0,8940.0,9045.0,9120.0,33451,6638
2026-05-21,CRUDEOILM,2026-08-19,8882.0,9198.0,8680.0,8764.0,8807.0,5015,1861
2026-05-21,CRUDEOILM,2026-09-21,8840.0,8985.0,8582.0,8837.0,9076.0,18,22
2026-05-21,CRUDEOILM,2026-10-19,0.0,0.0,0.0,8374.0,8374.0,0,0
2026-05-21,CRUDEOILM,2026-11-19,8430.0,8430.0,8430.0,8430.0,8106.0,1,1
2026-05-22,CRUDEOIL,2026-06-18,9415.0,9555.0,9054.0,9168.0,9342.0,81024,14972
2026-05-22,CRUDEOIL,2026-07-20,9121.0,9257.0,8834.0,8893.0,9042.0,4992,1661
2026-05-22,CRUDEOIL,2026-08-19,8828.0,8962.0,8572.0,8642.0,8766.0,502,455
2026-05-22,CRUDEOIL,2026-09-21,8665.0,8675.0,8556.0,8597.0,8603.0,20,20
2026-05-22,CRUDEOIL,2026-10-19,0.0,0.0,0.0,8291.0,8291.0,0,0
2026-05-22,CRUDEOIL,2026-11-19,0.0,0.0,0.0,8026.0,8026.0,0,0
2026-05-22,CRUDEOILM,2026-06-18,9300.0,9555.0,9090.0,9168.0,9339.0,271496,31135
2026-05-22,CRUDEOILM,2026-07-20,9120.0,9255.0,8831.0,8903.0,9045.0,26192,6867
2026-05-22,CRUDEOILM,2026-08-19,8700.0,8968.0,8570.0,8633.0,8764.0,3179,2247
2026-05-22,CRUDEOILM,2026-09-21,8712.0,8800.0,8485.0,8572.0,8837.0,13,19
2026-05-22,CRUDEOILM,2026-10-19,8622.0,8622.0,8005.0,8314.0,8291.0,2,0
2026-05-22,CRUDEOILM,2026-11-19,0.0,0.0,0.0,8430.0,8430.0,0,1
2026-05-25,CRUDEOIL,2026-06-18,8802.0,8880.0,8568.0,8626.0,9168.0,69479,11810
2026-05-25,CRUDEOIL,2026-07-20,8538.0,8640.0,8364.0,8426.0,8893.0,4701,2055
2026-05-25,CRUDEOIL,2026-08-19,8297.0,8419.0,8175.0,8236.0,8642.0,639,676
2026-05-25,CRUDEOIL,2026-09-21,8254.0,8254.0,8247.0,8251.0,8597.0,2,21
2026-05-25,CRUDEOIL,2026-10-19,0.0,0.0,0.0,8212.0,8212.0,0,0
2026-05-25,CRUDEOIL,2026-11-19,0.0,0.0,0.0,7954.0,7954.0,0,0
2026-05-25,CRUDEOILM,2026-06-18,9088.0,9088.0,8569.0,8627.0,9168.0,216017,32849
2026-05-25,CRUDEOILM,2026-07-20,8772.0,8772.0,8370.0,8427.0,8903.0,22732,7484
2026-05-25,CRUDEOILM,2026-08-19,8288.0,8432.0,8164.0,8237.0,8633.0,3936,2351
2026-05-25,CRUDEOILM,2026-09-21,8230.0,8276.0,8119.0,8216.0,8572.0,18,25
2026-05-25,CRUDEOILM,2026-10-19,0.0,0.0,0.0,8314.0,8314.0,0,0
2026-05-25,CRUDEOILM,2026-11-19,0.0,0.0,0.0,7954.0,7954.0,0,1
2026-05-26,CRUDEOIL,2026-06-18,8778.0,9089.0,8749.0,9014.0,8626.0,62628,11419
2026-05-26,CRUDEOIL,2026-07-20,8506.0,8821.0,8502.0,8747.0,8426.0,5065,2134
2026-05-26,CRUDEOIL,2026-08-19,8340.0,8582.0,8335.0,8488.0,8236.0,589,754
2026-05-26,CRUDEOIL,2026-09-21,0.0,0.0,0.0,8251.0,8251.0,0,21
2026-05-26,CRUDEOIL,2026-10-19,0.0,0.0,0.0,8148.0,8148.0,0,0
2026-05-26,CRUDEOIL,2026-11-19,0.0,0.0,0.0,7892.0,7892.0,0,0
2026-05-26,CRUDEOILM,2026-06-18,8774.0,9088.0,8746.0,9016.0,8627.0,226774,32010
2026-05-26,CRUDEOILM,2026-07-20,8573.0,8833.0,8530.0,8747.0,8427.0,24273,7869
2026-05-26,CRUDEOILM,2026-08-19,8334.0,8609.0,8322.0,8490.0,8237.0,4388,2524
2026-05-26,CRUDEOILM,2026-09-21,8251.0,8460.0,8250.0,8349.0,8216.0,11,20
2026-05-26,CRUDEOILM,2026-10-19,0.0,0.0,0.0,8148.0,8148.0,0,0
2026-05-26,CRUDEOILM,2026-11-19,8206.0,8206.0,7608.0,7812.0,7892.0,3,2
2026-05-27,CRUDEOIL,2026-06-18,8847.0,8865.0,8474.0,8600.0,9014.0,88374,12071
2026-05-27,CRUDEOIL,2026-07-20,8593.0,8600.0,8223.0,8385.0,8747.0,5812,2366
2026-05-27,CRUDEOIL,2026-08-19,8306.0,8364.0,8048.0,8202.0,8488.0,786,807
2026-05-27,CRUDEOIL,2026-09-21,8352.0,8352.0,8130.0,8208.0,8344.0,3,21
2026-05-27,CRUDEOIL,2026-10-19,0.0,0.0,0.0,8069.0,8069.0,0,0
2026-05-27,CRUDEOIL,2026-11-19,0.0,0.0,0.0,7850.0,7850.0,0,0
2026-05-27,CRUDEOILM,2026-06-18,8920.0,8920.0,8476.0,8602.0,9016.0,280206,35993
2026-05-27,CRUDEOILM,2026-07-20,8579.0,8604.0,8223.0,8389.0,8747.0,29871,8448
2026-05-27,CRUDEOILM,2026-08-19,8322.0,8366.0,8050.0,8197.0,8490.0,4304,2945
2026-05-27,CRUDEOILM,2026-09-21,8250.0,8280.0,8031.0,8137.0,8349.0,14,23
2026-05-27,CRUDEOILM,2026-10-19,8336.0,8336.0,7747.0,8094.0,8069.0,3,1
2026-05-27,CRUDEOILM,2026-11-19,7500.0,8193.0,7500.0,7995.0,7812.0,10,1
2026-05-28,CRUDEOIL,2026-06-18,8838.0,8900.0,8409.0,8537.0,8600.0,68561,12658
2026-05-28,CRUDEOIL,2026-07-20,8520.0,8625.0,8105.0,8378.0,8385.0,4718,2423
2026-05-28,CRUDEOIL,2026-08-19,8373.0,8432.0,8001.0,8220.0,8202.0,649,786
2026-05-28,CRUDEOIL,2026-09-21,0.0,0.0,0.0,8208.0,8208.0,0,21
2026-05-28,CRUDEOIL,2026-10-19,0.0,0.0,0.0,7830.0,7830.0,0,0
2026-05-28,CRUDEOIL,2026-11-19,0.0,0.0,0.0,7655.0,7655.0,0,0
2026-05-28,CRUDEOILM,2026-06-18,8650.0,8848.0,8413.0,8539.0,8602.0,189942,38800
2026-05-28,CRUDEOILM,2026-07-20,8571.0,8627.0,8140.0,8379.0,8389.0,20969,8548
2026-05-28,CRUDEOILM,2026-08-19,8350.0,8434.0,7978.0,8219.0,8197.0,3775,2974
2026-05-28,CRUDEOILM,2026-09-21,8308.0,8308.0,8080.0,8170.0,8137.0,14,27
2026-05-28,CRUDEOILM,2026-10-19,8073.0,8073.0,8073.0,8073.0,8094.0,1,1
2026-05-28,CRUDEOILM,2026-11-19,7995.0,7995.0,7715.0,7902.0,7995.0,3,0
2026-05-29,CRUDEOIL,2026-06-18,8460.0,8529.0,8205.0,8281.0,8537.0,77015,12393
2026-05-29,CRUDEOIL,2026-07-20,8275.0,8378.0,8053.0,8135.0,8378.0,6027,2368
2026-05-29,CRUDEOIL,2026-08-19,8150.0,8220.0,7938.0,8012.0,8220.0,867,864
2026-05-29,CRUDEOIL,2026-09-21,7992.0,7992.0,7992.0,7992.0,8105.0,1,21
2026-05-29,CRUDEOIL,2026-10-19,0.0,0.0,0.0,7919.0,7919.0,0,0
2026-05-29,CRUDEOIL,2026-11-19,0.0,0.0,0.0,7757.0,7757.0,0,0
2026-05-29,CRUDEOILM,2026-06-18,8421.0,8529.0,8210.0,8281.0,8539.0,280039,34497
2026-05-29,CRUDEOILM,2026-07-20,8269.0,8378.0,8067.0,8143.0,8379.0,28028,10062
2026-05-29,CRUDEOILM,2026-08-19,8126.0,8232.0,7932.0,8009.0,8219.0,5826,3368
2026-05-29,CRUDEOILM,2026-09-21,8050.0,8135.0,7901.0,7979.0,8170.0,36,30
2026-05-29,CRUDEOILM,2026-10-19,0.0,0.0,0.0,8073.0,8073.0,0,1
2026-05-29,CRUDEOILM,2026-11-19,0.0,0.0,0.0,7902.0,7902.0,0,0
2026-06-01,CRUDEOIL,2026-06-18,8565.0,9026.0,8494.0,8736.0,8281.0,110635,9423
2026-06-01,CRUDEOIL,2026-07-20,8376.0,8803.0,8332.0,8536.0,8135.0,10188,2404
2026-06-01,CRUDEOIL,2026-08-19,8225.0,8558.0,8174.0,8311.0,8012.0,1716,1058
2026-06-01,CRUDEOIL,2026-09-21,8220.0,8304.0,8165.0,8230.0,7992.0,6,23
2026-06-01,CRUDEOIL,2026-10-19,0.0,0.0,0.0,7738.0,7738.0,0,0
2026-06-01,CRUDEOIL,2026-11-19,0.0,0.0,0.0,7589.0,7589.0,0,0
2026-06-01,CRUDEOILM,2026-06-18,8541.0,9026.0,8494.0,8741.0,8281.0,338577,26726
2026-06-01,CRUDEOILM,2026-07-20,8340.0,8800.0,8320.0,8540.0,8143.0,43415,9611
2026-06-01,CRUDEOILM,2026-08-19,8243.0,8559.0,8173.0,8305.0,8009.0,7380,3486
2026-06-01,CRUDEOILM,2026-09-21,8129.0,8482.0,8100.0,8286.0,7979.0,240,103
2026-06-01,CRUDEOILM,2026-10-19,0.0,0.0,0.0,7738.0,7738.0,0,1
2026-06-01,CRUDEOILM,2026-11-19,0.0,0.0,0.0,7589.0,7589.0,0,0
2026-06-02,CRUDEOIL,2026-06-18,8728.0,8977.0,8600.0,8950.0,8736.0,53312,10979
2026-06-02,CRUDEOIL,2026-07-20,8491.0,8707.0,8380.0,8688.0,8536.0,5163,2416
2026-06-02,CRUDEOIL,2026-08-19,8311.0,8458.0,8179.0,8442.0,8311.0,1299,888
2026-06-02,CRUDEOIL,2026-09-21,8171.0,8300.0,8125.0,8192.0,8230.0,7,22
2026-06-02,CRUDEOIL,2026-10-19,0.0,0.0,0.0,7952.0,7952.0,0,0
2026-06-02,CRUDEOIL,2026-11-19,0.0,0.0,0.0,7758.0,7758.0,0,0
2026-06-02,CRUDEOILM,2026-06-18,8800.0,8975.0,8601.0,8952.0,8741.0,195131,30464
2026-06-02,CRUDEOILM,2026-07-20,8474.0,8716.0,8384.0,8687.0,8540.0,26792,10130
2026-06-02,CRUDEOILM,2026-08-19,8349.0,8460.0,8184.0,8437.0,8305.0,4329,3540
2026-06-02,CRUDEOILM,2026-09-21,8206.0,8341.0,8100.0,8306.0,8286.0,129,119
2026-06-02,CRUDEOILM,2026-10-19,0.0,0.0,0.0,7952.0,7952.0,0,1
2026-06-02,CRUDEOILM,2026-11-19,0.0,0.0,0.0,7758.0,7758.0,0,0
2026-06-03,CRUDEOIL,2026-06-18,9044.0,9290.0,9036.0,9240.0,8950.0,68209,12952
2026-06-03,CRUDEOIL,2026-07-20,8766.0,8991.0,8762.0,8967.0,8688.0,6060,2791
2026-06-03,CRUDEOIL,2026-08-19,8514.0,8714.0,8504.0,8697.0,8442.0,718,771
2026-06-03,CRUDEOIL,2026-09-21,8468.0,8579.0,8468.0,8529.0,8192.0,5,21
2026-06-03,CRUDEOIL,2026-10-19,0.0,0.0,0.0,8049.0,8049.0,0,0
2026-06-03,CRUDEOIL,2026-11-19,0.0,0.0,0.0,7856.0,7856.0,0,0
2026-06-03,CRUDEOILM,2026-06-18,8999.0,9290.0,8980.0,9240.0,8952.0,247113,36001
2026-06-03,CRUDEOILM,2026-07-20,8749.0,8992.0,8710.0,8965.0,8687.0,32020,10971
2026-06-03,CRUDEOILM,2026-08-19,8506.0,8710.0,8500.0,8690.0,8437.0,5300,3488
2026-06-03,CRUDEOILM,2026-09-21,8438.0,8619.0,8398.0,8587.0,8306.0,195,157
2026-06-03,CRUDEOILM,2026-10-19,0.0,0.0,0.0,8049.0,8049.0,0,1
2026-06-03,CRUDEOILM,2026-11-19,0.0,0.0,0.0,7856.0,7856.0,0,0
2026-06-04,CRUDEOIL,2026-06-18,9117.0,9179.0,8810.0,8842.0,9240.0,62872,10070
2026-06-04,CRUDEOIL,2026-07-20,8831.0,8901.0,8587.0,8614.0,8967.0,5393,2558
2026-06-04,CRUDEOIL,2026-08-19,8614.0,8630.0,8375.0,8408.0,8697.0,728,987
2026-06-04,CRUDEOIL,2026-09-21,8456.0,8456.0,8264.0,8331.0,8529.0,30,32
2026-06-04,CRUDEOIL,2026-10-19,0.0,0.0,0.0,8292.0,8292.0,0,0
2026-06-04,CRUDEOIL,2026-11-19,0.0,0.0,0.0,8072.0,8072.0,0,0
2026-06-04,CRUDEOILM,2026-06-18,9110.0,9176.0,8809.0,8840.0,9240.0,216342,28874
2026-06-04,CRUDEOILM,2026-07-20,8855.0,8905.0,8583.0,8619.0,8965.0,26707,10404
2026-06-04,CRUDEOILM,2026-08-19,8600.0,8632.0,8366.0,8404.0,8690.0,4687,3689
2026-06-04,CRUDEOILM,2026-09-21,8501.0,8546.0,8251.0,8274.0,8587.0,258,157
2026-06-04,CRUDEOILM,2026-10-19,8105.0,8198.0,8105.0,8167.0,8292.0,3,2
2026-06-04,CRUDEOILM,2026-11-19,0.0,0.0,0.0,8072.0,8072.0,0,0
2026-06-05,CRUDEOIL,2026-06-18,8930.0,8952.0,8572.0,8614.0,8842.0,57507,10572
2026-06-05,CRUDEOIL,2026-07-20,8680.0,8710.0,8385.0,8421.0,8614.0,5318,2741
2026-06-05,CRUDEOIL,2026-08-19,8517.0,8518.0,8200.0,8234.0,8408.0,796,1191
2026-06-05,CRUDEOIL,2026-09-21,8217.0,8217.0,8112.0,8181.0,8331.0,3,31
2026-06-05,CRUDEOIL,2026-10-19,0.0,0.0,0.0,8034.0,8034.0,0,0
2026-06-05,CRUDEOIL,2026-11-19,0.0,0.0,0.0,7833.0,7833.0,0,0
2026-06-05,CRUDEOILM,2026-06-18,8899.0,8971.0,8573.0,8616.0,8840.0,195493,28441
2026-06-05,CRUDEOILM,2026-07-20,8702.0,8718.0,8384.0,8423.0,8619.0,30533,10989
2026-06-05,CRUDEOILM,2026-08-19,8487.0,8490.0,8201.0,8236.0,8404.0,4772,3947
2026-06-05,CRUDEOILM,2026-09-21,8315.0,8354.0,8085.0,8105.0,8274.0,152,164
2026-06-05,CRUDEOILM,2026-10-19,8105.0,8180.0,7950.0,8078.0,8167.0,3,1
2026-06-05,CRUDEOILM,2026-11-19,0.0,0.0,0.0,7833.0,7833.0,0,0
2026-06-08,CRUDEOIL,2026-06-18,8770.0,9130.0,8655.0,8707.0,8614.0,83846,9755
2026-06-08,CRUDEOIL,2026-07-20,8738.0,8915.0,8501.0,8566.0,8421.0,9928,2527
2026-06-08,CRUDEOIL,2026-08-19,8528.0,8681.0,8320.0,8416.0,8234.0,1289,892
2026-06-08,CRUDEOIL,2026-09-21,8334.0,8458.0,8193.0,8297.0,8181.0,35,26
2026-06-08,CRUDEOIL,2026-10-19,0.0,0.0,0.0,7891.0,7891.0,0,0
2026-06-08,CRUDEOIL,2026-11-19,0.0,0.0,0.0,7710.0,7710.0,0,0
2026-06-08,CRUDEOILM,2026-06-18,8802.0,9132.0,8655.0,8708.0,8616.0,245080,27193
2026-06-08,CRUDEOILM,2026-07-20,8631.0,8910.0,8500.0,8570.0,8423.0,52209,11353
2026-06-08,CRUDEOILM,2026-08-19,8550.0,8679.0,8321.0,8416.0,8236.0,7241,3721
2026-06-08,CRUDEOILM,2026-09-21,8421.0,8498.0,8142.0,8266.0,8105.0,237,196
2026-06-08,CRUDEOILM,2026-10-19,0.0,0.0,0.0,8078.0,8078.0,0,1
2026-06-08,CRUDEOILM,2026-11-19,0.0,0.0,0.0,7710.0,7710.0,0,0
2026-06-09,CRUDEOIL,2026-06-18,8626.0,8679.0,8212.0,8421.0,8707.0,96787,11725
2026-06-09,CRUDEOIL,2026-07-20,8453.0,8524.0,8126.0,8317.0,8566.0,10308,3602
2026-06-09,CRUDEOIL,2026-08-19,8154.0,8359.0,8007.0,8188.0,8416.0,1162,986
2026-06-09,CRUDEOIL,2026-09-21,8200.0,8200.0,7970.0,8032.0,8297.0,17,28
2026-06-09,CRUDEOIL,2026-10-19,0.0,0.0,0.0,8114.0,8114.0,0,0
2026-06-09,CRUDEOIL,2026-11-19,0.0,0.0,0.0,7942.0,7942.0,0,0
2026-06-09,CRUDEOILM,2026-06-18,8682.0,8682.0,8212.0,8418.0,8708.0,236295,34714
2026-06-09,CRUDEOILM,2026-07-20,8506.0,8529.0,8120.0,8314.0,8570.0,53592,13369
2026-06-09,CRUDEOILM,2026-08-19,8403.0,8403.0,8015.0,8191.0,8416.0,7507,4309
2026-06-09,CRUDEOILM,2026-09-21,8147.0,8228.0,7796.0,8028.0,8266.0,563,274
2026-06-09,CRUDEOILM,2026-10-19,7826.0,7955.0,7826.0,7869.0,8114.0,3,3
2026-06-09,CRUDEOILM,2026-11-19,0.0,0.0,0.0,7942.0,7942.0,0,0
2026-06-10,CRUDEOIL,2026-06-18,8505.0,8755.0,8336.0,8726.0,8421.0,78284,9148
2026-06-10,CRUDEOIL,2026-07-20,8400.0,8618.0,8234.0,8587.0,8317.0,10858,2884
2026-06-10,CRUDEOIL,2026-08-19,8295.0,8459.0,8115.0,8443.0,8188.0,1135,943
2026-06-10,CRUDEOIL,2026-09-21,8087.0,8232.0,8087.0,8138.0,8032.0,4,28
2026-06-10,CRUDEOIL,2026-10-19,0.0,0.0,0.0,7937.0,7937.0,0,0
2026-06-10,CRUDEOIL,2026-11-19,0.0,0.0,0.0,7796.0,7796.0,0,0
2026-06-10,CRUDEOILM,2026-06-18,8449.0,8750.0,8336.0,8723.0,8418.0,228532,26090
2026-06-10,CRUDEOILM,2026-07-20,8327.0,8614.0,8232.0,8588.0,8314.0,48140,12327
2026-06-10,CRUDEOILM,2026-08-19,8250.0,8465.0,8105.0,8434.0,8191.0,7482,3791
2026-06-10,CRUDEOILM,2026-09-21,8110.0,8300.0,7946.0,8272.0,8028.0,284,280
2026-06-10,CRUDEOILM,2026-10-19,8019.0,8183.0,8000.0,8063.0,7869.0,7,7
2026-06-10,CRUDEOILM,2026-11-19,0.0,0.0,0.0,7796.0,7796.0,0,0
2026-06-11,CRUDEOIL,2026-06-18,8775.0,8810.0,8272.0,8344.0,8726.0,81220,11505
2026-06-11,CRUDEOIL,2026-07-20,8648.0,8661.0,8170.0,8240.0,8587.0,14315,4158
2026-06-11,CRUDEOIL,2026-08-19,8484.0,8500.0,8080.0,8137.0,8443.0,1158,938
2026-06-11,CRUDEOIL,2026-09-21,8300.0,8300.0,7968.0,8126.0,8138.0,11,25
2026-06-11,CRUDEOIL,2026-10-19,0.0,0.0,0.0,8124.0,8124.0,0,0
2026-06-11,CRUDEOIL,2026-11-19,0.0,0.0,0.0,7965.0,7965.0,0,0
2026-06-11,CRUDEOILM,2026-06-18,8823.0,9013.0,8275.0,8344.0,8723.0,254024,30698
2026-06-11,CRUDEOILM,2026-07-20,8640.0,8900.0,8172.0,8245.0,8588.0,56445,14559
2026-06-11,CRUDEOILM,2026-08-19,8534.0,8652.0,8057.0,8139.0,8434.0,8666,4161
2026-06-11,CRUDEOILM,2026-09-21,8304.0,8361.0,7942.0,7999.0,8272.0,296,334
2026-06-11,CRUDEOILM,2026-10-19,8174.0,8270.0,7964.0,8151.0,8063.0,17,7
2026-06-11,CRUDEOILM,2026-11-19,0.0,0.0,0.0,7965.0,7965.0,0,0
2026-06-12,CRUDEOIL,2026-06-18,8011.0,8308.0,7910.0,8073.0,8344.0,67112,10448
2026-06-12,CRUDEOIL,2026-07-20,8157.0,8190.0,7805.0,7968.0,8240.0,18060,5100
2026-06-12,CRUDEOIL,2026-08-19,7980.0,8124.0,7729.0,7857.0,8137.0,1670,1082
2026-06-12,CRUDEOIL,2026-09-21,7972.0,7972.0,7700.0,7775.0,8126.0,15,31
2026-06-12,CRUDEOIL,2026-10-19,0.0,0.0,0.0,7899.0,7899.0,0,0
2026-06-12,CRUDEOIL,2026-11-19,0.0,0.0,0.0,7760.0,7760.0,0,0
2026-06-12,CRUDEOILM,2026-06-18,8268.0,8309.0,7912.0,8073.0,8344.0,236344,29831
2026-06-12,CRUDEOILM,2026-07-20,8193.0,8194.0,7821.0,7970.0,8245.0,79044,18295
2026-06-12,CRUDEOILM,2026-08-19,8089.0,8139.0,7722.0,7858.0,8139.0,14195,5049
2026-06-12,CRUDEOILM,2026-09-21,7955.0,7993.0,7659.0,7742.0,7999.0,763,390
2026-06-12,CRUDEOILM,2026-10-19,7900.0,7900.0,7825.0,7879.0,8151.0,17,17
2026-06-12,CRUDEOILM,2026-11-19,0.0,0.0,0.0,7760.0,7760.0,0,0
2026-06-15,CRUDEOIL,2026-06-18,7950.0,7950.0,7550.0,7618.0,8073.0,36843,10054
2026-06-15,CRUDEOIL,2026-07-20,7650.0,7650.0,7467.0,7522.0,7968.0,12600,5604
2026-06-15,CRUDEOIL,2026-08-19,7543.0,7543.0,7386.0,7448.0,7857.0,1081,1107
2026-06-15,CRUDEOIL,2026-09-21,7464.0,7464.0,7331.0,7358.0,7775.0,25,33
2026-06-15,CRUDEOIL,2026-10-19,0.0,0.0,0.0,7637.0,7637.0,0,0
2026-06-15,CRUDEOIL,2026-11-19,0.0,0.0,0.0,7496.0,7496.0,0,0
2026-06-15,CRUDEOILM,2026-06-18,7751.0,7751.0,7551.0,7621.0,8073.0,125540,21288
2026-06-15,CRUDEOILM,2026-07-20,7752.0,7752.0,7468.0,7525.0,7970.0,49209,19043
2026-06-15,CRUDEOILM,2026-08-19,7660.0,7660.0,7387.0,7451.0,7858.0,8102,5227
2026-06-15,CRUDEOILM,2026-09-21,7520.0,7521.0,7278.0,7363.0,7742.0,529,468
2026-06-15,CRUDEOILM,2026-10-19,7564.0,7564.0,7407.0,7461.0,7879.0,3,18
2026-06-15,CRUDEOILM,2026-11-19,7468.0,7468.0,7468.0,7468.0,7496.0,1,1
2026-06-16,CRUDEOIL,2026-06-18,7628.0,7649.0,7133.0,7175.0,7618.0,64681,12826
2026-06-16,CRUDEOIL,2026-07-20,7556.0,7559.0,7098.0,7124.0,7522.0,26264,8923
2026-06-16,CRUDEOIL,2026-08-19,7453.0,7477.0,7065.0,7102.0,7448.0,1915,1439
2026-06-16,CRUDEOIL,2026-09-21,7400.0,7400.0,7064.0,7088.0,7358.0,34,41
2026-06-16,CRUDEOIL,2026-10-19,0.0,0.0,0.0,7263.0,7263.0,0,0
2026-06-16,CRUDEOIL,2026-11-19,0.0,0.0,0.0,7157.0,7157.0,0,0
2026-06-16,CRUDEOILM,2026-06-18,7628.0,7650.0,7132.0,7175.0,7621.0,166436,24591
2026-06-16,CRUDEOILM,2026-07-20,7529.0,7575.0,7103.0,7127.0,7525.0,84907,29516
2026-06-16,CRUDEOILM,2026-08-19,7450.0,7475.0,7064.0,7108.0,7451.0,12738,6243
2026-06-16,CRUDEOILM,2026-09-21,7358.0,7400.0,7036.0,7091.0,7363.0,1337,583
2026-06-16,CRUDEOILM,2026-10-19,7273.0,7273.0,7170.0,7224.0,7461.0,6,21
2026-06-16,CRUDEOILM,2026-11-19,0.0,0.0,0.0,7468.0,7468.0,0,1
2026-06-17,CRUDEOIL,2026-06-18,7172.0,7528.0,7042.0,7212.0,7175.0,27525,6643
2026-06-17,CRUDEOIL,2026-07-20,7124.0,7470.0,7019.0,7158.0,7124.0,47805,8502
2026-06-17,CRUDEOIL,2026-08-19,7018.0,7386.0,7005.0,7127.0,7102.0,2783,1438
2026-06-17,CRUDEOIL,2026-09-21,7027.0,7331.0,6978.0,7069.0,7088.0,109,90
2026-06-17,CRUDEOIL,2026-10-19,0.0,0.0,0.0,7263.0,7263.0,0,0
2026-06-17,CRUDEOIL,2026-11-19,0.0,0.0,0.0,7157.0,7157.0,0,0
2026-06-17,CRUDEOILM,2026-06-18,7178.0,7516.0,6888.0,7212.0,7175.0,99348,23929
2026-06-17,CRUDEOILM,2026-07-20,7100.0,7437.0,6850.0,7162.0,7127.0,147657,29198
2026-06-17,CRUDEOILM,2026-08-19,7089.0,7392.0,7000.0,7126.0,7108.0,15170,6682
2026-06-17,CRUDEOILM,2026-09-21,7050.0,7333.0,6974.0,7054.0,7091.0,1194,816
2026-06-17,CRUDEOILM,2026-10-19,7045.0,7200.0,7015.0,7158.0,7224.0,22,34
2026-06-17,CRUDEOILM,2026-11-19,0.0,0.0,0.0,7468.0,7468.0,0,1
2026-06-18,CRUDEOIL,2026-06-18,7212.0,7212.0,6938.0,7107.0,7212.0,9692,5240
2026-06-18,CRUDEOIL,2026-07-20,7083.0,7116.0,6897.0,7054.0,7158.0,40641,10103
2026-06-18,CRUDEOIL,2026-08-19,7027.0,7079.0,6880.0,7003.0,7127.0,2499,1521
2026-06-18,CRUDEOIL,2026-09-21,6989.0,7032.0,6835.0,6954.0,7069.0,205,98
2026-06-18,CRUDEOIL,2026-10-19,0.0,0.0,0.0,6972.0,6972.0,0,0
2026-06-18,CRUDEOIL,2026-11-19,0.0,0.0,0.0,6891.0,6891.0,0,0
2026-06-18,CRUDEOILM,2026-06-18,7142.0,7151.0,6933.0,7108.0,7212.0,42692,19914
2026-06-18,CRUDEOILM,2026-07-20,7110.0,7114.0,6900.0,7054.0,7162.0,146920,33066
2026-06-18,CRUDEOILM,2026-08-19,7028.0,7079.0,6883.0,7006.0,7126.0,14727,7054
2026-06-18,CRUDEOILM,2026-09-21,6977.0,7068.0,6821.0,6957.0,7054.0,2315,1016
2026-06-18,CRUDEOILM,2026-10-19,6900.0,6979.0,6763.0,6834.0,7158.0,27,39
2026-06-18,CRUDEOILM,2026-11-19,0.0,0.0,0.0,6891.0,6891.0,0,1
2026-06-19,CRUDEOIL,2026-07-20,7100.0,7288.0,7100.0,7262.0,7054.0,44565,8875
2026-06-19,CRUDEOIL,2026-08-19,7094.0,7223.0,7068.0,7199.0,7003.0,2596,1476
2026-06-19,CRUDEOIL,2026-09-21,7042.0,7155.0,7021.0,7142.0,6954.0,307,149
2026-06-19,CRUDEOIL,2026-10-19,7002.0,7002.0,7002.0,7002.0,6870.0,1,1
2026-06-19,CRUDEOIL,2026-11-19,0.0,0.0,0.0,6795.0,6795.0,0,0
2026-06-19,CRUDEOIL,2026-12-18,0.0,0.0,0.0,6815.0,6815.0,0,0
2026-06-19,CRUDEOILM,2026-07-20,7099.0,7288.0,7099.0,7264.0,7054.0,171659,29093
2026-06-19,CRUDEOILM,2026-08-19,7065.0,7222.0,7065.0,7199.0,7006.0,15799,6964
2026-06-19,CRUDEOILM,2026-09-21,7033.0,7172.0,6992.0,7139.0,6957.0,3045,1233
2026-06-19,CRUDEOILM,2026-10-19,7019.0,7107.0,6951.0,7063.0,6834.0,20,40
2026-06-19,CRUDEOILM,2026-11-19,0.0,0.0,0.0,6795.0,6795.0,0,1
2026-06-19,CRUDEOILM,2026-12-18,0.0,0.0,0.0,6815.0,6815.0,0,0
2026-06-22,CRUDEOIL,2026-07-20,7195.0,7382.0,6959.0,6983.0,7262.0,42496,12278
2026-06-22,CRUDEOIL,2026-08-19,7137.0,7189.0,6927.0,6953.0,7199.0,2734,1802
2026-06-22,CRUDEOIL,2026-09-21,7063.0,7113.0,6908.0,6923.0,7142.0,201,166
2026-06-22,CRUDEOIL,2026-10-19,6936.0,6936.0,6936.0,6936.0,7002.0,1,0
2026-06-22,CRUDEOIL,2026-11-19,0.0,0.0,0.0,6809.0,6809.0,0,0
2026-06-22,CRUDEOIL,2026-12-18,0.0,0.0,0.0,6738.0,6738.0,0,0
2026-06-22,CRUDEOILM,2026-07-20,7204.0,7299.0,6959.0,6985.0,7264.0,154194,38876
2026-06-22,CRUDEOILM,2026-08-19,7251.0,7251.0,6930.0,6958.0,7199.0,15628,8217
2026-06-22,CRUDEOILM,2026-09-21,7169.0,7169.0,6904.0,6929.0,7139.0,2999,1437
2026-06-22,CRUDEOILM,2026-10-19,6954.0,7050.0,6800.0,6856.0,7063.0,57,36
2026-06-22,CRUDEOILM,2026-11-19,0.0,0.0,0.0,6809.0,6809.0,0,1
2026-06-22,CRUDEOILM,2026-12-18,0.0,0.0,0.0,6738.0,6738.0,0,0
2026-06-23,CRUDEOIL,2026-07-20,7002.0,7050.0,6903.0,6964.0,6983.0,33017,12738
2026-06-23,CRUDEOIL,2026-08-19,6964.0,7000.0,6869.0,6940.0,6953.0,1962,1825
2026-06-23,CRUDEOIL,2026-09-21,6930.0,6951.0,6840.0,6921.0,6923.0,132,171
2026-06-23,CRUDEOIL,2026-10-19,0.0,0.0,0.0,6936.0,6936.0,0,0
2026-06-23,CRUDEOIL,2026-11-19,0.0,0.0,0.0,6753.0,6753.0,0,0
2026-06-23,CRUDEOIL,2026-12-18,0.0,0.0,0.0,6696.0,6696.0,0,0
2026-06-23,CRUDEOILM,2026-07-20,7003.0,7048.0,6903.0,6963.0,6985.0,131307,35748
2026-06-23,CRUDEOILM,2026-08-19,6971.0,7003.0,6871.0,6939.0,6958.0,10961,8353
2026-06-23,CRUDEOILM,2026-09-21,6936.0,6962.0,6842.0,6918.0,6929.0,2418,1369
2026-06-23,CRUDEOILM,2026-10-19,6840.0,6872.0,6823.0,6840.0,6856.0,6,34
2026-06-23,CRUDEOILM,2026-11-19,0.0,0.0,0.0,6753.0,6753.0,0,1
2026-06-23,CRUDEOILM,2026-12-18,0.0,0.0,0.0,6696.0,6696.0,0,0
2026-06-24,CRUDEOIL,2026-07-20,6898.0,6958.0,6604.0,6669.0,6964.0,42795,15738
2026-06-24,CRUDEOIL,2026-08-19,6873.0,6926.0,6605.0,6663.0,6940.0,2881,1974
2026-06-24,CRUDEOIL,2026-09-21,6850.0,6880.0,6590.0,6653.0,6921.0,321,260
2026-06-24,CRUDEOIL,2026-10-19,6686.0,6686.0,6686.0,6686.0,6806.0,1,1
2026-06-24,CRUDEOIL,2026-11-19,0.0,0.0,0.0,6751.0,6751.0,0,0
2026-06-24,CRUDEOIL,2026-12-18,0.0,0.0,0.0,6699.0,6699.0,0,0
2026-06-24,CRUDEOILM,2026-07-20,6915.0,6957.0,6605.0,6671.0,6963.0,151384,39821
2026-06-24,CRUDEOILM,2026-08-19,6883.0,6929.0,6603.0,6664.0,6939.0,17138,9006
2026-06-24,CRUDEOILM,2026-09-21,6828.0,6895.0,6590.0,6648.0,6918.0,4863,1607
2026-06-24,CRUDEOILM,2026-10-19,6773.0,6822.0,6476.0,6629.0,6840.0,161,102
2026-06-24,CRUDEOILM,2026-11-19,0.0,0.0,0.0,6751.0,6751.0,0,1
2026-06-24,CRUDEOILM,2026-12-18,0.0,0.0,0.0,6699.0,6699.0,0,0
2026-06-25,CRUDEOIL,2026-07-20,6628.0,6820.0,6541.0,6790.0,6669.0,45222,18576
2026-06-25,CRUDEOIL,2026-08-19,6526.0,6794.0,6526.0,6775.0,6663.0,2527,1956
2026-06-25,CRUDEOIL,2026-09-21,6563.0,6780.0,6542.0,6769.0,6653.0,794,608
2026-06-25,CRUDEOIL,2026-10-19,6573.0,6723.0,6573.0,6618.0,6686.0,4,4
2026-06-25,CRUDEOIL,2026-11-19,0.0,0.0,0.0,6540.0,6540.0,0,0
2026-06-25,CRUDEOIL,2026-12-18,0.0,0.0,0.0,6495.0,6495.0,0,0
2026-06-25,CRUDEOILM,2026-07-20,6557.0,6813.0,6540.0,6790.0,6671.0,124577,34993
2026-06-25,CRUDEOILM,2026-08-19,6550.0,6794.0,6537.0,6777.0,6664.0,13855,8716
2026-06-25,CRUDEOILM,2026-09-21,6527.0,6790.0,6515.0,6777.0,6648.0,3126,1454
2026-06-25,CRUDEOILM,2026-10-19,6550.0,6779.0,6473.0,6737.0,6629.0,157,120
2026-06-25,CRUDEOILM,2026-11-19,0.0,0.0,0.0,6540.0,6540.0,0,1
2026-06-25,CRUDEOILM,2026-12-18,0.0,0.0,0.0,6495.0,6495.0,0,0
2026-06-26,CRUDEOIL,2026-07-20,6685.0,6689.0,6497.0,6577.0,6790.0,31765,19904
2026-06-26,CRUDEOIL,2026-08-19,6577.0,6680.0,6506.0,6579.0,6775.0,2906,2479
2026-06-26,CRUDEOIL,2026-09-21,6624.0,6675.0,6524.0,6590.0,6769.0,234,652
2026-06-26,CRUDEOIL,2026-10-19,6640.0,6640.0,6601.0,6621.0,6618.0,2,6
2026-06-26,CRUDEOIL,2026-11-19,0.0,0.0,0.0,6638.0,6638.0,0,0
2026-06-26,CRUDEOIL,2026-12-18,0.0,0.0,0.0,6583.0,6583.0,0,0
2026-06-26,CRUDEOILM,2026-07-20,6650.0,6690.0,6476.0,6577.0,6790.0,120242,41649
2026-06-26,CRUDEOILM,2026-08-19,6640.0,6681.0,6511.0,6582.0,6777.0,13267,9911
2026-06-26,CRUDEOILM,2026-09-21,6611.0,6689.0,6525.0,6582.0,6777.0,2298,1713
2026-06-26,CRUDEOILM,2026-10-19,6600.0,6680.0,6507.0,6563.0,6737.0,90,127
2026-06-26,CRUDEOILM,2026-11-19,0.0,0.0,0.0,6638.0,6638.0,0,1
2026-06-26,CRUDEOILM,2026-12-18,0.0,0.0,0.0,6583.0,6583.0,0,0
2026-06-29,CRUDEOIL,2026-07-20,6637.0,6747.0,6576.0,6728.0,6577.0,33059,18858
2026-06-29,CRUDEOIL,2026-08-19,6633.0,6741.0,6575.0,6723.0,6579.0,3143,2376
2026-06-29,CRUDEOIL,2026-09-21,6651.0,6739.0,6588.0,6719.0,6590.0,303,634
2026-06-29,CRUDEOIL,2026-10-19,6661.0,6679.0,6661.0,6670.0,6621.0,2,6
2026-06-29,CRUDEOIL,2026-11-19,0.0,0.0,0.0,6449.0,6449.0,0,0
2026-06-29,CRUDEOIL,2026-12-18,0.0,0.0,0.0,6413.0,6413.0,0,0
2026-06-29,CRUDEOILM,2026-07-20,6634.0,6747.0,6578.0,6729.0,6577.0,130677,36108
2026-06-29,CRUDEOILM,2026-08-19,6657.0,6741.0,6577.0,6724.0,6582.0,15165,9289
2026-06-29,CRUDEOILM,2026-09-21,6676.0,6740.0,6585.0,6719.0,6582.0,2705,1939
2026-06-29,CRUDEOILM,2026-10-19,6628.0,6720.0,6574.0,6705.0,6563.0,74,152
2026-06-29,CRUDEOILM,2026-11-19,6668.0,6668.0,6668.0,6668.0,6449.0,2,0
2026-06-29,CRUDEOILM,2026-12-18,0.0,0.0,0.0,6413.0,6413.0,0,0
2026-06-30,CRUDEOIL,2026-07-20,6704.0,6794.0,6603.0,6617.0,6728.0,31171,19161
2026-06-30,CRUDEOIL,2026-08-19,6723.0,6795.0,6618.0,6627.0,6723.0,2644,2484
2026-06-30,CRUDEOIL,2026-09-21,6732.0,6798.0,6634.0,6642.0,6719.0,258,662
2026-06-30,CRUDEOIL,2026-10-19,0.0,0.0,0.0,6670.0,6670.0,0,6
2026-06-30,CRUDEOIL,2026-11-19,0.0,0.0,0.0,6577.0,6577.0,0,0
2026-06-30,CRUDEOIL,2026-12-18,0.0,0.0,0.0,6535.0,6535.0,0,0
2026-06-30,CRUDEOILM,2026-07-20,6697.0,6794.0,6606.0,6620.0,6729.0,125866,38412
2026-06-30,CRUDEOILM,2026-08-19,6716.0,6792.0,6620.0,6631.0,6724.0,12173,9636
2026-06-30,CRUDEOILM,2026-09-21,6696.0,6800.0,6630.0,6646.0,6719.0,2130,2012
2026-06-30,CRUDEOILM,2026-10-19,6678.0,6757.0,6630.0,6639.0,6705.0,44,165
2026-06-30,CRUDEOILM,2026-11-19,0.0,0.0,0.0,6668.0,6668.0,0,0
2026-06-30,CRUDEOILM,2026-12-18,0.0,0.0,0.0,6535.0,6535.0,0,0
2026-07-01,CRUDEOIL,2026-07-20,6632.0,6650.0,6500.0,6525.0,6617.0,33156,21067
2026-07-01,CRUDEOIL,2026-08-19,6641.0,6655.0,6525.0,6552.0,6627.0,2047,2918
2026-07-01,CRUDEOIL,2026-09-21,6672.0,6672.0,6560.0,6585.0,6642.0,288,729
2026-07-01,CRUDEOIL,2026-10-19,0.0,0.0,0.0,6548.0,6548.0,0,6
2026-07-01,CRUDEOIL,2026-11-19,0.0,0.0,0.0,6520.0,6520.0,0,0
2026-07-01,CRUDEOIL,2026-12-18,0.0,0.0,0.0,6488.0,6488.0,0,0
2026-07-01,CRUDEOILM,2026-07-20,6633.0,6651.0,6502.0,6527.0,6620.0,126189,43355
2026-07-01,CRUDEOILM,2026-08-19,6661.0,6662.0,6520.0,6553.0,6631.0,11761,10642
2026-07-01,CRUDEOILM,2026-09-21,6656.0,6671.0,6560.0,6591.0,6646.0,2354,2153
2026-07-01,CRUDEOILM,2026-10-19,6668.0,6668.0,6574.0,6611.0,6639.0,51,168
2026-07-01,CRUDEOILM,2026-11-19,0.0,0.0,0.0,6520.0,6520.0,0,0
2026-07-01,CRUDEOILM,2026-12-18,0.0,0.0,0.0,6488.0,6488.0,0,0
2026-07-02,CRUDEOIL,2026-07-20,6447.0,6550.0,6426.0,6540.0,6525.0,29152,20192
2026-07-02,CRUDEOIL,2026-08-19,6475.0,6573.0,6465.0,6565.0,6552.0,2397,3043
2026-07-02,CRUDEOIL,2026-09-21,6525.0,6595.0,6468.0,6586.0,6585.0,374,755
2026-07-02,CRUDEOIL,2026-10-19,6604.0,6666.0,6547.0,6598.0,6456.0,18,13
2026-07-02,CRUDEOIL,2026-11-19,0.0,0.0,0.0,6446.0,6446.0,0,0
2026-07-02,CRUDEOIL,2026-12-18,0.0,0.0,0.0,6429.0,6429.0,0,0
2026-07-02,CRUDEOILM,2026-07-20,6467.0,6550.0,6430.0,6540.0,6527.0,112327,40933
2026-07-02,CRUDEOILM,2026-08-19,6490.0,6572.0,6450.0,6564.0,6553.0,13649,11039
2026-07-02,CRUDEOILM,2026-09-21,6524.0,6600.0,6482.0,6584.0,6591.0,3042,2324
2026-07-02,CRUDEOILM,2026-10-19,6545.0,6637.0,6511.0,6604.0,6611.0,164,180
2026-07-02,CRUDEOILM,2026-11-19,0.0,0.0,0.0,6446.0,6446.0,0,0
2026-07-02,CRUDEOILM,2026-12-18,0.0,0.0,0.0,6429.0,6429.0,0,0
2026-07-03,CRUDEOIL,2026-07-20,6573.0,6627.0,6506.0,6568.0,6540.0,24579,20032
2026-07-03,CRUDEOIL,2026-08-19,6624.0,6649.0,6536.0,6598.0,6565.0,1982,3070
2026-07-03,CRUDEOIL,2026-09-21,6636.0,6678.0,6574.0,6619.0,6586.0,192,788
2026-07-03,CRUDEOIL,2026-10-19,0.0,0.0,0.0,6598.0,6598.0,0,13
2026-07-03,CRUDEOIL,2026-11-19,0.0,0.0,0.0,6494.0,6494.0,0,0
2026-07-03,CRUDEOIL,2026-12-18,0.0,0.0,0.0,6478.0,6478.0,0,0
2026-07-03,CRUDEOILM,2026-07-20,6552.0,6626.0,6507.0,6568.0,6540.0,79709,37723
2026-07-03,CRUDEOILM,2026-08-19,6579.0,6649.0,6539.0,6596.0,6564.0,11273,10817
2026-07-03,CRUDEOILM,2026-09-21,6635.0,6678.0,6571.0,6619.0,6584.0,2080,2598
2026-07-03,CRUDEOILM,2026-10-19,6670.0,6676.0,6615.0,6646.0,6604.0,42,184
2026-07-03,CRUDEOILM,2026-11-19,0.0,0.0,0.0,6494.0,6494.0,0,0
2026-07-03,CRUDEOILM,2026-12-18,0.0,0.0,0.0,6478.0,6478.0,0,0
2026-07-06,CRUDEOIL,2026-07-20,6547.0,6622.0,6494.0,6551.0,6568.0,28235,20018
2026-07-06,CRUDEOIL,2026-08-19,6576.0,6645.0,6527.0,6582.0,6598.0,2258,3043
2026-07-06,CRUDEOIL,2026-09-21,6590.0,6665.0,6556.0,6610.0,6619.0,250,780
2026-07-06,CRUDEOIL,2026-10-19,6709.0,6709.0,6641.0,6667.0,6503.0,4,12
2026-07-06,CRUDEOIL,2026-11-19,0.0,0.0,0.0,6492.0,6492.0,0,0
2026-07-06,CRUDEOIL,2026-12-18,0.0,0.0,0.0,6475.0,6475.0,0,0
2026-07-06,CRUDEOILM,2026-07-20,6555.0,6622.0,6496.0,6549.0,6568.0,96278,37843
2026-07-06,CRUDEOILM,2026-08-19,6578.0,6643.0,6528.0,6585.0,6596.0,10414,10894
2026-07-06,CRUDEOILM,2026-09-21,6606.0,6675.0,6552.0,6619.0,6619.0,2423,2735
2026-07-06,CRUDEOILM,2026-10-19,6631.0,6698.0,6545.0,6628.0,6646.0,91,196
2026-07-06,CRUDEOILM,2026-11-19,0.0,0.0,0.0,6492.0,6492.0,0,0
2026-07-06,CRUDEOILM,2026-12-18,0.0,0.0,0.0,6475.0,6475.0,0,0
2026-07-07,CRUDEOIL,2026-07-20,6603.0,6723.0,6558.0,6705.0,6551.0,36782,19495
2026-07-07,CRUDEOIL,2026-08-19,6621.0,6737.0,6588.0,6724.0,6582.0,4302,2802
2026-07-07,CRUDEOIL,2026-09-21,6645.0,6743.0,6615.0,6728.0,6610.0,380,728
2026-07-07,CRUDEOIL,2026-10-19,6758.0,6758.0,6752.0,6754.0,6667.0,3,13
2026-07-07,CRUDEOIL,2026-11-19,0.0,0.0,0.0,6530.0,6530.0,0,0
2026-07-07,CRUDEOIL,2026-12-18,0.0,0.0,0.0,6521.0,6521.0,0,0
2026-07-07,CRUDEOILM,2026-07-20,6576.0,6722.0,6559.0,6705.0,6549.0,114046,37504
2026-07-07,CRUDEOILM,2026-08-19,6630.0,6738.0,6590.0,6721.0,6585.0,18624,11323
2026-07-07,CRUDEOILM,2026-09-21,6655.0,6747.0,6617.0,6727.0,6619.0,2893,2860
2026-07-07,CRUDEOILM,2026-10-19,6654.0,6786.0,6640.0,6745.0,6628.0,97,215
2026-07-07,CRUDEOILM,2026-11-19,0.0,0.0,0.0,6530.0,6530.0,0,0
2026-07-07,CRUDEOILM,2026-12-18,0.0,0.0,0.0,6521.0,6521.0,0,0
2026-07-08,CRUDEOIL,2026-07-20,6767.0,7296.0,6767.0,7073.0,6705.0,105562,20085
2026-07-08,CRUDEOIL,2026-08-19,6946.0,7278.0,6857.0,7078.0,6724.0,14172,3779
2026-07-08,CRUDEOIL,2026-09-21,6885.0,7250.0,6855.0,7076.0,6728.0,1858,900
2026-07-08,CRUDEOIL,2026-10-19,6907.0,6907.0,6844.0,6860.0,6754.0,11,10
2026-07-08,CRUDEOIL,2026-11-19,0.0,0.0,0.0,6661.0,6661.0,0,0
2026-07-08,CRUDEOIL,2026-12-18,0.0,0.0,0.0,6640.0,6640.0,0,0
2026-07-08,CRUDEOILM,2026-07-20,6750.0,7295.0,6750.0,7074.0,6705.0,268388,31984
2026-07-08,CRUDEOILM,2026-08-19,6750.0,7280.0,6750.0,7079.0,6721.0,57334,13124
2026-07-08,CRUDEOILM,2026-09-21,6820.0,7250.0,6820.0,7079.0,6727.0,13727,3508
2026-07-08,CRUDEOILM,2026-10-19,6885.0,7234.0,6843.0,7067.0,6745.0,448,275
2026-07-08,CRUDEOILM,2026-11-19,6850.0,6926.0,6850.0,6888.0,6661.0,2,1
2026-07-08,CRUDEOILM,2026-12-18,0.0,0.0,0.0,6640.0,6640.0,0,0
2026-07-09,CRUDEOIL,2026-07-20,7133.0,7144.0,6837.0,6854.0,7073.0,64759,18850
2026-07-09,CRUDEOIL,2026-08-19,7132.0,7146.0,6852.0,6865.0,7078.0,8058,4422
2026-07-09,CRUDEOIL,2026-09-21,7245.0,7245.0,6869.0,6882.0,7076.0,888,1035
2026-07-09,CRUDEOIL,2026-10-19,7101.0,7101.0,6893.0,7000.0,6860.0,7,7
2026-07-09,CRUDEOIL,2026-11-19,0.0,0.0,0.0,6896.0,6896.0,0,0
2026-07-09,CRUDEOIL,2026-12-18,0.0,0.0,0.0,6848.0,6848.0,0,0
2026-07-09,CRUDEOILM,2026-07-20,7131.0,7144.0,6835.0,6850.0,7074.0,154704,30053
2026-07-09,CRUDEOILM,2026-08-19,7114.0,7149.0,6853.0,6869.0,7079.0,39783,14805
2026-07-09,CRUDEOILM,2026-09-21,7111.0,7131.0,6866.0,6883.0,7079.0,7077,3767
2026-07-09,CRUDEOILM,2026-10-19,7095.0,7125.0,6879.0,6894.0,7067.0,375,333
2026-07-09,CRUDEOILM,2026-11-19,6910.0,6910.0,6910.0,6910.0,6888.0,1,2
2026-07-09,CRUDEOILM,2026-12-18,0.0,0.0,0.0,6848.0,6848.0,0,0
2026-07-10,CRUDEOIL,2026-07-20,6895.0,6991.0,6772.0,6814.0,6854.0,42592,18749
2026-07-10,CRUDEOIL,2026-08-19,6917.0,6999.0,6800.0,6838.0,6865.0,6739,4595
2026-07-10,CRUDEOIL,2026-09-21,6917.0,6995.0,6811.0,6847.0,6882.0,687,1040
2026-07-10,CRUDEOIL,2026-10-19,0.0,0.0,0.0,7000.0,7000.0,0,7
2026-07-10,CRUDEOIL,2026-11-19,0.0,0.0,0.0,6742.0,6742.0,0,0
2026-07-10,CRUDEOIL,2026-12-18,0.0,0.0,0.0,6711.0,6711.0,0,0
2026-07-10,CRUDEOILM,2026-07-20,6913.0,6990.0,6773.0,6816.0,6850.0,140907,29679
2026-07-10,CRUDEOILM,2026-08-19,6939.0,6998.0,6801.0,6840.0,6869.0,30313,14253
2026-07-10,CRUDEOILM,2026-09-21,6917.0,6993.0,6808.0,6849.0,6883.0,4348,3815
2026-07-10,CRUDEOILM,2026-10-19,6915.0,6982.0,6822.0,6874.0,6894.0,89,343
2026-07-10,CRUDEOILM,2026-11-19,0.0,0.0,0.0,6910.0,6910.0,0,2
2026-07-10,CRUDEOILM,2026-12-18,0.0,0.0,0.0,6711.0,6711.0,0,0
2026-07-13,CRUDEOIL,2026-07-20,7086.0,7427.0,6958.0,7360.0,6814.0,65277,16621
2026-07-13,CRUDEOIL,2026-08-19,7111.0,7453.0,6979.0,7394.0,6838.0,17578,5897
2026-07-13,CRUDEOIL,2026-09-21,7120.0,7451.0,6990.0,7373.0,6847.0,1569,949
2026-07-13,CRUDEOIL,2026-10-19,0.0,0.0,0.0,6765.0,6765.0,0,7
2026-07-13,CRUDEOIL,2026-11-19,0.0,0.0,0.0,6740.0,6740.0,0,0
2026-07-13,CRUDEOIL,2026-12-18,0.0,0.0,0.0,6711.0,6711.0,0,0
2026-07-13,CRUDEOILM,2026-07-20,7030.0,7429.0,6958.0,7365.0,6816.0,200916,28537
2026-07-13,CRUDEOILM,2026-08-19,7053.0,7455.0,6981.0,7397.0,6840.0,61012,14401
2026-07-13,CRUDEOILM,2026-09-21,7122.0,7457.0,6986.0,7376.0,6849.0,14011,4728
2026-07-13,CRUDEOILM,2026-10-19,7059.0,7476.0,6967.0,7402.0,6874.0,826,511
2026-07-13,CRUDEOILM,2026-11-19,6961.0,6961.0,6961.0,6961.0,6740.0,1,3
2026-07-13,CRUDEOILM,2026-12-18,0.0,0.0,0.0,6711.0,6711.0,0,0
2026-07-14,CRUDEOIL,2026-07-20,7654.0,7832.0,7486.0,7584.0,7360.0,74473,10729
2026-07-14,CRUDEOIL,2026-08-19,7575.0,7799.0,7482.0,7574.0,7394.0,24982,8827
2026-07-14,CRUDEOIL,2026-09-21,7500.0,7692.0,7400.0,7511.0,7373.0,2041,1060
2026-07-14,CRUDEOIL,2026-10-19,7600.0,7600.0,7360.0,7412.0,7349.0,79,41
2026-07-14,CRUDEOIL,2026-11-19,0.0,0.0,0.0,7281.0,7281.0,0,0
2026-07-14,CRUDEOIL,2026-12-18,0.0,0.0,0.0,7203.0,7203.0,0,0
2026-07-14,CRUDEOILM,2026-07-20,7656.0,7830.0,7485.0,7581.0,7365.0,241733,19265
2026-07-14,CRUDEOILM,2026-08-19,7688.0,7796.0,7480.0,7573.0,7397.0,86404,16515
2026-07-14,CRUDEOILM,2026-09-21,7667.0,7720.0,7345.0,7512.0,7376.0,18306,5222
2026-07-14,CRUDEOILM,2026-10-19,7588.0,7637.0,7337.0,7429.0,7402.0,1210,472
2026-07-14,CRUDEOILM,2026-11-19,0.0,0.0,0.0,6961.0,6961.0,0,3
2026-07-14,CRUDEOILM,2026-12-18,7491.0,7491.0,7491.0,7491.0,7203.0,1,1
2026-07-15,CRUDEOIL,2026-07-20,7721.0,7797.0,7539.0,7613.0,7584.0,38690,9746
2026-07-15,CRUDEOIL,2026-08-19,7659.0,7760.0,7537.0,7610.0,7574.0,14076,9324
2026-07-15,CRUDEOIL,2026-09-21,7597.0,7661.0,7497.0,7553.0,7511.0,926,1064
2026-07-15,CRUDEOIL,2026-10-19,7472.0,7576.0,7442.0,7499.0,7412.0,26,51
2026-07-15,CRUDEOIL,2026-11-19,0.0,0.0,0.0,7331.0,7331.0,0,0
2026-07-15,CRUDEOIL,2026-12-18,0.0,0.0,0.0,7240.0,7240.0,0,0
2026-07-15,CRUDEOILM,2026-07-20,7711.0,7796.0,7537.0,7614.0,7581.0,133710,15106
2026-07-15,CRUDEOILM,2026-08-19,7669.0,7760.0,7535.0,7612.0,7573.0,61431,16492
2026-07-15,CRUDEOILM,2026-09-21,7614.0,7668.0,7495.0,7551.0,7512.0,8315,5473
2026-07-15,CRUDEOILM,2026-10-19,7500.0,7570.0,7451.0,7517.0,7429.0,521,526
2026-07-15,CRUDEOILM,2026-11-19,7404.0,7407.0,7404.0,7406.0,7331.0,2,5
2026-07-15,CRUDEOILM,2026-12-18,0.0,0.0,0.0,7491.0,7491.0,0,1
2026-07-16,CRUDEOIL,2026-07-20,7685.0,7800.0,7594.0,7614.0,7613.0,58987,8665
2026-07-16,CRUDEOIL,2026-08-19,7668.0,7788.0,7578.0,7594.0,7610.0,17704,11035
2026-07-16,CRUDEOIL,2026-09-21,7597.0,7704.0,7502.0,7544.0,7553.0,1183,1202
2026-07-16,CRUDEOIL,2026-10-19,7485.0,7640.0,7485.0,7571.0,7499.0,11,55
2026-07-16,CRUDEOIL,2026-11-19,0.0,0.0,0.0,7467.0,7467.0,0,0
2026-07-16,CRUDEOIL,2026-12-18,0.0,0.0,0.0,7273.0,7273.0,0,0
2026-07-16,CRUDEOILM,2026-07-20,7691.0,7800.0,7595.0,7612.0,7614.0,126907,12539
2026-07-16,CRUDEOILM,2026-08-19,7667.0,7780.0,7579.0,7593.0,7612.0,65295,17635
2026-07-16,CRUDEOILM,2026-09-21,7589.0,7700.0,7506.0,7544.0,7551.0,7979,5674
2026-07-16,CRUDEOILM,2026-10-19,7511.0,7677.0,7480.0,7503.0,7517.0,332,579
2026-07-16,CRUDEOILM,2026-11-19,0.0,0.0,0.0,7406.0,7406.0,0,5
2026-07-16,CRUDEOILM,2026-12-18,0.0,0.0,0.0,7273.0,7273.0,0,1
2026-07-17,CRUDEOIL,2026-07-20,7665.0,7960.0,7574.0,7945.0,7614.0,21573,5386
2026-07-17,CRUDEOIL,2026-08-19,7658.0,7950.0,7552.0,7910.0,7594.0,36176,11850
2026-07-17,CRUDEOIL,2026-09-21,7580.0,7820.0,7497.0,7806.0,7544.0,2246,1041
2026-07-17,CRUDEOIL,2026-10-19,7537.0,7794.0,7474.0,7745.0,7571.0,38,64
2026-07-17,CRUDEOIL,2026-11-19,0.0,0.0,0.0,7349.0,7349.0,0,0
2026-07-17,CRUDEOIL,2026-12-18,0.0,0.0,0.0,7262.0,7262.0,0,0
2026-07-17,CRUDEOILM,2026-07-20,7698.0,7964.0,7574.0,7946.0,7612.0,76069,12025
2026-07-17,CRUDEOILM,2026-08-19,7664.0,7920.0,7552.0,7906.0,7593.0,102177,22211
2026-07-17,CRUDEOILM,2026-09-21,7610.0,7825.0,7496.0,7807.0,7544.0,9873,6339
2026-07-17,CRUDEOILM,2026-10-19,7550.0,7788.0,7458.0,7738.0,7503.0,799,652
2026-07-17,CRUDEOILM,2026-11-19,7575.0,7620.0,7574.0,7594.0,7349.0,7,12
2026-07-17,CRUDEOILM,2026-12-18,0.0,0.0,0.0,7262.0,7262.0,0,1
2026-07-20,CRUDEOIL,2026-07-20,8107.0,8196.0,7734.0,7994.0,7945.0,11877,3470
2026-07-20,CRUDEOIL,2026-08-19,8049.0,8158.0,7707.0,7949.0,7910.0,78713,13429
2026-07-20,CRUDEOIL,2026-09-21,7949.0,8012.0,7600.0,7839.0,7806.0,3353,932
2026-07-20,CRUDEOIL,2026-10-19,7832.0,7885.0,7586.0,7748.0,7745.0,143,102
2026-07-20,CRUDEOIL,2026-11-19,7865.0,7865.0,7865.0,7865.0,7602.0,1,1
2026-07-20,CRUDEOIL,2026-12-18,0.0,0.0,0.0,7485.0,7485.0,0,0
2026-07-20,CRUDEOILM,2026-07-20,8098.0,8198.0,7737.0,7993.0,7946.0,59566,7068
2026-07-20,CRUDEOILM,2026-08-19,8076.0,8157.0,7708.0,7948.0,7906.0,158121,24445
2026-07-20,CRUDEOILM,2026-09-21,7952.0,8052.0,7533.0,7838.0,7807.0,19904,6345
2026-07-20,CRUDEOILM,2026-10-19,7802.0,7946.0,7562.0,7744.0,7738.0,2065,1123
2026-07-20,CRUDEOILM,2026-11-19,7781.0,7827.0,7600.0,7669.0,7594.0,43,27
2026-07-20,CRUDEOILM,2026-12-18,0.0,0.0,0.0,7485.0,7485.0,0,1
2026-07-21,CRUDEOIL,2026-08-19,7961.0,8218.0,7858.0,8150.0,7949.0,76749,15125
2026-07-21,CRUDEOIL,2026-09-21,7845.0,8035.0,7762.0,7983.0,7839.0,2988,1218
2026-07-21,CRUDEOIL,2026-10-19,7720.0,7874.0,7700.0,7827.0,7748.0,151,128
2026-07-21,CRUDEOIL,2026-11-19,7840.0,7840.0,7840.0,7840.0,7865.0,1,2
2026-07-21,CRUDEOIL,2026-12-18,0.0,0.0,0.0,7497.0,7497.0,0,0
2026-07-21,CRUDEOIL,2027-01-19,0.0,0.0,0.0,7367.0,7367.0,0,0
2026-07-21,CRUDEOILM,2026-08-19,7956.0,8209.0,7857.0,8151.0,7948.0,185754,32920
2026-07-21,CRUDEOILM,2026-09-21,7857.0,8032.0,7759.0,7984.0,7838.0,17028,7410
2026-07-21,CRUDEOILM,2026-10-19,7730.0,7873.0,7700.0,7822.0,7744.0,2861,1304
2026-07-21,CRUDEOILM,2026-11-19,7711.0,7780.0,7649.0,7722.0,7669.0,92,68
2026-07-21,CRUDEOILM,2026-12-18,0.0,0.0,0.0,7497.0,7497.0,0,1
2026-07-21,CRUDEOILM,2027-01-19,0.0,0.0,0.0,7367.0,7367.0,0,0
2026-07-22,CRUDEOIL,2026-08-19,8231.0,8577.0,8222.0,8410.0,8150.0,86905,14651
2026-07-22,CRUDEOIL,2026-09-21,8039.0,8228.0,8016.0,8139.0,7983.0,5292,1492
2026-07-22,CRUDEOIL,2026-10-19,7853.0,8010.0,7841.0,7920.0,7827.0,481,200
2026-07-22,CRUDEOIL,2026-11-19,7763.0,7903.0,7744.0,7786.0,7840.0,22,11
2026-07-22,CRUDEOIL,2026-12-18,0.0,0.0,0.0,7526.0,7526.0,0,0
2026-07-22,CRUDEOIL,2027-01-19,0.0,0.0,0.0,7395.0,7395.0,0,0
2026-07-22,CRUDEOILM,2026-08-19,8200.0,8576.0,8199.0,8408.0,8151.0,239143,38053
2026-07-22,CRUDEOILM,2026-09-21,8057.0,8234.0,8018.0,8139.0,7984.0,24354,8616
2026-07-22,CRUDEOILM,2026-10-19,7862.0,8009.0,7760.0,7917.0,7822.0,4884,1515
2026-07-22,CRUDEOILM,2026-11-19,7786.0,7892.0,7733.0,7786.0,7722.0,311,211
2026-07-22,CRUDEOILM,2026-12-18,0.0,0.0,0.0,7526.0,7526.0,0,1
2026-07-22,CRUDEOILM,2027-01-19,0.0,0.0,0.0,7395.0,7395.0,0,0
2026-07-23,CRUDEOIL,2026-08-19,8562.0,9058.0,8484.0,9024.0,8410.0,100588,17847
2026-07-23,CRUDEOIL,2026-09-21,8254.0,8610.0,8187.0,8580.0,8139.0,5523,2077
2026-07-23,CRUDEOIL,2026-10-19,8041.0,8252.0,7950.0,8234.0,7920.0,542,252
2026-07-23,CRUDEOIL,2026-11-19,7891.0,7992.0,7823.0,7890.0,7786.0,24,14
2026-07-23,CRUDEOIL,2026-12-18,0.0,0.0,0.0,7584.0,7584.0,0,0
2026-07-23,CRUDEOIL,2027-01-19,0.0,0.0,0.0,7433.0,7433.0,0,0
2026-07-23,CRUDEOILM,2026-08-19,8466.0,9065.0,8465.0,9026.0,8408.0,257329,45348
2026-07-23,CRUDEOILM,2026-09-21,8353.0,8611.0,8180.0,8577.0,8139.0,23435,9924
2026-07-23,CRUDEOILM,2026-10-19,8017.0,8293.0,7940.0,8246.0,7917.0,5494,1744
2026-07-23,CRUDEOILM,2026-11-19,7885.0,7993.0,7777.0,7938.0,7786.0,540,292
2026-07-23,CRUDEOILM,2026-12-18,0.0,0.0,0.0,7584.0,7584.0,0,1
2026-07-23,CRUDEOILM,2027-01-19,0.0,0.0,0.0,7433.0,7433.0,0,0
2026-07-24,CRUDEOIL,2026-08-19,8933.0,8950.0,8483.0,8604.0,9024.0,113274,14830
2026-07-24,CRUDEOIL,2026-09-21,8495.0,8497.0,8140.0,8247.0,8580.0,7540,1830
2026-07-24,CRUDEOIL,2026-10-19,8128.0,8155.0,7896.0,7960.0,8234.0,663,425
2026-07-24,CRUDEOIL,2026-11-19,7755.0,7861.0,7750.0,7812.0,7890.0,12,17
2026-07-24,CRUDEOIL,2026-12-18,0.0,0.0,0.0,7816.0,7816.0,0,0
2026-07-24,CRUDEOIL,2027-01-19,0.0,0.0,0.0,7619.0,7619.0,0,0
2026-07-24,CRUDEOILM,2026-08-19,9042.0,9042.0,8485.0,8600.0,9026.0,241605,37165
2026-07-24,CRUDEOILM,2026-09-21,8494.0,8503.0,8137.0,8248.0,8577.0,23205,8993
2026-07-24,CRUDEOILM,2026-10-19,8150.0,8158.0,7880.0,7969.0,8246.0,5995,2162
2026-07-24,CRUDEOILM,2026-11-19,7847.0,7903.0,7724.0,7781.0,7938.0,360,321
2026-07-24,CRUDEOILM,2026-12-18,0.0,0.0,0.0,7816.0,7816.0,0,1
2026-07-24,CRUDEOILM,2027-01-19,0.0,0.0,0.0,7619.0,7619.0,0,0
2026-07-27,CRUDEOIL,2026-08-19,8260.0,8260.0,7894.0,7957.0,8604.0,106202,12357
2026-07-27,CRUDEOIL,2026-09-21,7995.0,7995.0,7674.0,7743.0,8247.0,6290,1984
2026-07-27,CRUDEOIL,2026-10-19,7642.0,7739.0,7495.0,7561.0,7960.0,685,422
2026-07-27,CRUDEOIL,2026-11-19,7639.0,7639.0,7500.0,7538.0,7812.0,10,25
2026-07-27,CRUDEOIL,2026-12-18,0.0,0.0,0.0,7641.0,7641.0,0,0
2026-07-27,CRUDEOIL,2027-01-19,0.0,0.0,0.0,7487.0,7487.0,0,0
2026-07-27,CRUDEOILM,2026-08-19,8401.0,8401.0,7896.0,7959.0,8600.0,215049,31845
2026-07-27,CRUDEOILM,2026-09-21,8064.0,8064.0,7676.0,7744.0,8248.0,23932,8508
2026-07-27,CRUDEOILM,2026-10-19,7858.0,7859.0,7495.0,7565.0,7969.0,6169,2269
2026-07-27,CRUDEOILM,2026-11-19,7470.0,7609.0,7428.0,7483.0,7781.0,335,415
2026-07-27,CRUDEOILM,2026-12-18,0.0,0.0,0.0,7641.0,7641.0,0,1
2026-07-27,CRUDEOILM,2027-01-19,0.0,0.0,0.0,7487.0,7487.0,0,0
2026-07-28,CRUDEOIL,2026-08-19,7900.0,7918.0,7464.0,7603.0,7957.0,120538,8542
2026-07-28,CRUDEOIL,2026-09-21,7650.0,7733.0,7337.0,7449.0,7743.0,7303,2321
2026-07-28,CRUDEOIL,2026-10-19,7452.0,7572.0,7230.0,7313.0,7561.0,602,533
2026-07-28,CRUDEOIL,2026-11-19,7475.0,7507.0,7237.0,7329.0,7538.0,12,28
2026-07-28,CRUDEOIL,2026-12-18,0.0,0.0,0.0,7334.0,7334.0,0,0
2026-07-28,CRUDEOIL,2027-01-19,0.0,0.0,0.0,7212.0,7212.0,0,0
2026-07-28,CRUDEOILM,2026-08-19,7857.0,7919.0,7482.0,7604.0,7959.0,268684,25917
2026-07-28,CRUDEOILM,2026-09-21,7633.0,7732.0,7336.0,7444.0,7744.0,25930,7759
2026-07-28,CRUDEOILM,2026-10-19,7495.0,7578.0,7222.0,7314.0,7565.0,6921,2712
2026-07-28,CRUDEOILM,2026-11-19,7448.0,7488.0,7132.0,7251.0,7483.0,423,448
2026-07-28,CRUDEOILM,2026-12-18,7406.0,7406.0,7387.0,7397.0,7334.0,2,3
2026-07-28,CRUDEOILM,2027-01-19,0.0,0.0,0.0,7212.0,7212.0,0,0
2026-07-29,CRUDEOIL,2026-08-19,7899.0,8214.0,7811.0,8114.0,7603.0,84706,9009
2026-07-29,CRUDEOIL,2026-09-21,7689.0,7959.0,7625.0,7898.0,7449.0,6058,2216
2026-07-29,CRUDEOIL,2026-10-19,7528.0,7751.0,7455.0,7706.0,7313.0,653,579
2026-07-29,CRUDEOIL,2026-11-19,7451.0,7509.0,7400.0,7452.0,7329.0,6,31
2026-07-29,CRUDEOIL,2026-12-18,0.0,0.0,0.0,7085.0,7085.0,0,0
2026-07-29,CRUDEOIL,2027-01-19,0.0,0.0,0.0,6979.0,6979.0,0,0
2026-07-29,CRUDEOILM,2026-08-19,7750.0,8214.0,7750.0,8114.0,7604.0,196724,27058
2026-07-29,CRUDEOILM,2026-09-21,7690.0,7962.0,7621.0,7902.0,7444.0,23109,7803
2026-07-29,CRUDEOILM,2026-10-19,7568.0,7750.0,7452.0,7706.0,7314.0,5919,2754
2026-07-29,CRUDEOILM,2026-11-19,7527.0,7617.0,7380.0,7590.0,7251.0,303,444
2026-07-29,CRUDEOILM,2026-12-18,0.0,0.0,0.0,7397.0,7397.0,0,3
2026-07-29,CRUDEOILM,2027-01-19,7258.0,7258.0,7258.0,7258.0,6979.0,1,1
2026-07-30,CRUDEOIL,2026-08-19,8006.0,8244.0,7939.0,8037.0,8114.0,92786,9246
2026-07-30,CRUDEOIL,2026-09-21,7805.0,7986.0,7725.0,7806.0,7898.0,5515,2654
2026-07-30,CRUDEOIL,2026-10-19,7653.0,7758.0,7535.0,7600.0,7706.0,518,714
2026-07-30,CRUDEOIL,2026-11-19,7550.0,7550.0,7421.0,7518.0,7452.0,4,30
2026-07-30,CRUDEOIL,2026-12-18,0.0,0.0,0.0,7412.0,7412.0,0,0
2026-07-30,CRUDEOIL,2027-01-19,0.0,0.0,0.0,7273.0,7273.0,0,0
2026-07-30,CRUDEOILM,2026-08-19,8016.0,8248.0,7946.0,8036.0,8114.0,206206,28238
2026-07-30,CRUDEOILM,2026-09-21,7798.0,7983.0,7726.0,7803.0,7902.0,20146,9058
2026-07-30,CRUDEOILM,2026-10-19,7646.0,7750.0,7533.0,7602.0,7706.0,4528,3047
2026-07-30,CRUDEOILM,2026-11-19,7540.0,7600.0,7415.0,7449.0,7590.0,220,497
2026-07-30,CRUDEOILM,2026-12-18,7476.0,7476.0,7387.0,7432.0,7412.0,2,2
2026-07-30,CRUDEOILM,2027-01-19,0.0,0.0,0.0,7258.0,7258.0,0,1
2026-07-31,CRUDEOIL,2026-08-19,7860.0,8266.0,7759.0,8113.0,8037.0,98064,8657
2026-07-31,CRUDEOIL,2026-09-21,7659.0,7977.0,7560.0,7839.0,7806.0,6141,2455
2026-07-31,CRUDEOIL,2026-10-19,7490.0,7731.0,7400.0,7616.0,7600.0,582,770
2026-07-31,CRUDEOIL,2026-11-19,7417.0,7562.0,7415.0,7504.0,7518.0,18,40
2026-07-31,CRUDEOIL,2026-12-18,0.0,0.0,0.0,7309.0,7309.0,0,0
2026-07-31,CRUDEOIL,2027-01-19,0.0,0.0,0.0,7160.0,7160.0,0,0
2026-07-31,CRUDEOILM,2026-08-19,7868.0,8255.0,7756.0,8114.0,8036.0,233358,26498
2026-07-31,CRUDEOILM,2026-09-21,7672.0,7971.0,7557.0,7839.0,7803.0,29435,9443
2026-07-31,CRUDEOILM,2026-10-19,7475.0,7730.0,7394.0,7619.0,7602.0,5827,3091
2026-07-31,CRUDEOILM,2026-11-19,7403.0,7580.0,7345.0,7465.0,7449.0,414,546
2026-07-31,CRUDEOILM,2026-12-18,0.0,0.0,0.0,7432.0,7432.0,0,2
2026-07-31,CRUDEOILM,2027-01-19,0.0,0.0,0.0,7160.0,7160.0,0,1
2026-08-03,CRUDEOIL,2026-08-19,7789.0,7789.0,7496.0,7645.0,8113.0,64427,8638
2026-08-03,CRUDEOIL,2026-09-21,7550.0,7550.0,7367.0,7461.0,7839.0,5986,3416
2026-08-03,CRUDEOIL,2026-10-19,7312.0,7380.0,7235.0,7295.0,7616.0,725,822
2026-08-03,CRUDEOIL,2026-11-19,7272.0,7272.0,7200.0,7225.0,7504.0,17,42
2026-08-03,CRUDEOIL,2026-12-18,0.0,0.0,0.0,7292.0,7292.0,0,0
2026-08-03,CRUDEOIL,2027-01-19,0.0,0.0,0.0,7149.0,7149.0,0,0
2026-08-03,CRUDEOILM,2026-08-19,7790.0,7790.0,7500.0,7646.0,8114.0,190495,25495
2026-08-03,CRUDEOILM,2026-09-21,7600.0,7600.0,7369.0,7462.0,7839.0,22163,9083
2026-08-03,CRUDEOILM,2026-10-19,7315.0,7382.0,7231.0,7299.0,7619.0,6322,3448
2026-08-03,CRUDEOILM,2026-11-19,7167.0,7322.0,7153.0,7222.0,7465.0,752,625
2026-08-03,CRUDEOILM,2026-12-18,0.0,0.0,0.0,7292.0,7292.0,0,2
2026-08-03,CRUDEOILM,2027-01-19,0.0,0.0,0.0,7149.0,7149.0,0,1
2026-08-04,CRUDEOIL,2026-08-19,7677.0,7860.0,7187.0,7214.0,7645.0,149557,9737
2026-08-04,CRUDEOIL,2026-09-21,7539.0,7675.0,7073.0,7111.0,7461.0,11805,4542
2026-08-04,CRUDEOIL,2026-10-19,7364.0,7480.0,6999.0,7017.0,7295.0,1233,929
2026-08-04,CRUDEOIL,2026-11-19,7275.0,7380.0,6965.0,6995.0,7225.0,65,66
2026-08-04,CRUDEOIL,2026-12-18,0.0,0.0,0.0,7005.0,7005.0,0,0
2026-08-04,CRUDEOIL,2027-01-19,0.0,0.0,0.0,6897.0,6897.0,0,0
2026-08-04,CRUDEOILM,2026-08-19,7690.0,7862.0,7188.0,7217.0,7646.0,323079,30618
2026-08-04,CRUDEOILM,2026-09-21,7539.0,7668.0,7076.0,7112.0,7462.0,41552,10189
2026-08-04,CRUDEOILM,2026-10-19,7339.0,7485.0,6997.0,7020.0,7299.0,11514,4219
2026-08-04,CRUDEOILM,2026-11-19,7269.0,7400.0,6951.0,6981.0,7222.0,1224,732
2026-08-04,CRUDEOILM,2026-12-18,7270.0,7270.0,7270.0,7270.0,7005.0,1,2
2026-08-04,CRUDEOILM,2027-01-19,7172.0,7172.0,7172.0,7172.0,6897.0,1,2
2026-08-05,CRUDEOIL,2026-08-19,7102.0,7309.0,7078.0,7109.0,7214.0,105873,10892
2026-08-05,CRUDEOIL,2026-09-21,7017.0,7218.0,6970.0,7032.0,7111.0,7803,6029
2026-08-05,CRUDEOIL,2026-10-19,6944.0,7130.0,6934.0,6967.0,7017.0,764,1013
2026-08-05,CRUDEOIL,2026-11-19,6964.0,7025.0,6929.0,6939.0,6995.0,33,73
2026-08-05,CRUDEOIL,2026-12-18,0.0,0.0,0.0,6848.0,6848.0,0,0
2026-08-05,CRUDEOIL,2027-01-19,0.0,0.0,0.0,6769.0,6769.0,0,0
2026-08-05,CRUDEOILM,2026-08-19,7105.0,7310.0,7078.0,7111.0,7217.0,229485,29419
2026-08-05,CRUDEOILM,2026-09-21,7002.0,7213.0,6973.0,7032.0,7112.0,28443,10887
2026-08-05,CRUDEOILM,2026-10-19,6932.0,7130.0,6925.0,6970.0,7020.0,7106,4478
2026-08-05,CRUDEOILM,2026-11-19,6935.0,7077.0,6900.0,6941.0,6981.0,742,802
2026-08-05,CRUDEOILM,2026-12-18,6980.0,6980.0,6873.0,6935.0,7270.0,7,5
2026-08-05,CRUDEOILM,2027-01-19,6900.0,6900.0,6900.0,6900.0,7172.0,1,3
2026-08-06,CRUDEOIL,2026-08-19,7140.0,7455.0,7110.0,7377.0,7109.0,65554,9093
2026-08-06,CRUDEOIL,2026-09-21,7100.0,7355.0,7043.0,7295.0,7032.0,7037,6396
2026-08-06,CRUDEOIL,2026-10-19,7001.0,7245.0,6980.0,7202.0,6967.0,664,826
2026-08-06,CRUDEOIL,2026-11-19,6940.0,7207.0,6926.0,7168.0,6939.0,32,84
2026-08-06,CRUDEOIL,2026-12-18,0.0,0.0,0.0,6807.0,6807.0,0,0
2026-08-06,CRUDEOIL,2027-01-19,0.0,0.0,0.0,6729.0,6729.0,0,0
2026-08-06,CRUDEOILM,2026-08-19,7167.0,7456.0,7112.0,7376.0,7111.0,166540,26758
2026-08-06,CRUDEOILM,2026-09-21,7093.0,7354.0,7043.0,7294.0,7032.0,23173,9901
2026-08-06,CRUDEOILM,2026-10-19,7014.0,7245.0,6980.0,7202.0,6970.0,5835,3900
2026-08-06,CRUDEOILM,2026-11-19,6957.0,7218.0,6907.0,7130.0,6941.0,1029,942
2026-08-06,CRUDEOILM,2026-12-18,6946.0,6946.0,6946.0,6946.0,6935.0,1,6
2026-08-06,CRUDEOILM,2027-01-19,7176.0,7267.0,6796.0,7028.0,6900.0,6,3
2026-08-07,CRUDEOIL,2026-08-19,7444.0,7509.0,7280.0,7424.0,7377.0,63707,8899
2026-08-07,CRUDEOIL,2026-09-21,7252.0,7427.0,7206.0,7358.0,7295.0,4954,6269
2026-08-07,CRUDEOIL,2026-10-19,7249.0,7314.0,7117.0,7271.0,7202.0,585,787
2026-08-07,CRUDEOIL,2026-11-19,7176.0,7215.0,7047.0,7189.0,7168.0,38,81
2026-08-07,CRUDEOIL,2026-12-18,0.0,0.0,0.0,7006.0,7006.0,0,0
2026-08-07,CRUDEOIL,2027-01-19,0.0,0.0,0.0,6903.0,6903.0,0,0
2026-08-07,CRUDEOILM,2026-08-19,7450.0,7508.0,7280.0,7427.0,7376.0,159058,26283
2026-08-07,CRUDEOILM,2026-09-21,7357.0,7440.0,7205.0,7358.0,7294.0,25197,9710
2026-08-07,CRUDEOILM,2026-10-19,7281.0,7320.0,7120.0,7274.0,7202.0,5975,3551
2026-08-07,CRUDEOILM,2026-11-19,7200.0,7223.0,7035.0,7203.0,7130.0,787,935
2026-08-07,CRUDEOILM,2026-12-18,7118.0,7118.0,7081.0,7096.0,6946.0,4,4
2026-08-07,CRUDEOILM,2027-01-19,0.0,0.0,0.0,7028.0,7028.0,0,3
2026-08-10,CRUDEOIL,2026-08-19,7540.0,7820.0,7412.0,7803.0,7424.0,89581,8946
2026-08-10,CRUDEOIL,2026-09-21,7436.0,7740.0,7347.0,7725.0,7358.0,7990,6391
2026-08-10,CRUDEOIL,2026-10-19,7328.0,7650.0,7267.0,7637.0,7271.0,806,969
2026-08-10,CRUDEOIL,2026-11-19,7214.0,7555.0,7160.0,7523.0,7189.0,52,83
2026-08-10,CRUDEOIL,2026-12-18,0.0,0.0,0.0,7104.0,7104.0,0,0
2026-08-10,CRUDEOIL,2027-01-19,0.0,0.0,0.0,6999.0,6999.0,0,0
2026-08-10,CRUDEOILM,2026-08-19,7473.0,7819.0,7410.0,7802.0,7427.0,163675,28289
2026-08-10,CRUDEOILM,2026-09-21,7415.0,7738.0,7344.0,7724.0,7358.0,34418,14510
2026-08-10,CRUDEOILM,2026-10-19,7352.0,7650.0,7260.0,7634.0,7274.0,6500,3970
2026-08-10,CRUDEOILM,2026-11-19,7225.0,7635.0,7162.0,7537.0,7203.0,1492,1304
2026-08-10,CRUDEOILM,2026-12-18,7066.0,7364.0,7066.0,7337.0,7096.0,19,13
2026-08-10,CRUDEOILM,2027-01-19,0.0,0.0,0.0,6999.0,6999.0,0,3
2026-08-11,CRUDEOIL,2026-08-19,7851.0,8075.0,7746.0,7940.0,7803.0,96078,8877
2026-08-11,CRUDEOIL,2026-09-21,7778.0,7975.0,7671.0,7844.0,7725.0,12011,6423
2026-08-11,CRUDEOIL,2026-10-19,7652.0,7835.0,7554.0,7712.0,7637.0,995,923
2026-08-11,CRUDEOIL,2026-11-19,7530.0,7720.0,7476.0,7567.0,7523.0,70,95
2026-08-11,CRUDEOIL,2026-12-18,0.0,0.0,0.0,7459.0,7459.0,0,0
2026-08-11,CRUDEOIL,2027-01-19,0.0,0.0,0.0,7335.0,7335.0,0,0
2026-08-11,CRUDEOILM,2026-08-19,7852.0,8077.0,7746.0,7936.0,7802.0,211839,28141
2026-08-11,CRUDEOILM,2026-09-21,7766.0,7975.0,7670.0,7846.0,7724.0,44914,17519
2026-08-11,CRUDEOILM,2026-10-19,7658.0,7849.0,7553.0,7710.0,7634.0,8556,4303
2026-08-11,CRUDEOILM,2026-11-19,7577.0,7722.0,7470.0,7598.0,7537.0,1152,1419
2026-08-11,CRUDEOILM,2026-12-18,7543.0,7600.0,7381.0,7504.0,7337.0,50,34
2026-08-11,CRUDEOILM,2027-01-19,0.0,0.0,0.0,7335.0,7335.0,0,3
2026-08-12,CRUDEOIL,2026-08-19,8014.0,8049.0,7858.0,7928.0,7940.0,58550,8807
2026-08-12,CRUDEOIL,2026-09-21,7904.0,7940.0,7767.0,7845.0,7844.0,7819,6725
2026-08-12,CRUDEOIL,2026-10-19,7757.0,7795.0,7640.0,7708.0,7712.0,507,946
2026-08-12,CRUDEOIL,2026-11-19,7693.0,7693.0,7517.0,7577.0,7567.0,26,102
2026-08-12,CRUDEOIL,2026-12-18,0.0,0.0,0.0,7511.0,7511.0,0,0
2026-08-12,CRUDEOIL,2027-01-19,0.0,0.0,0.0,7365.0,7365.0,0,0
2026-08-12,CRUDEOILM,2026-08-19,8023.0,8049.0,7857.0,7928.0,7936.0,153659,28273
2026-08-12,CRUDEOILM,2026-09-21,7909.0,7940.0,7762.0,7843.0,7846.0,28083,18754
2026-08-12,CRUDEOILM,2026-10-19,7753.0,7796.0,7640.0,7708.0,7710.0,4918,4633
2026-08-12,CRUDEOILM,2026-11-19,7673.0,7673.0,7518.0,7610.0,7598.0,644,1490
2026-08-12,CRUDEOILM,2026-12-18,7662.0,7662.0,7450.0,7461.0,7504.0,69,54
2026-08-12,CRUDEOILM,2027-01-19,7550.0,7550.0,7550.0,7550.0,7365.0,1,3
2026-08-13,CRUDEOIL,2026-08-19,7862.0,7948.0,7641.0,7821.0,7928.0,48851,8012
2026-08-13,CRUDEOIL,2026-09-21,7785.0,7866.0,7595.0,7764.0,7845.0,10458,6864
2026-08-13,CRUDEOIL,2026-10-19,7656.0,7726.0,7505.0,7663.0,7708.0,771,914
2026-08-13,CRUDEOIL,2026-11-19,7541.0,7610.0,7475.0,7510.0,7577.0,28,97
2026-08-13,CRUDEOIL,2026-12-18,0.0,0.0,0.0,7500.0,7500.0,0,0
2026-08-13,CRUDEOIL,2027-01-19,0.0,0.0,0.0,7355.0,7355.0,0,0
2026-08-13,CRUDEOILM,2026-08-19,7861.0,7948.0,7643.0,7822.0,7928.0,149135,25205
2026-08-13,CRUDEOILM,2026-09-21,7770.0,7863.0,7596.0,7765.0,7843.0,42471,18158
2026-08-13,CRUDEOILM,2026-10-19,7690.0,7735.0,7505.0,7660.0,7708.0,6956,4317
2026-08-13,CRUDEOILM,2026-11-19,7576.0,7616.0,7427.0,7574.0,7610.0,657,1496
2026-08-13,CRUDEOILM,2026-12-18,7459.0,7505.0,7380.0,7491.0,7461.0,98,59
2026-08-13,CRUDEOILM,2027-01-19,7265.0,7265.0,7265.0,7265.0,7550.0,1,3
2026-08-14,CRUDEOIL,2026-08-19,7760.0,7924.0,7718.0,7870.0,7821.0,37610,5998
2026-08-14,CRUDEOIL,2026-09-21,7715.0,7850.0,7663.0,7810.0,7764.0,12476,8171
2026-08-14,CRUDEOIL,2026-10-19,7630.0,7730.0,7565.0,7699.0,7663.0,1000,976
2026-08-14,CRUDEOIL,2026-11-19,7490.0,7606.0,7490.0,7555.0,7510.0,20,91
2026-08-14,CRUDEOIL,2026-12-18,0.0,0.0,0.0,7447.0,7447.0,0,0
2026-08-14,CRUDEOIL,2027-01-19,0.0,0.0,0.0,7319.0,7319.0,0,0
2026-08-14,CRUDEOILM,2026-08-19,7771.0,7924.0,7717.0,7869.0,7822.0,110176,19727
2026-08-14,CRUDEOILM,2026-09-21,7731.0,7849.0,7663.0,7808.0,7765.0,41149,18996
2026-08-14,CRUDEOILM,2026-10-19,7612.0,7739.0,7566.0,7694.0,7660.0,5664,4478
2026-08-14,CRUDEOILM,2026-11-19,7540.0,7623.0,7485.0,7589.0,7574.0,636,1508
2026-08-14,CRUDEOILM,2026-12-18,7413.0,7525.0,7375.0,7495.0,7491.0,48,73
2026-08-14,CRUDEOILM,2027-01-19,0.0,0.0,0.0,7265.0,7265.0,0,3
2026-08-17,CRUDEOIL,2026-08-19,7871.0,8114.0,7799.0,8063.0,7870.0,74068,11113
2026-08-17,CRUDEOIL,2026-09-21,7817.0,8063.0,7748.0,8020.0,7810.0,22892,10337
2026-08-17,CRUDEOIL,2026-10-19,7703.0,7975.0,7658.0,7909.0,7699.0,1273,1203
2026-08-17,CRUDEOIL,2026-11-19,7605.0,7840.0,7575.0,7783.0,7555.0,76,95
2026-08-17,CRUDEOIL,2026-12-18,7696.0,7696.0,7696.0,7696.0,7470.0,1,1
2026-08-17,CRUDEOIL,2027-01-19,0.0,0.0,0.0,7333.0,7333.0,0,0
2026-08-17,CRUDEOILM,2026-08-19,7872.0,8115.0,7797.0,8061.0,7869.0,149455,22370
2026-08-17,CRUDEOILM,2026-09-21,7831.0,8063.0,7744.0,8016.0,7808.0,68845,24429
2026-08-17,CRUDEOILM,2026-10-19,7701.0,7960.0,7655.0,7912.0,7694.0,8746,5306
2026-08-17,CRUDEOILM,2026-11-19,7618.0,7825.0,7559.0,7781.0,7589.0,984,1667
2026-08-17,CRUDEOILM,2026-12-18,7565.0,7770.0,7477.0,7655.0,7495.0,167,125
2026-08-17,CRUDEOILM,2027-01-19,7599.0,7599.0,7599.0,7599.0,7333.0,1,4
2026-08-18,CRUDEOIL,2026-08-19,8178.0,8226.0,8086.0,8143.0,8063.0,21901,5608
2026-08-18,CRUDEOIL,2026-09-21,8080.0,8170.0,8046.0,8088.0,8020.0,31917,11369
2026-08-18,CRUDEOIL,2026-10-19,7988.0,8050.0,7935.0,7973.0,7909.0,1424,1503
2026-08-18,CRUDEOIL,2026-11-19,7987.0,7987.0,7820.0,7911.0,7783.0,115,123
2026-08-18,CRUDEOIL,2026-12-18,7852.0,7852.0,7852.0,7852.0,7696.0,1,2
2026-08-18,CRUDEOIL,2027-01-19,0.0,0.0,0.0,7587.0,7587.0,0,0
2026-08-18,CRUDEOILM,2026-08-19,8127.0,8228.0,8096.0,8145.0,8061.0,71643,33607
2026-08-18,CRUDEOILM,2026-09-21,8085.0,8170.0,8045.0,8088.0,8016.0,88610,28553
2026-08-18,CRUDEOILM,2026-10-19,7965.0,8049.0,7933.0,7974.0,7912.0,10476,5950
2026-08-18,CRUDEOILM,2026-11-19,7835.0,7947.0,7805.0,7881.0,7781.0,1360,1713
2026-08-18,CRUDEOILM,2026-12-18,7696.0,7844.0,7696.0,7803.0,7655.0,145,169
2026-08-18,CRUDEOILM,2027-01-19,7601.0,7770.0,7601.0,7670.0,7599.0,5,9
2026-08-19,CRUDEOIL,2026-08-19,8201.0,8349.0,8068.0,8278.0,8143.0,9182,2784
2026-08-19,CRUDEOIL,2026-09-21,8142.0,8216.0,8001.0,8151.0,8088.0,40520,12420
2026-08-19,CRUDEOIL,2026-10-19,8023.0,8071.0,7889.0,8006.0,7973.0,1487,1594
2026-08-19,CRUDEOIL,2026-11-19,7945.0,7950.0,7800.0,7913.0,7911.0,113,151
2026-08-19,CRUDEOIL,2026-12-18,7808.0,7850.0,7745.0,7813.0,7852.0,4,5
2026-08-19,CRUDEOIL,2027-01-19,0.0,0.0,0.0,7633.0,7633.0,0,0
2026-08-19,CRUDEOILM,2026-08-19,8198.0,8349.0,8070.0,8281.0,8145.0,43018,22137
2026-08-19,CRUDEOILM,2026-09-21,8133.0,8217.0,8001.0,8153.0,8088.0,120175,35812
2026-08-19,CRUDEOILM,2026-10-19,7905.0,8075.0,7891.0,8006.0,7974.0,8924,6128
2026-08-19,CRUDEOILM,2026-11-19,7935.0,7950.0,7798.0,7889.0,7881.0,2668,1737
2026-08-19,CRUDEOILM,2026-12-18,7860.0,7900.0,7713.0,7782.0,7803.0,164,212
2026-08-19,CRUDEOILM,2027-01-19,7851.0,7868.0,7656.0,7716.0,7670.0,32,24
2026-08-20,CRUDEOIL,2026-09-21,8081.0,8404.0,8076.0,8304.0,8151.0,54067,12710
2026-08-20,CRUDEOIL,2026-10-19,7934.0,8215.0,7920.0,8142.0,8006.0,3081,1759
2026-08-20,CRUDEOIL,2026-11-19,7780.0,8045.0,7780.0,7983.0,7913.0,318,220
2026-08-20,CRUDEOIL,2026-12-18,7806.0,7887.0,7780.0,7838.0,7813.0,9,7
2026-08-20,CRUDEOIL,2027-01-19,0.0,0.0,0.0,7649.0,7649.0,0,0
2026-08-20,CRUDEOIL,2027-02-19,0.0,0.0,0.0,7520.0,7520.0,0,0
2026-08-20,CRUDEOILM,2026-09-21,8116.0,8404.0,8074.0,8302.0,8153.0,156490,41245
2026-08-20,CRUDEOILM,2026-10-19,7980.0,8212.0,7919.0,8141.0,8006.0,18368,6969
2026-08-20,CRUDEOILM,2026-11-19,7929.0,8059.0,7790.0,7985.0,7889.0,4592,2003
2026-08-20,CRUDEOILM,2026-12-18,7722.0,7898.0,7700.0,7841.0,7782.0,289,248
2026-08-20,CRUDEOILM,2027-01-19,7595.0,7795.0,7595.0,7762.0,7716.0,13,33
2026-08-20,CRUDEOILM,2027-02-19,0.0,0.0,0.0,7520.0,7520.0,0,0
2026-08-21,CRUDEOIL,2026-09-21,8277.0,8386.0,8223.0,8359.0,8304.0,41527,13680
2026-08-21,CRUDEOIL,2026-10-19,8113.0,8205.0,8077.0,8181.0,8142.0,2210,1859
2026-08-21,CRUDEOIL,2026-11-19,7961.0,8038.0,7931.0,8017.0,7983.0,134,239
2026-08-21,CRUDEOIL,2026-12-18,0.0,0.0,0.0,7838.0,7838.0,0,7
2026-08-21,CRUDEOIL,2027-01-19,0.0,0.0,0.0,7707.0,7707.0,0,0
2026-08-21,CRUDEOIL,2027-02-19,0.0,0.0,0.0,7558.0,7558.0,0,0
2026-08-21,CRUDEOILM,2026-09-21,8271.0,8384.0,8224.0,8357.0,8302.0,136868,41742
2026-08-21,CRUDEOILM,2026-10-19,8121.0,8206.0,8077.0,8180.0,8141.0,11846,7229
2026-08-21,CRUDEOILM,2026-11-19,7978.0,8040.0,7915.0,8013.0,7985.0,2728,2186
2026-08-21,CRUDEOILM,2026-12-18,7841.0,7890.0,7815.0,7886.0,7841.0,138,270
2026-08-21,CRUDEOILM,2027-01-19,7780.0,7858.0,7696.0,7826.0,7762.0,18,40
2026-08-21,CRUDEOILM,2027-02-19,0.0,0.0,0.0,7558.0,7558.0,0,0
2026-08-24,CRUDEOIL,2026-09-21,8210.0,8255.0,8092.0,8135.0,8359.0,40342,11706
2026-08-24,CRUDEOIL,2026-10-19,8050.0,8099.0,7960.0,7991.0,8181.0,2147,1634
2026-08-24,CRUDEOIL,2026-11-19,7921.0,7950.0,7816.0,7853.0,8017.0,215,310
2026-08-24,CRUDEOIL,2026-12-18,7738.0,7738.0,7700.0,7735.0,7943.0,11,18
2026-08-24,CRUDEOIL,2027-01-19,0.0,0.0,0.0,7755.0,7755.0,0,0
2026-08-24,CRUDEOIL,2027-02-19,0.0,0.0,0.0,7594.0,7594.0,0,0
2026-08-24,CRUDEOILM,2026-09-21,8208.0,8255.0,8091.0,8139.0,8357.0,131903,35296
2026-08-24,CRUDEOILM,2026-10-19,8054.0,8099.0,7963.0,7996.0,8180.0,10717,6502
2026-08-24,CRUDEOILM,2026-11-19,7948.0,7949.0,7815.0,7854.0,8013.0,2555,2002
2026-08-24,CRUDEOILM,2026-12-18,7777.0,7837.0,7696.0,7741.0,7886.0,259,328
2026-08-24,CRUDEOILM,2027-01-19,7672.0,7693.0,7596.0,7655.0,7826.0,26,49
2026-08-24,CRUDEOILM,2027-02-19,7295.0,7879.0,7295.0,7558.0,7594.0,3,1
2026-08-25,CRUDEOIL,2026-09-21,8178.0,8195.0,7782.0,7837.0,8135.0,54592,11320
2026-08-25,CRUDEOIL,2026-10-19,8022.0,8048.0,7685.0,7721.0,7991.0,3073,1567
2026-08-25,CRUDEOIL,2026-11-19,7850.0,7923.0,7585.0,7606.0,7853.0,354,288
2026-08-25,CRUDEOIL,2026-12-18,7549.0,7560.0,7549.0,7555.0,7735.0,4,21
2026-08-25,CRUDEOIL,2027-01-19,0.0,0.0,0.0,7596.0,7596.0,0,0
2026-08-25,CRUDEOIL,2027-02-19,0.0,0.0,0.0,7448.0,7448.0,0,0
2026-08-25,CRUDEOILM,2026-09-21,8183.0,8195.0,7782.0,7839.0,8139.0,138095,32763
2026-08-25,CRUDEOILM,2026-10-19,8044.0,8050.0,7686.0,7723.0,7996.0,14507,7056
2026-08-25,CRUDEOILM,2026-11-19,7879.0,7900.0,7582.0,7611.0,7854.0,3889,2078
2026-08-25,CRUDEOILM,2026-12-18,7794.0,7794.0,7462.0,7525.0,7741.0,458,440
2026-08-25,CRUDEOILM,2027-01-19,7717.0,7717.0,7361.0,7417.0,7655.0,80,97
2026-08-25,CRUDEOILM,2027-02-19,7505.0,7720.0,7505.0,7611.0,7558.0,4,5
2026-08-26,CRUDEOIL,2026-09-21,7735.0,7962.0,7602.0,7897.0,7837.0,50903,9852
2026-08-26,CRUDEOIL,2026-10-19,7672.0,7859.0,7531.0,7794.0,7721.0,2936,1644
2026-08-26,CRUDEOIL,2026-11-19,7446.0,7730.0,7434.0,7696.0,7606.0,455,275
2026-08-26,CRUDEOIL,2026-12-18,7418.0,7548.0,7400.0,7466.0,7555.0,5,23
2026-08-26,CRUDEOIL,2027-01-19,0.0,0.0,0.0,7401.0,7401.0,0,0
2026-08-26,CRUDEOIL,2027-02-19,0.0,0.0,0.0,7279.0,7279.0,0,0
2026-08-26,CRUDEOILM,2026-09-21,7738.0,7963.0,7603.0,7897.0,7839.0,141943,26460
2026-08-26,CRUDEOILM,2026-10-19,7564.0,7860.0,7530.0,7795.0,7723.0,15171,7357
2026-08-26,CRUDEOILM,2026-11-19,7477.0,7732.0,7434.0,7689.0,7611.0,4422,2034
2026-08-26,CRUDEOILM,2026-12-18,7380.0,7608.0,7380.0,7574.0,7525.0,486,487
2026-08-26,CRUDEOILM,2027-01-19,7314.0,7500.0,7291.0,7456.0,7417.0,86,135
2026-08-26,CRUDEOILM,2027-02-19,7310.0,7510.0,7310.0,7390.0,7611.0,7,7
2026-08-27,CRUDEOIL,2026-09-21,7850.0,8037.0,7722.0,7964.0,7897.0,39855,10438
2026-08-27,CRUDEOIL,2026-10-19,7729.0,7902.0,7631.0,7853.0,7794.0,2618,1678
2026-08-27,CRUDEOIL,2026-11-19,7644.0,7750.0,7540.0,7720.0,7696.0,260,289
2026-08-27,CRUDEOIL,2026-12-18,7466.0,7600.0,7466.0,7527.0,7466.0,5,26
2026-08-27,CRUDEOIL,2027-01-19,0.0,0.0,0.0,7470.0,7470.0,0,0
2026-08-27,CRUDEOIL,2027-02-19,0.0,0.0,0.0,7340.0,7340.0,0,0
2026-08-27,CRUDEOILM,2026-09-21,7825.0,8039.0,7722.0,7968.0,7897.0,114798,28497
2026-08-27,CRUDEOILM,2026-10-19,7728.0,7899.0,7629.0,7839.0,7795.0,10719,7324
2026-08-27,CRUDEOILM,2026-11-19,7606.0,7750.0,7530.0,7704.0,7689.0,2697,2175
2026-08-27,CRUDEOILM,2026-12-18,7532.0,7599.0,7422.0,7574.0,7574.0,244,551
2026-08-27,CRUDEOILM,2027-01-19,7390.0,7500.0,7350.0,7446.0,7456.0,46,155
2026-08-27,CRUDEOILM,2027-02-19,7350.0,7350.0,7350.0,7350.0,7390.0,1,8
2026-08-28,CRUDEOIL,2026-09-21,7960.0,8012.0,7862.0,7984.0,7964.0,35340,10481
2026-08-28,CRUDEOIL,2026-10-19,7842.0,7870.0,7752.0,7847.0,7853.0,2067,1658
2026-08-28,CRUDEOIL,2026-11-19,7709.0,7730.0,7630.0,7718.0,7720.0,282,290
2026-08-28,CRUDEOIL,2026-12-18,7600.0,7600.0,7528.0,7555.0,7527.0,7,32
2026-08-28,CRUDEOIL,2027-01-19,0.0,0.0,0.0,7520.0,7520.0,0,0
2026-08-28,CRUDEOIL,2027-02-19,0.0,0.0,0.0,7370.0,7370.0,0,0
2026-08-28,CRUDEOILM,2026-09-21,7959.0,8012.0,7862.0,7983.0,7968.0,104235,28897
2026-08-28,CRUDEOILM,2026-10-19,7832.0,7867.0,7755.0,7851.0,7839.0,8219,7559
2026-08-28,CRUDEOILM,2026-11-19,7690.0,7735.0,7630.0,7714.0,7704.0,2563,2266
2026-08-28,CRUDEOILM,2026-12-18,7574.0,7604.0,7489.0,7559.0,7574.0,261,612
2026-08-28,CRUDEOILM,2027-01-19,7422.0,7491.0,7382.0,7425.0,7446.0,25,167
2026-08-28,CRUDEOILM,2027-02-19,0.0,0.0,0.0,7350.0,7350.0,0,8
2026-08-31,CRUDEOIL,2026-09-21,8122.0,8261.0,8052.0,8149.0,7984.0,51395,10008
2026-08-31,CRUDEOIL,2026-10-19,7981.0,8099.0,7923.0,8019.0,7847.0,3200,1927
2026-08-31,CRUDEOIL,2026-11-19,7811.0,7934.0,7811.0,7866.0,7718.0,490,377
2026-08-31,CRUDEOIL,2026-12-18,7682.0,7767.0,7651.0,7709.0,7555.0,38,48
2026-08-31,CRUDEOIL,2027-01-19,0.0,0.0,0.0,7475.0,7475.0,0,0
2026-08-31,CRUDEOIL,2027-02-19,0.0,0.0,0.0,7328.0,7328.0,0,0
2026-08-31,CRUDEOILM,2026-09-21,8030.0,8260.0,8030.0,8148.0,7983.0,131328,30965
2026-08-31,CRUDEOILM,2026-10-19,7898.0,8099.0,7898.0,8018.0,7851.0,16529,7984
2026-08-31,CRUDEOILM,2026-11-19,7815.0,7942.0,7795.0,7869.0,7714.0,5332,2474
2026-08-31,CRUDEOILM,2026-12-18,7676.0,7800.0,7633.0,7705.0,7559.0,533,726
2026-08-31,CRUDEOILM,2027-01-19,7518.0,7650.0,7488.0,7574.0,7425.0,65,172
2026-08-31,CRUDEOILM,2027-02-19,0.0,0.0,0.0,7328.0,7328.0,0,8
2026-09-01,CRUDEOIL,2026-09-21,8242.0,8558.0,8181.0,8536.0,8149.0,52669,14169
2026-09-01,CRUDEOIL,2026-10-19,8090.0,8348.0,8017.0,8335.0,8019.0,3954,2247
2026-09-01,CRUDEOIL,2026-11-19,7924.0,8193.0,7800.0,8131.0,7866.0,1035,511
2026-09-01,CRUDEOIL,2026-12-18,7779.0,7969.0,7750.0,7917.0,7709.0,57,68
2026-09-01,CRUDEOIL,2027-01-19,0.0,0.0,0.0,7635.0,7635.0,0,0
2026-09-01,CRUDEOIL,2027-02-19,0.0,0.0,0.0,7467.0,7467.0,0,0
2026-09-01,CRUDEOILM,2026-09-21,8199.0,8555.0,8180.0,8537.0,8148.0,155930,43277
2026-09-01,CRUDEOILM,2026-10-19,8100.0,8348.0,8021.0,8334.0,8018.0,19070,9989
2026-09-01,CRUDEOILM,2026-11-19,7940.0,8195.0,7779.0,8133.0,7869.0,9310,3283
2026-09-01,CRUDEOILM,2026-12-18,7740.0,7950.0,7656.0,7928.0,7705.0,1024,835
2026-09-01,CRUDEOILM,2027-01-19,7640.0,7780.0,7580.0,7722.0,7574.0,270,264
2026-09-01,CRUDEOILM,2027-02-19,7520.0,7714.0,7520.0,7662.0,7467.0,9,15
2026-09-02,CRUDEOIL,2026-09-21,8603.0,8635.0,8401.0,8601.0,8536.0,46534,14972
2026-09-02,CRUDEOIL,2026-10-19,8382.0,8405.0,8150.0,8364.0,8335.0,4241,2456
2026-09-02,CRUDEOIL,2026-11-19,8203.0,8203.0,8006.0,8123.0,8131.0,988,533
2026-09-02,CRUDEOIL,2026-12-18,7969.0,7970.0,7880.0,7912.0,7917.0,53,72
2026-09-02,CRUDEOIL,2027-01-19,0.0,0.0,0.0,7809.0,7809.0,0,0
2026-09-02,CRUDEOIL,2027-02-19,0.0,0.0,0.0,7604.0,7604.0,0,0
2026-09-02,CRUDEOILM,2026-09-21,8600.0,8634.0,8401.0,8597.0,8537.0,134434,45446
2026-09-02,CRUDEOILM,2026-10-19,8394.0,8412.0,8196.0,8362.0,8334.0,16660,10847
2026-09-02,CRUDEOILM,2026-11-19,8255.0,8255.0,8000.0,8120.0,8133.0,8715,3545
2026-09-02,CRUDEOILM,2026-12-18,7966.0,8006.0,7857.0,7933.0,7928.0,924,890
2026-09-02,CRUDEOILM,2027-01-19,7800.0,7873.0,7700.0,7787.0,7722.0,161,318
2026-09-02,CRUDEOILM,2027-02-19,7662.0,7662.0,7662.0,7662.0,7662.0,10,25
2026-09-03,CRUDEOIL,2026-09-21,8589.0,8791.0,8452.0,8643.0,8601.0,62831,17091
2026-09-03,CRUDEOIL,2026-10-19,8333.0,8478.0,8215.0,8355.0,8364.0,4701,2786
2026-09-03,CRUDEOIL,2026-11-19,8088.0,8164.0,7979.0,8094.0,8123.0,624,561
2026-09-03,CRUDEOIL,2026-12-18,7912.0,7960.0,7870.0,7916.0,7912.0,28,86
2026-09-03,CRUDEOIL,2027-01-19,0.0,0.0,0.0,7840.0,7840.0,0,0
2026-09-03,CRUDEOIL,2027-02-19,0.0,0.0,0.0,7611.0,7611.0,0,0
2026-09-03,CRUDEOILM,2026-09-21,8579.0,8788.0,8452.0,8641.0,8597.0,173833,49958
2026-09-03,CRUDEOILM,2026-10-19,8351.0,8476.0,8212.0,8354.0,8362.0,21408,11857
2026-09-03,CRUDEOILM,2026-11-19,8149.0,8168.0,7974.0,8094.0,8120.0,6251,3981
2026-09-03,CRUDEOILM,2026-12-18,7973.0,7973.0,7800.0,7920.0,7933.0,672,1039
2026-09-03,CRUDEOILM,2027-01-19,7799.0,7799.0,7631.0,7711.0,7787.0,75,343
2026-09-03,CRUDEOILM,2027-02-19,7517.0,7554.0,7495.0,7514.0,7662.0,12,30
2026-09-04,CRUDEOIL,2026-09-21,8669.0,8696.0,8374.0,8578.0,8643.0,52583,15378
2026-09-04,CRUDEOIL,2026-10-19,8370.0,8387.0,8125.0,8328.0,8355.0,4475,2782
2026-09-04,CRUDEOIL,2026-11-19,8089.0,8115.0,7924.0,8082.0,8094.0,487,566
2026-09-04,CRUDEOIL,2026-12-18,7895.0,7924.0,7783.0,7915.0,7916.0,25,84
2026-09-04,CRUDEOIL,2027-01-19,0.0,0.0,0.0,7753.0,7753.0,0,0
2026-09-04,CRUDEOIL,2027-02-19,0.0,0.0,0.0,7524.0,7524.0,0,0
2026-09-04,CRUDEOILM,2026-09-21,8666.0,8697.0,8374.0,8576.0,8641.0,148386,46614
2026-09-04,CRUDEOILM,2026-10-19,8378.0,8384.0,8126.0,8324.0,8354.0,15872,12042
2026-09-04,CRUDEOILM,2026-11-19,8110.0,8120.0,7914.0,8079.0,8094.0,3703,3892
2026-09-04,CRUDEOILM,2026-12-18,7933.0,7933.0,7762.0,7890.0,7920.0,441,1034
2026-09-04,CRUDEOILM,2027-01-19,7672.0,7739.0,7620.0,7717.0,7711.0,47,338
2026-09-04,CRUDEOILM,2027-02-19,0.0,0.0,0.0,7514.0,7514.0,0,30
2026-09-07,CRUDEOIL,2026-09-21,8688.0,8806.0,8579.0,8760.0,8578.0,40861,18028
2026-09-07,CRUDEOIL,2026-10-19,8425.0,8534.0,8341.0,8485.0,8328.0,3651,3247
2026-09-07,CRUDEOIL,2026-11-19,8161.0,8290.0,8121.0,8215.0,8082.0,618,606
2026-09-07,CRUDEOIL,2026-12-18,7986.0,8030.0,7941.0,8010.0,7915.0,28,78
2026-09-07,CRUDEOIL,2027-01-19,0.0,0.0,0.0,7792.0,7792.0,0,0
2026-09-07,CRUDEOIL,2027-02-19,0.0,0.0,0.0,7576.0,7576.0,0,0
2026-09-07,CRUDEOILM,2026-09-21,8647.0,8804.0,8580.0,8759.0,8576.0,116566,51768
2026-09-07,CRUDEOILM,2026-10-19,8399.0,8532.0,8344.0,8484.0,8324.0,17752,13902
2026-09-07,CRUDEOILM,2026-11-19,8167.0,8376.0,8121.0,8217.0,8079.0,7343,4651
2026-09-07,CRUDEOILM,2026-12-18,8005.0,8045.0,7933.0,8008.0,7890.0,783,1054
2026-09-07,CRUDEOILM,2027-01-19,7780.0,7891.0,7741.0,7822.0,7717.0,197,381
2026-09-07,CRUDEOILM,2027-02-19,7594.0,7799.0,7594.0,7746.0,7576.0,14,36
2026-09-08,CRUDEOIL,2026-09-21,8771.0,8959.0,8701.0,8734.0,8760.0,53393,16631
2026-09-08,CRUDEOIL,2026-10-19,8500.0,8666.0,8455.0,8484.0,8485.0,4517,3421
2026-09-08,CRUDEOIL,2026-11-19,8219.0,8380.0,8200.0,8239.0,8215.0,776,705
2026-09-08,CRUDEOIL,2026-12-18,8050.0,8134.0,8001.0,8037.0,8010.0,74,85
2026-09-08,CRUDEOIL,2027-01-19,0.0,0.0,0.0,7788.0,7788.0,0,0
2026-09-08,CRUDEOIL,2027-02-19,0.0,0.0,0.0,7573.0,7573.0,0,0
2026-09-08,CRUDEOILM,2026-09-21,8770.0,8958.0,8702.0,8734.0,8759.0,140754,49481
2026-09-08,CRUDEOILM,2026-10-19,8507.0,8665.0,8452.0,8484.0,8484.0,20689,14777
2026-09-08,CRUDEOILM,2026-11-19,8253.0,8381.0,8201.0,8239.0,8217.0,7225,4469
2026-09-08,CRUDEOILM,2026-12-18,8096.0,8158.0,8007.0,8038.0,8008.0,1397,1128
2026-09-08,CRUDEOILM,2027-01-19,7841.0,7949.0,7729.0,7840.0,7822.0,237,332
2026-09-08,CRUDEOILM,2027-02-19,7744.0,7847.0,7671.0,7713.0,7746.0,28,50
2026-09-09,CRUDEOIL,2026-09-21,8950.0,9194.0,8907.0,9099.0,8734.0,63878,19347
2026-09-09,CRUDEOIL,2026-10-19,8689.0,8875.0,8647.0,8810.0,8484.0,6545,4407
2026-09-09,CRUDEOIL,2026-11-19,8400.0,8560.0,8375.0,8509.0,8239.0,1077,760
2026-09-09,CRUDEOIL,2026-12-18,8138.0,8314.0,8138.0,8260.0,8037.0,118,123
2026-09-09,CRUDEOIL,2027-01-19,8031.0,8032.0,7927.0,7997.0,7935.0,3,3
2026-09-09,CRUDEOIL,2027-02-19,8026.0,8026.0,7325.0,7838.0,7718.0,4,2
2026-09-09,CRUDEOILM,2026-09-21,8800.0,9189.0,8799.0,9099.0,8734.0,162592,59323
2026-09-09,CRUDEOILM,2026-10-19,8610.0,8875.0,8610.0,8807.0,8484.0,26833,18984
2026-09-09,CRUDEOILM,2026-11-19,8342.0,8560.0,8342.0,8507.0,8239.0,8762,5051
2026-09-09,CRUDEOILM,2026-12-18,8152.0,8316.0,8115.0,8257.0,8038.0,1721,1274
2026-09-09,CRUDEOILM,2027-01-19,7920.0,8069.0,7835.0,8004.0,7840.0,377,312
2026-09-09,CRUDEOILM,2027-02-19,7756.0,7950.0,7743.0,7883.0,7713.0,126,122
2026-09-10,CRUDEOIL,2026-09-21,9131.0,9774.0,9064.0,9722.0,9099.0,94766,19973
2026-09-10,CRUDEOIL,2026-10-19,8835.0,9375.0,8766.0,9352.0,8810.0,10894,5596
2026-09-10,CRUDEOIL,2026-11-19,8538.0,8999.0,8466.0,8972.0,8509.0,1104,896
2026-09-10,CRUDEOIL,2026-12-18,8265.0,8700.0,8241.0,8670.0,8260.0,181,158
2026-09-10,CRUDEOIL,2027-01-19,0.0,0.0,0.0,7997.0,7997.0,0,3
2026-09-10,CRUDEOIL,2027-02-19,0.0,0.0,0.0,7838.0,7838.0,0,2
2026-09-10,CRUDEOIL,2027-03-19,0.0,0.0,0.0,7684.0,7684.0,0,0
2026-09-10,CRUDEOIL,2027-06-21,0.0,0.0,0.0,7307.0,7307.0,0,0
2026-09-10,CRUDEOIL,2027-09-20,0.0,0.0,0.0,7083.0,7083.0,0,0
2026-09-10,CRUDEOIL,2027-12-17,0.0,0.0,0.0,6951.0,6951.0,0,0
2026-09-10,CRUDEOILM,2026-09-21,9129.0,9780.0,9063.0,9720.0,9099.0,243036,60061
2026-09-10,CRUDEOILM,2026-10-19,8850.0,9376.0,8764.0,9351.0,8807.0,43929,21790
2026-09-10,CRUDEOILM,2026-11-19,8524.0,8997.0,8467.0,8973.0,8507.0,11521,5784
2026-09-10,CRUDEOILM,2026-12-18,8299.0,8708.0,8222.0,8669.0,8257.0,1919,1436
2026-09-10,CRUDEOILM,2027-01-19,8072.0,8397.0,7980.0,8362.0,8004.0,720,461
2026-09-10,CRUDEOILM,2027-02-19,7893.0,8228.0,7846.0,8183.0,7883.0,250,197
2026-09-10,CRUDEOILM,2027-03-19,0.0,0.0,0.0,7684.0,7684.0,0,0
2026-09-10,CRUDEOILM,2027-06-21,0.0,0.0,0.0,7307.0,7307.0,0,0
2026-09-10,CRUDEOILM,2027-09-20,0.0,0.0,0.0,7083.0,7083.0,0,0
2026-09-10,CRUDEOILM,2027-12-17,0.0,0.0,0.0,6951.0,6951.0,0,0
2026-09-11,CRUDEOIL,2026-09-21,9799.0,9897.0,9406.0,9527.0,9722.0,70691,17552
2026-09-11,CRUDEOIL,2026-10-19,9456.0,9483.0,9065.0,9152.0,9352.0,8860,5614
2026-09-11,CRUDEOIL,2026-11-19,9049.0,9073.0,8700.0,8776.0,8972.0,1465,996
2026-09-11,CRUDEOIL,2026-12-18,8699.0,8716.0,8372.0,8482.0,8670.0,223,196
2026-09-11,CRUDEOIL,2027-01-19,0.0,0.0,0.0,8553.0,8553.0,0,3
2026-09-11,CRUDEOIL,2027-02-19,0.0,0.0,0.0,8237.0,8237.0,0,2
2026-09-11,CRUDEOIL,2027-03-19,0.0,0.0,0.0,7966.0,7966.0,0,0
2026-09-11,CRUDEOIL,2027-06-21,0.0,0.0,0.0,7359.0,7359.0,0,0
2026-09-11,CRUDEOIL,2027-09-20,0.0,0.0,0.0,7019.0,7019.0,0,0
2026-09-11,CRUDEOIL,2027-12-17,0.0,0.0,0.0,6861.0,6861.0,0,0
2026-09-11,CRUDEOILM,2026-09-21,9746.0,9904.0,9406.0,9525.0,9720.0,212258,49882
2026-09-11,CRUDEOILM,2026-10-19,9387.0,9555.0,9066.0,9147.0,9351.0,40158,21972
2026-09-11,CRUDEOILM,2026-11-19,9012.0,9108.0,8705.0,8769.0,8973.0,10858,5947
2026-09-11,CRUDEOILM,2026-12-18,8686.0,8735.0,8356.0,8444.0,8669.0,1940,1617
2026-09-11,CRUDEOILM,2027-01-19,8362.0,8421.0,8087.0,8173.0,8362.0,257,474
2026-09-11,CRUDEOILM,2027-02-19,8182.0,8186.0,7912.0,7967.0,8183.0,52,220
2026-09-11,CRUDEOILM,2027-03-19,0.0,0.0,0.0,7966.0,7966.0,0,0
2026-09-11,CRUDEOILM,2027-06-21,0.0,0.0,0.0,7359.0,7359.0,0,0
2026-09-11,CRUDEOILM,2027-09-20,7078.0,7078.0,7078.0,7078.0,7019.0,1,1
2026-09-11,CRUDEOILM,2027-12-17,0.0,0.0,0.0,6861.0,6861.0,0,0
2026-09-14,CRUDEOIL,2026-09-21,9862.0,10043.0,9645.0,9717.0,9527.0,64170,15964
2026-09-14,CRUDEOIL,2026-10-19,9470.0,9587.0,9247.0,9316.0,9152.0,8332,6287
2026-09-14,CRUDEOIL,2026-11-19,9100.0,9105.0,8855.0,8910.0,8776.0,826,1075
2026-09-14,CRUDEOIL,2026-12-18,8665.0,8703.0,8500.0,8555.0,8482.0,79,210
2026-09-14,CRUDEOIL,2027-01-19,8353.0,8353.0,8353.0,8353.0,8367.0,1,4
2026-09-14,CRUDEOIL,2027-02-19,0.0,0.0,0.0,8070.0,8070.0,0,2
2026-09-14,CRUDEOIL,2027-03-19,0.0,0.0,0.0,7832.0,7832.0,0,0
2026-09-14,CRUDEOIL,2027-06-21,0.0,0.0,0.0,7306.0,7306.0,0,0
2026-09-14,CRUDEOIL,2027-09-20,0.0,0.0,0.0,7017.0,7017.0,0,0
2026-09-14,CRUDEOIL,2027-12-17,0.0,0.0,0.0,6867.0,6867.0,0,0
2026-09-14,CRUDEOILM,2026-09-21,9750.0,10041.0,9645.0,9715.0,9525.0,176811,50088
2026-09-14,CRUDEOILM,2026-10-19,9471.0,9582.0,9248.0,9316.0,9147.0,35470,24531
2026-09-14,CRUDEOILM,2026-11-19,9062.0,9111.0,8859.0,8910.0,8769.0,7500,6394
2026-09-14,CRUDEOILM,2026-12-18,8689.0,8755.0,8493.0,8560.0,8444.0,956,1694
2026-09-14,CRUDEOILM,2027-01-19,8350.0,8392.0,8191.0,8248.0,8173.0,188,506
2026-09-14,CRUDEOILM,2027-02-19,8150.0,8150.0,7982.0,8005.0,7967.0,76,234
2026-09-14,CRUDEOILM,2027-03-19,0.0,0.0,0.0,7832.0,7832.0,0,0
2026-09-14,CRUDEOILM,2027-06-21,0.0,0.0,0.0,7306.0,7306.0,0,0
2026-09-14,CRUDEOILM,2027-09-20,7083.0,7083.0,7083.0,7083.0,7078.0,1,0
2026-09-14,CRUDEOILM,2027-12-17,0.0,0.0,0.0,6867.0,6867.0,0,0
2026-09-15,CRUDEOIL,2026-09-21,9838.0,10238.0,9689.0,10209.0,9717.0,62053,17484
2026-09-15,CRUDEOIL,2026-10-19,9447.0,9769.0,9316.0,9739.0,9316.0,15386,8846
2026-09-15,CRUDEOIL,2026-11-19,9000.0,9310.0,8958.0,9280.0,8910.0,1984,1425
2026-09-15,CRUDEOIL,2026-12-18,8611.0,8917.0,8611.0,8893.0,8555.0,192,244
2026-09-15,CRUDEOIL,2027-01-19,0.0,0.0,0.0,8353.0,8353.0,0,4
2026-09-15,CRUDEOIL,2027-02-19,0.0,0.0,0.0,8090.0,8090.0,0,2
2026-09-15,CRUDEOIL,2027-03-19,0.0,0.0,0.0,7862.0,7862.0,0,0
2026-09-15,CRUDEOIL,2027-06-21,0.0,0.0,0.0,7346.0,7346.0,0,0
2026-09-15,CRUDEOIL,2027-09-20,0.0,0.0,0.0,7055.0,7055.0,0,0
2026-09-15,CRUDEOIL,2027-12-17,0.0,0.0,0.0,6900.0,6900.0,0,0
2026-09-15,CRUDEOILM,2026-09-21,9841.0,10235.0,9692.0,10208.0,9715.0,187643,53428
2026-09-15,CRUDEOILM,2026-10-19,9441.0,9760.0,9317.0,9735.0,9316.0,57599,31318
2026-09-15,CRUDEOILM,2026-11-19,9030.0,9312.0,8960.0,9280.0,8910.0,13949,7752
2026-09-15,CRUDEOILM,2026-12-18,8606.0,8935.0,8606.0,8884.0,8560.0,1683,1843
2026-09-15,CRUDEOILM,2027-01-19,8300.0,8575.0,8300.0,8526.0,8248.0,352,506
2026-09-15,CRUDEOILM,2027-02-19,8098.0,8249.0,8050.0,8236.0,8005.0,113,241
2026-09-15,CRUDEOILM,2027-03-19,8035.0,8035.0,8035.0,8035.0,7862.0,1,1
2026-09-15,CRUDEOILM,2027-06-21,0.0,0.0,0.0,7346.0,7346.0,0,0
2026-09-15,CRUDEOILM,2027-09-20,0.0,0.0,0.0,7083.0,7083.0,0,0
2026-09-15,CRUDEOILM,2027-12-17,0.0,0.0,0.0,6900.0,6900.0,0,0
2026-09-16,CRUDEOIL,2026-09-21,10018.0,10095.0,9702.0,9819.0,10209.0,50837,12715
2026-09-16,CRUDEOIL,2026-10-19,9552.0,9615.0,9200.0,9354.0,9739.0,16791,8698
2026-09-16,CRUDEOIL,2026-11-19,9179.0,9179.0,8850.0,8953.0,9280.0,1711,1336
2026-09-16,CRUDEOIL,2026-12-18,8850.0,8850.0,8550.0,8610.0,8893.0,178,239
2026-09-16,CRUDEOIL,2027-01-19,0.0,0.0,0.0,8786.0,8786.0,0,4
2026-09-16,CRUDEOIL,2027-02-19,0.0,0.0,0.0,8427.0,8427.0,0,2
2026-09-16,CRUDEOIL,2027-03-19,0.0,0.0,0.0,8143.0,8143.0,0,0
2026-09-16,CRUDEOIL,2027-06-21,0.0,0.0,0.0,7540.0,7540.0,0,0
2026-09-16,CRUDEOIL,2027-09-20,0.0,0.0,0.0,7178.0,7178.0,0,0
2026-09-16,CRUDEOIL,2027-12-17,0.0,0.0,0.0,6975.0,6975.0,0,0
2026-09-16,CRUDEOILM,2026-09-21,10016.0,10090.0,9700.0,9820.0,10208.0,157442,37546
2026-09-16,CRUDEOILM,2026-10-19,9632.0,9635.0,9205.0,9356.0,9735.0,60280,30232
2026-09-16,CRUDEOILM,2026-11-19,9200.0,9200.0,8860.0,8948.0,9280.0,11456,7587
2026-09-16,CRUDEOILM,2026-12-18,8764.0,8840.0,8538.0,8603.0,8884.0,1803,1887
2026-09-16,CRUDEOILM,2027-01-19,8452.0,8479.0,8261.0,8271.0,8526.0,319,540
2026-09-16,CRUDEOILM,2027-02-19,8200.0,8255.0,8035.0,8074.0,8236.0,92,242
2026-09-16,CRUDEOILM,2027-03-19,7999.0,7999.0,7999.0,7999.0,8035.0,1,2
2026-09-16,CRUDEOILM,2027-06-21,0.0,0.0,0.0,7540.0,7540.0,0,0
2026-09-16,CRUDEOILM,2027-09-20,0.0,0.0,0.0,7178.0,7178.0,0,0
2026-09-16,CRUDEOILM,2027-12-17,0.0,0.0,0.0,6975.0,6975.0,0,0
2026-09-17,CRUDEOIL,2026-09-21,9817.0,9838.0,9494.0,9758.0,9819.0,64762,15818
2026-09-17,CRUDEOIL,2026-10-19,9375.0,9392.0,9082.0,9332.0,9354.0,22828,10878
2026-09-17,CRUDEOIL,2026-11-19,8952.0,8995.0,8755.0,8944.0,8953.0,1630,1419
2026-09-17,CRUDEOIL,2026-12-18,8637.0,8645.0,8504.0,8621.0,8610.0,139,269
2026-09-17,CRUDEOIL,2027-01-19,8290.0,8290.0,8186.0,8239.0,8527.0,3,3
2026-09-17,CRUDEOIL,2027-02-19,0.0,0.0,0.0,8213.0,8213.0,0,2
2026-09-17,CRUDEOIL,2027-03-19,0.0,0.0,0.0,7982.0,7982.0,0,0
2026-09-17,CRUDEOIL,2027-06-21,0.0,0.0,0.0,7466.0,7466.0,0,0
2026-09-17,CRUDEOIL,2027-09-20,0.0,0.0,0.0,7153.0,7153.0,0,0
2026-09-17,CRUDEOIL,2027-12-17,0.0,0.0,0.0,6974.0,6974.0,0,0
2026-09-17,CRUDEOILM,2026-09-21,9815.0,9840.0,9495.0,9752.0,9820.0,139497,34384
2026-09-17,CRUDEOILM,2026-10-19,9356.0,9389.0,9084.0,9332.0,9356.0,69240,34518
2026-09-17,CRUDEOILM,2026-11-19,8969.0,8996.0,8760.0,8942.0,8948.0,9495,7962
2026-09-17,CRUDEOILM,2026-12-18,8500.0,8666.0,8471.0,8616.0,8603.0,1477,2134
2026-09-17,CRUDEOILM,2027-01-19,8182.0,8360.0,8181.0,8326.0,8271.0,218,580
2026-09-17,CRUDEOILM,2027-02-19,8149.0,8168.0,7954.0,8091.0,8074.0,64,269
2026-09-17,CRUDEOILM,2027-03-19,8013.0,8013.0,8013.0,8013.0,7999.0,1,2
2026-09-17,CRUDEOILM,2027-06-21,0.0,0.0,0.0,7466.0,7466.0,0,0
2026-09-17,CRUDEOILM,2027-09-20,0.0,0.0,0.0,7153.0,7153.0,0,0
2026-09-17,CRUDEOILM,2027-12-17,0.0,0.0,0.0,6974.0,6974.0,0,0
2026-09-18,CRUDEOIL,2026-09-21,9653.0,9940.0,9518.0,9659.0,9758.0,24739,10124
2026-09-18,CRUDEOIL,2026-10-19,9261.0,9424.0,9095.0,9223.0,9332.0,44885,14056
2026-09-18,CRUDEOIL,2026-11-19,8862.0,8999.0,8758.0,8857.0,8944.0,2004,1531
2026-09-18,CRUDEOIL,2026-12-18,8503.0,8660.0,8480.0,8588.0,8621.0,109,283
2026-09-18,CRUDEOIL,2027-01-19,8299.0,8299.0,8299.0,8299.0,8239.0,1,3
2026-09-18,CRUDEOIL,2027-02-19,8115.0,8150.0,8115.0,8133.0,8230.0,2,4
2026-09-18,CRUDEOIL,2027-03-19,0.0,0.0,0.0,7985.0,7985.0,0,0
2026-09-18,CRUDEOIL,2027-06-21,0.0,0.0,0.0,7473.0,7473.0,0,0
2026-09-18,CRUDEOIL,2027-09-20,0.0,0.0,0.0,7167.0,7167.0,0,0
2026-09-18,CRUDEOIL,2027-12-17,0.0,0.0,0.0,6980.0,6980.0,0,0
2026-09-18,CRUDEOILM,2026-09-21,9674.0,9932.0,9519.0,9664.0,9752.0,85164,27951
2026-09-18,CRUDEOILM,2026-10-19,9290.0,9420.0,9097.0,9223.0,9332.0,99984,35888
2026-09-18,CRUDEOILM,2026-11-19,8844.0,8993.0,8756.0,8854.0,8942.0,10952,8147
2026-09-18,CRUDEOILM,2026-12-18,8400.0,8663.0,8400.0,8586.0,8616.0,1308,2260
2026-09-18,CRUDEOILM,2027-01-19,8243.0,8360.0,8231.0,8339.0,8326.0,309,573
2026-09-18,CRUDEOILM,2027-02-19,8002.0,8400.0,7930.0,8146.0,8091.0,152,295
2026-09-18,CRUDEOILM,2027-03-19,0.0,0.0,0.0,8013.0,8013.0,0,2
2026-09-18,CRUDEOILM,2027-06-21,0.0,0.0,0.0,7473.0,7473.0,0,0
2026-09-18,CRUDEOILM,2027-09-20,0.0,0.0,0.0,7167.0,7167.0,0,0
2026-09-18,CRUDEOILM,2027-12-17,0.0,0.0,0.0,6980.0,6980.0,0,0
2026-09-21,CRUDEOIL,2026-09-21,9460.0,9500.0,9072.0,9158.0,9659.0,17983,6247
2026-09-21,CRUDEOIL,2026-10-19,9040.0,9098.0,8753.0,8836.0,9223.0,53122,12734
2026-09-21,CRUDEOIL,2026-11-19,8638.0,8765.0,8505.0,8570.0,8857.0,3828,1483
2026-09-21,CRUDEOIL,2026-12-18,8420.0,8539.0,8332.0,8378.0,8588.0,525,436
2026-09-21,CRUDEOIL,2027-01-19,8199.0,8199.0,8175.0,8187.0,8299.0,2,3
2026-09-21,CRUDEOIL,2027-02-19,0.0,0.0,0.0,8133.0,8133.0,0,4
2026-09-21,CRUDEOIL,2027-03-19,0.0,0.0,0.0,7982.0,7982.0,0,0
2026-09-21,CRUDEOIL,2027-06-21,0.0,0.0,0.0,7496.0,7496.0,0,0
2026-09-21,CRUDEOIL,2027-09-20,0.0,0.0,0.0,7188.0,7188.0,0,0
2026-09-21,CRUDEOIL,2027-12-17,0.0,0.0,0.0,7011.0,7011.0,0,0
2026-09-21,CRUDEOILM,2026-09-21,9412.0,9494.0,9055.0,9163.0,9664.0,59446,19266
2026-09-21,CRUDEOILM,2026-10-19,9050.0,9098.0,8754.0,8835.0,9223.0,144362,39405
2026-09-21,CRUDEOILM,2026-11-19,8700.0,8766.0,8510.0,8571.0,8854.0,15527,8247
2026-09-21,CRUDEOILM,2026-12-18,8450.0,8532.0,8322.0,8381.0,8586.0,3447,2776
2026-09-21,CRUDEOILM,2027-01-19,8250.0,8290.0,8124.0,8178.0,8339.0,538,718
2026-09-21,CRUDEOILM,2027-02-19,8011.0,8074.0,7950.0,8020.0,8146.0,114,280
2026-09-21,CRUDEOILM,2027-03-19,7964.0,8000.0,7964.0,7993.0,7982.0,5,7
2026-09-21,CRUDEOILM,2027-06-21,0.0,0.0,0.0,7496.0,7496.0,0,0
2026-09-21,CRUDEOILM,2027-09-20,0.0,0.0,0.0,7188.0,7188.0,0,0
2026-09-21,CRUDEOILM,2027-12-17,0.0,0.0,0.0,7011.0,7011.0,0,0
2026-09-22,CRUDEOIL,2026-10-19,8924.0,9008.0,8529.0,8643.0,8836.0,75297,12343
2026-09-22,CRUDEOIL,2026-11-19,8614.0,8715.0,8326.0,8424.0,8570.0,5490,1624
2026-09-22,CRUDEOIL,2026-12-18,8353.0,8482.0,8170.0,8240.0,8378.0,797,431
2026-09-22,CRUDEOIL,2027-01-19,8111.0,8200.0,8080.0,8139.0,8187.0,8,7
2026-09-22,CRUDEOIL,2027-02-19,0.0,0.0,0.0,8041.0,8041.0,0,4
2026-09-22,CRUDEOIL,2027-03-19,0.0,0.0,0.0,7863.0,7863.0,0,0
2026-09-22,CRUDEOIL,2027-06-21,0.0,0.0,0.0,7472.0,7472.0,0,0
2026-09-22,CRUDEOIL,2027-09-20,0.0,0.0,0.0,7211.0,7211.0,0,0
2026-09-22,CRUDEOIL,2027-12-17,0.0,0.0,0.0,7039.0,7039.0,0,0
2026-09-22,CRUDEOIL,2028-03-20,0.0,0.0,0.0,7032.0,7032.0,0,0
2026-09-22,CRUDEOILM,2026-10-19,8931.0,9007.0,8531.0,8647.0,8835.0,225613,36408
2026-09-22,CRUDEOILM,2026-11-19,8647.0,8715.0,8323.0,8410.0,8571.0,22942,8313
2026-09-22,CRUDEOILM,2026-12-18,8426.0,8489.0,8172.0,8225.0,8381.0,6599,3160
2026-09-22,CRUDEOILM,2027-01-19,8250.0,8250.0,7990.0,8072.0,8178.0,504,790
2026-09-22,CRUDEOILM,2027-02-19,8100.0,8100.0,7880.0,7932.0,8020.0,126,312
2026-09-22,CRUDEOILM,2027-03-19,7875.0,7979.0,7875.0,7935.0,7993.0,5,12
2026-09-22,CRUDEOILM,2027-06-21,0.0,0.0,0.0,7472.0,7472.0,0,0
2026-09-22,CRUDEOILM,2027-09-20,0.0,0.0,0.0,7211.0,7211.0,0,0
2026-09-22,CRUDEOILM,2027-12-17,0.0,0.0,0.0,7039.0,7039.0,0,0
2026-09-22,CRUDEOILM,2028-03-20,0.0,0.0,0.0,7032.0,7032.0,0,0
2026-09-23,CRUDEOIL,2026-10-19,8586.0,8914.0,8496.0,8825.0,8643.0,58777,12015
2026-09-23,CRUDEOIL,2026-11-19,8374.0,8673.0,8314.0,8594.0,8424.0,3879,2042
2026-09-23,CRUDEOIL,2026-12-18,8199.0,8473.0,8173.0,8409.0,8240.0,368,442
2026-09-23,CRUDEOIL,2027-01-19,8030.0,8217.0,8030.0,8124.0,8139.0,2,7
2026-09-23,CRUDEOIL,2027-02-19,0.0,0.0,0.0,7937.0,7937.0,0,4
2026-09-23,CRUDEOIL,2027-03-19,0.0,0.0,0.0,7780.0,7780.0,0,0
2026-09-23,CRUDEOIL,2027-06-21,0.0,0.0,0.0,7418.0,7418.0,0,0
2026-09-23,CRUDEOIL,2027-09-20,0.0,0.0,0.0,7163.0,7163.0,0,0
2026-09-23,CRUDEOIL,2027-12-17,0.0,0.0,0.0,6987.0,6987.0,0,0
2026-09-23,CRUDEOIL,2028-03-20,0.0,0.0,0.0,6895.0,6895.0,0,0
2026-09-23,CRUDEOILM,2026-10-19,8584.0,8912.0,8494.0,8825.0,8647.0,185238,40143
2026-09-23,CRUDEOILM,2026-11-19,8381.0,8677.0,8311.0,8595.0,8410.0,18126,9265
2026-09-23,CRUDEOILM,2026-12-18,8214.0,8480.0,8175.0,8411.0,8225.0,4830,3532
2026-09-23,CRUDEOILM,2027-01-19,8044.0,8287.0,8012.0,8244.0,8072.0,358,817
2026-09-23,CRUDEOILM,2027-02-19,7900.0,8150.0,7861.0,8095.0,7932.0,118,301
2026-09-23,CRUDEOILM,2027-03-19,0.0,0.0,0.0,7935.0,7935.0,0,12
2026-09-23,CRUDEOILM,2027-06-21,0.0,0.0,0.0,7418.0,7418.0,0,0
2026-09-23,CRUDEOILM,2027-09-20,0.0,0.0,0.0,7163.0,7163.0,0,0
2026-09-23,CRUDEOILM,2027-12-17,0.0,0.0,0.0,6987.0,6987.0,0,0
2026-09-23,CRUDEOILM,2028-03-20,0.0,0.0,0.0,6895.0,6895.0,0,0
2026-09-24,CRUDEOIL,2026-10-19,8769.0,9309.0,8760.0,9167.0,8825.0,76730,13865
2026-09-24,CRUDEOIL,2026-11-19,8555.0,8963.0,8525.0,8834.0,8594.0,5054,2193
2026-09-24,CRUDEOIL,2026-12-18,8373.0,8719.0,8356.0,8576.0,8409.0,540,452
2026-09-24,CRUDEOIL,2027-01-19,8305.0,8448.0,8265.0,8355.0,8124.0,5,8
2026-09-24,CRUDEOIL,2027-02-19,0.0,0.0,0.0,8108.0,8108.0,0,4
2026-09-24,CRUDEOIL,2027-03-19,0.0,0.0,0.0,7933.0,7933.0,0,0
2026-09-24,CRUDEOIL,2027-06-21,0.0,0.0,0.0,7517.0,7517.0,0,0
2026-09-24,CRUDEOIL,2027-09-20,0.0,0.0,0.0,7223.0,7223.0,0,0
2026-09-24,CRUDEOIL,2027-12-17,0.0,0.0,0.0,7022.0,7022.0,0,0
2026-09-24,CRUDEOIL,2028-03-20,0.0,0.0,0.0,6875.0,6875.0,0,0
2026-09-24,CRUDEOILM,2026-10-19,8767.0,9309.0,8748.0,9161.0,8825.0,222428,43486
2026-09-24,CRUDEOILM,2026-11-19,8547.0,8960.0,8525.0,8833.0,8595.0,28433,9071
2026-09-24,CRUDEOILM,2026-12-18,8374.0,8724.0,8340.0,8578.0,8411.0,7067,3723
2026-09-24,CRUDEOILM,2027-01-19,8180.0,8501.0,8174.0,8384.0,8244.0,663,792
2026-09-24,CRUDEOILM,2027-02-19,8031.0,8348.0,8031.0,8236.0,8095.0,164,308
2026-09-24,CRUDEOILM,2027-03-19,8123.0,8230.0,7950.0,8167.0,7933.0,28,24
2026-09-24,CRUDEOILM,2027-06-21,0.0,0.0,0.0,7517.0,7517.0,0,0
2026-09-24,CRUDEOILM,2027-09-20,0.0,0.0,0.0,7223.0,7223.0,0,0
2026-09-24,CRUDEOILM,2027-12-17,0.0,0.0,0.0,7022.0,7022.0,0,0
2026-09-24,CRUDEOILM,2028-03-20,0.0,0.0,0.0,6875.0,6875.0,0,0
2026-09-25,CRUDEOIL,2026-10-19,9001.0,9050.0,8782.0,8848.0,9167.0,62712,13029
2026-09-25,CRUDEOIL,2026-11-19,8611.0,8717.0,8457.0,8530.0,8834.0,4185,1985
2026-09-25,CRUDEOIL,2026-12-18,8367.0,8481.0,8233.0,8298.0,8576.0,543,500
2026-09-25,CRUDEOIL,2027-01-19,0.0,0.0,0.0,8355.0,8355.0,0,8
2026-09-25,CRUDEOIL,2027-02-19,0.0,0.0,0.0,8249.0,8249.0,0,4
2026-09-25,CRUDEOIL,2027-03-19,0.0,0.0,0.0,8061.0,8061.0,0,0
2026-09-25,CRUDEOIL,2027-06-21,0.0,0.0,0.0,7621.0,7621.0,0,0
2026-09-25,CRUDEOIL,2027-09-20,0.0,0.0,0.0,7307.0,7307.0,0,0
2026-09-25,CRUDEOIL,2027-12-17,0.0,0.0,0.0,7091.0,7091.0,0,0
2026-09-25,CRUDEOIL,2028-03-20,0.0,0.0,0.0,6960.0,6960.0,0,0
2026-09-25,CRUDEOILM,2026-10-19,9080.0,9080.0,8781.0,8847.0,9161.0,190105,39278
2026-09-25,CRUDEOILM,2026-11-19,8788.0,8788.0,8461.0,8525.0,8833.0,20736,9553
2026-09-25,CRUDEOILM,2026-12-18,8380.0,8476.0,8235.0,8291.0,8578.0,6378,3466
2026-09-25,CRUDEOILM,2027-01-19,8250.0,8281.0,8060.0,8114.0,8384.0,471,723
2026-09-25,CRUDEOILM,2027-02-19,8112.0,8122.0,7956.0,8009.0,8236.0,106,300
2026-09-25,CRUDEOILM,2027-03-19,8006.0,8006.0,7920.0,7949.0,8167.0,13,29
2026-09-25,CRUDEOILM,2027-06-21,0.0,0.0,0.0,7621.0,7621.0,0,0
2026-09-25,CRUDEOILM,2027-09-20,0.0,0.0,0.0,7307.0,7307.0,0,0
2026-09-25,CRUDEOILM,2027-12-17,0.0,0.0,0.0,7091.0,7091.0,0,0
2026-09-25,CRUDEOILM,2028-03-20,0.0,0.0,0.0,6960.0,6960.0,0,0
2026-09-28,CRUDEOIL,2026-10-19,8973.0,9292.0,8763.0,8911.0,8848.0,105358,14187
2026-09-28,CRUDEOIL,2026-11-19,8638.0,8910.0,8477.0,8583.0,8530.0,8916,2378
2026-09-28,CRUDEOIL,2026-12-18,8411.0,8629.0,8256.0,8389.0,8298.0,760,441
2026-09-28,CRUDEOIL,2027-01-19,0.0,0.0,0.0,8205.0,8205.0,0,8
2026-09-28,CRUDEOIL,2027-02-19,0.0,0.0,0.0,8018.0,8018.0,0,4
2026-09-28,CRUDEOIL,2027-03-19,0.0,0.0,0.0,7882.0,7882.0,0,0
2026-09-28,CRUDEOIL,2027-06-21,0.0,0.0,0.0,7544.0,7544.0,0,0
2026-09-28,CRUDEOIL,2027-09-20,0.0,0.0,0.0,7272.0,7272.0,0,0
2026-09-28,CRUDEOIL,2027-12-17,0.0,0.0,0.0,7083.0,7083.0,0,0
2026-09-28,CRUDEOIL,2028-03-20,0.0,0.0,0.0,6928.0,6928.0,0,0
2026-09-28,CRUDEOILM,2026-10-19,8949.0,9292.0,8781.0,8910.0,8847.0,268765,41040
2026-09-28,CRUDEOILM,2026-11-19,8643.0,8911.0,8479.0,8588.0,8525.0,27794,10126
2026-09-28,CRUDEOILM,2026-12-18,8418.0,8633.0,8246.0,8378.0,8291.0,8792,3248
2026-09-28,CRUDEOILM,2027-01-19,8177.0,8411.0,8101.0,8236.0,8114.0,566,627
2026-09-28,CRUDEOILM,2027-02-19,8100.0,8305.0,8051.0,8130.0,8009.0,193,333
2026-09-28,CRUDEOILM,2027-03-19,7950.0,8120.0,7870.0,7988.0,7949.0,8,31
2026-09-28,CRUDEOILM,2027-06-21,0.0,0.0,0.0,7544.0,7544.0,0,0
2026-09-28,CRUDEOILM,2027-09-20,0.0,0.0,0.0,7272.0,7272.0,0,0
2026-09-28,CRUDEOILM,2027-12-17,0.0,0.0,0.0,7083.0,7083.0,0,0
2026-09-28,CRUDEOILM,2028-03-20,0.0,0.0,0.0,6928.0,6928.0,0,0
2026-09-29,CRUDEOIL,2026-10-19,9040.0,9125.0,8660.0,8678.0,8911.0,71228,12945
2026-09-29,CRUDEOIL,2026-11-19,8720.0,8805.0,8422.0,8487.0,8583.0,5438,2039
2026-09-29,CRUDEOIL,2026-12-18,8520.0,8574.0,8270.0,8358.0,8389.0,452,505
2026-09-29,CRUDEOIL,2027-01-19,0.0,0.0,0.0,8303.0,8303.0,0,8
2026-09-29,CRUDEOIL,2027-02-19,0.0,0.0,0.0,8128.0,8128.0,0,4
2026-09-29,CRUDEOIL,2027-03-19,0.0,0.0,0.0,7990.0,7990.0,0,0
2026-09-29,CRUDEOIL,2027-06-21,0.0,0.0,0.0,7638.0,7638.0,0,0
2026-09-29,CRUDEOIL,2027-09-20,0.0,0.0,0.0,7367.0,7367.0,0,0
2026-09-29,CRUDEOIL,2027-12-17,0.0,0.0,0.0,7159.0,7159.0,0,0
2026-09-29,CRUDEOIL,2028-03-20,0.0,0.0,0.0,6969.0,6969.0,0,0
2026-09-29,CRUDEOILM,2026-10-19,8975.0,9123.0,8661.0,8682.0,8910.0,191970,39634
2026-09-29,CRUDEOILM,2026-11-19,8716.0,8808.0,8423.0,8487.0,8588.0,19095,10092
2026-09-29,CRUDEOILM,2026-12-18,8509.0,8570.0,8267.0,8361.0,8378.0,5872,3534
2026-09-29,CRUDEOILM,2027-01-19,8285.0,8399.0,8120.0,8254.0,8236.0,530,611
2026-09-29,CRUDEOILM,2027-02-19,8205.0,8282.0,8001.0,8156.0,8130.0,125,315
2026-09-29,CRUDEOILM,2027-03-19,8005.0,8005.0,7985.0,7990.0,7988.0,7,32
2026-09-29,CRUDEOILM,2027-06-21,0.0,0.0,0.0,7638.0,7638.0,0,0
2026-09-29,CRUDEOILM,2027-09-20,0.0,0.0,0.0,7367.0,7367.0,0,0
2026-09-29,CRUDEOILM,2027-12-17,0.0,0.0,0.0,7159.0,7159.0,0,0
2026-09-29,CRUDEOILM,2028-03-20,0.0,0.0,0.0,6969.0,6969.0,0,0
2026-09-30,CRUDEOIL,2026-10-19,8625.0,8830.0,8520.0,8734.0,8678.0,58326,11528
2026-09-30,CRUDEOIL,2026-11-19,8443.0,8663.0,8367.0,8570.0,8487.0,6701,3017
2026-09-30,CRUDEOIL,2026-12-18,8334.0,8524.0,8262.0,8440.0,8358.0,448,469
2026-09-30,CRUDEOIL,2027-01-19,8218.0,8244.0,8186.0,8224.0,8270.0,5,6
2026-09-30,CRUDEOIL,2027-02-19,0.0,0.0,0.0,8125.0,8125.0,0,4
2026-09-30,CRUDEOIL,2027-03-19,0.0,0.0,0.0,7999.0,7999.0,0,0
2026-09-30,CRUDEOIL,2027-06-21,0.0,0.0,0.0,7675.0,7675.0,0,0
2026-09-30,CRUDEOIL,2027-09-20,0.0,0.0,0.0,7420.0,7420.0,0,0
2026-09-30,CRUDEOIL,2027-12-17,0.0,0.0,0.0,7232.0,7232.0,0,0
2026-09-30,CRUDEOIL,2028-03-20,0.0,0.0,0.0,7084.0,7084.0,0,0
2026-09-30,CRUDEOILM,2026-10-19,8629.0,8830.0,8521.0,8735.0,8682.0,170900,34610
2026-09-30,CRUDEOILM,2026-11-19,8438.0,8678.0,8363.0,8569.0,8487.0,19365,9615
2026-09-30,CRUDEOILM,2026-12-18,8318.0,8528.0,8255.0,8443.0,8361.0,5198,3451
2026-09-30,CRUDEOILM,2027-01-19,8205.0,8395.0,8155.0,8336.0,8254.0,525,681
2026-09-30,CRUDEOILM,2027-02-19,8078.0,8276.0,8078.0,8257.0,8156.0,84,284
2026-09-30,CRUDEOILM,2027-03-19,8090.0,8130.0,8089.0,8119.0,7990.0,8,35
2026-09-30,CRUDEOILM,2027-06-21,0.0,0.0,0.0,7675.0,7675.0,0,0
2026-09-30,CRUDEOILM,2027-09-20,0.0,0.0,0.0,7420.0,7420.0,0,0
2026-09-30,CRUDEOILM,2027-12-17,0.0,0.0,0.0,7232.0,7232.0,0,0
2026-09-30,CRUDEOILM,2028-03-20,0.0,0.0,0.0,7084.0,7084.0,0,0
